[0.406s] [34mcolcon[0m [1;30mDEBUG[0m [32mCommand line arguments: ['/usr/bin/colcon', 'build'][0m
[0.406s] [34mcolcon[0m [1;30mDEBUG[0m [32mParsed command line arguments: Namespace(log_base=None, log_level=None, verb_name='build', build_base='build', install_base='install', merge_install=False, symlink_install=False, test_result_base=None, continue_on_error=False, executor='parallel', parallel_workers=8, event_handlers=None, ignore_user_meta=False, metas=['./colcon.meta'], base_paths=['.'], packages_ignore=None, packages_ignore_regex=None, paths=None, packages_up_to=None, packages_up_to_regex=None, packages_above=None, packages_above_and_dependencies=None, packages_above_depth=None, packages_select_by_dep=None, packages_skip_by_dep=None, packages_skip_up_to=None, packages_select_build_failed=False, packages_skip_build_finished=False, packages_select_test_failures=False, packages_skip_test_passed=False, packages_select=None, packages_skip=None, packages_select_regex=None, packages_skip_regex=None, packages_start=None, packages_end=None, allow_overriding=[], cmake_args=None, cmake_target=None, cmake_target_skip_unavailable=False, cmake_clean_cache=False, cmake_clean_first=False, cmake_force_configure=False, ament_cmake_args=None, catkin_cmake_args=None, catkin_skip_building_tests=False, verb_parser=<colcon_defaults.argument_parser.defaults.DefaultArgumentsDecorator object at 0x7f4d055a1300>, verb_extension=<colcon_core.verb.build.BuildVerb object at 0x7f4d055a0e20>, main=<bound method BuildVerb.main of <colcon_core.verb.build.BuildVerb object at 0x7f4d055a0e20>>)[0m
[0.657s] [34mcolcon.colcon_core.package_discovery[0m [1;30mLevel 1[0m discover_packages(colcon_meta) check parameters
[0.658s] [34mcolcon.colcon_core.package_discovery[0m [1;30mLevel 1[0m discover_packages(recursive) check parameters
[0.658s] [34mcolcon.colcon_core.package_discovery[0m [1;30mLevel 1[0m discover_packages(ignore) check parameters
[0.658s] [34mcolcon.colcon_core.package_discovery[0m [1;30mLevel 1[0m discover_packages(path) check parameters
[0.658s] [34mcolcon.colcon_core.package_discovery[0m [1;30mLevel 1[0m discover_packages(colcon_meta) discover
[0.659s] [34mcolcon.colcon_core.package_discovery[0m [1;30mLevel 1[0m discover_packages(recursive) discover
[0.659s] [34mcolcon.colcon_core.package_discovery[0m [1;30mINFO[0m Crawling recursively for packages in '/mnt/f/NITS/ANAV/main'
[0.660s] [34mcolcon.colcon_core.package_identification[0m [1;30mLevel 1[0m _identify(.) by extensions ['ignore', 'ignore_ament_install']
[0.660s] [34mcolcon.colcon_core.package_identification[0m [1;30mLevel 1[0m _identify(.) by extension 'ignore'
[0.661s] [34mcolcon.colcon_core.package_identification[0m [1;30mLevel 1[0m _identify(.) by extension 'ignore_ament_install'
[0.661s] [34mcolcon.colcon_core.package_identification[0m [1;30mLevel 1[0m _identify(.) by extensions ['colcon_pkg']
[0.661s] [34mcolcon.colcon_core.package_identification[0m [1;30mLevel 1[0m _identify(.) by extension 'colcon_pkg'
[0.662s] [34mcolcon.colcon_core.package_identification[0m [1;30mLevel 1[0m _identify(.) by extensions ['colcon_meta']
[0.662s] [34mcolcon.colcon_core.package_identification[0m [1;30mLevel 1[0m _identify(.) by extension 'colcon_meta'
[0.662s] [34mcolcon.colcon_core.package_identification[0m [1;30mLevel 1[0m _identify(.) by extensions ['ros']
[0.662s] [34mcolcon.colcon_core.package_identification[0m [1;30mLevel 1[0m _identify(.) by extension 'ros'
[0.677s] [34mcolcon.colcon_core.package_identification[0m [1;30mLevel 1[0m _identify(.) by extensions ['cmake', 'python']
[0.678s] [34mcolcon.colcon_core.package_identification[0m [1;30mLevel 1[0m _identify(.) by extension 'cmake'
[0.678s] [34mcolcon.colcon_core.package_identification[0m [1;30mLevel 1[0m _identify(.) by extension 'python'
[0.679s] [34mcolcon.colcon_core.package_identification[0m [1;30mLevel 1[0m _identify(.) by extensions ['python_setup_py']
[0.679s] [34mcolcon.colcon_core.package_identification[0m [1;30mLevel 1[0m _identify(.) by extension 'python_setup_py'
[0.682s] [34mcolcon.colcon_core.package_identification[0m [1;30mLevel 1[0m _identify(ML) by extensions ['ignore', 'ignore_ament_install']
[0.682s] [34mcolcon.colcon_core.package_identification[0m [1;30mLevel 1[0m _identify(ML) by extension 'ignore'
[0.683s] [34mcolcon.colcon_core.package_identification[0m [1;30mLevel 1[0m _identify(ML) by extension 'ignore_ament_install'
[0.684s] [34mcolcon.colcon_core.package_identification[0m [1;30mLevel 1[0m _identify(ML) by extensions ['colcon_pkg']
[0.684s] [34mcolcon.colcon_core.package_identification[0m [1;30mLevel 1[0m _identify(ML) by extension 'colcon_pkg'
[0.685s] [34mcolcon.colcon_core.package_identification[0m [1;30mLevel 1[0m _identify(ML) by extensions ['colcon_meta']
[0.685s] [34mcolcon.colcon_core.package_identification[0m [1;30mLevel 1[0m _identify(ML) by extension 'colcon_meta'
[0.686s] [34mcolcon.colcon_core.package_identification[0m [1;30mLevel 1[0m _identify(ML) by extensions ['ros']
[0.686s] [34mcolcon.colcon_core.package_identification[0m [1;30mLevel 1[0m _identify(ML) by extension 'ros'
[0.688s] [34mcolcon.colcon_core.package_identification[0m [1;30mLevel 1[0m _identify(ML) by extensions ['cmake', 'python']
[0.688s] [34mcolcon.colcon_core.package_identification[0m [1;30mLevel 1[0m _identify(ML) by extension 'cmake'
[0.689s] [34mcolcon.colcon_core.package_identification[0m [1;30mLevel 1[0m _identify(ML) by extension 'python'
[0.690s] [34mcolcon.colcon_core.package_identification[0m [1;30mLevel 1[0m _identify(ML) by extensions ['python_setup_py']
[0.690s] [34mcolcon.colcon_core.package_identification[0m [1;30mLevel 1[0m _identify(ML) by extension 'python_setup_py'
[0.693s] [34mcolcon.colcon_core.package_identification[0m [1;30mLevel 1[0m _identify(build) by extensions ['ignore', 'ignore_ament_install']
[0.693s] [34mcolcon.colcon_core.package_identification[0m [1;30mLevel 1[0m _identify(build) by extension 'ignore'
[0.694s] [34mcolcon.colcon_core.package_identification[0m [1;30mLevel 1[0m _identify(build) ignored
[0.696s] [34mcolcon.colcon_core.package_identification[0m [1;30mLevel 1[0m _identify(frontend) by extensions ['ignore', 'ignore_ament_install']
[0.696s] [34mcolcon.colcon_core.package_identification[0m [1;30mLevel 1[0m _identify(frontend) by extension 'ignore'
[0.697s] [34mcolcon.colcon_core.package_identification[0m [1;30mLevel 1[0m _identify(frontend) by extension 'ignore_ament_install'
[0.698s] [34mcolcon.colcon_core.package_identification[0m [1;30mLevel 1[0m _identify(frontend) by extensions ['colcon_pkg']
[0.698s] [34mcolcon.colcon_core.package_identification[0m [1;30mLevel 1[0m _identify(frontend) by extension 'colcon_pkg'
[0.699s] [34mcolcon.colcon_core.package_identification[0m [1;30mLevel 1[0m _identify(frontend) by extensions ['colcon_meta']
[0.699s] [34mcolcon.colcon_core.package_identification[0m [1;30mLevel 1[0m _identify(frontend) by extension 'colcon_meta'
[0.700s] [34mcolcon.colcon_core.package_identification[0m [1;30mLevel 1[0m _identify(frontend) by extensions ['ros']
[0.700s] [34mcolcon.colcon_core.package_identification[0m [1;30mLevel 1[0m _identify(frontend) by extension 'ros'
[0.702s] [34mcolcon.colcon_core.package_identification[0m [1;30mLevel 1[0m _identify(frontend) by extensions ['cmake', 'python']
[0.702s] [34mcolcon.colcon_core.package_identification[0m [1;30mLevel 1[0m _identify(frontend) by extension 'cmake'
[0.703s] [34mcolcon.colcon_core.package_identification[0m [1;30mLevel 1[0m _identify(frontend) by extension 'python'
[0.703s] [34mcolcon.colcon_core.package_identification[0m [1;30mLevel 1[0m _identify(frontend) by extensions ['python_setup_py']
[0.703s] [34mcolcon.colcon_core.package_identification[0m [1;30mLevel 1[0m _identify(frontend) by extension 'python_setup_py'
[0.708s] [34mcolcon.colcon_core.package_identification[0m [1;30mLevel 1[0m _identify(frontend/static) by extensions ['ignore', 'ignore_ament_install']
[0.708s] [34mcolcon.colcon_core.package_identification[0m [1;30mLevel 1[0m _identify(frontend/static) by extension 'ignore'
[0.709s] [34mcolcon.colcon_core.package_identification[0m [1;30mLevel 1[0m _identify(frontend/static) by extension 'ignore_ament_install'
[0.711s] [34mcolcon.colcon_core.package_identification[0m [1;30mLevel 1[0m _identify(frontend/static) by extensions ['colcon_pkg']
[0.712s] [34mcolcon.colcon_core.package_identification[0m [1;30mLevel 1[0m _identify(frontend/static) by extension 'colcon_pkg'
[0.712s] [34mcolcon.colcon_core.package_identification[0m [1;30mLevel 1[0m _identify(frontend/static) by extensions ['colcon_meta']
[0.713s] [34mcolcon.colcon_core.package_identification[0m [1;30mLevel 1[0m _identify(frontend/static) by extension 'colcon_meta'
[0.714s] [34mcolcon.colcon_core.package_identification[0m [1;30mLevel 1[0m _identify(frontend/static) by extensions ['ros']
[0.714s] [34mcolcon.colcon_core.package_identification[0m [1;30mLevel 1[0m _identify(frontend/static) by extension 'ros'
[0.718s] [34mcolcon.colcon_core.package_identification[0m [1;30mLevel 1[0m _identify(frontend/static) by extensions ['cmake', 'python']
[0.718s] [34mcolcon.colcon_core.package_identification[0m [1;30mLevel 1[0m _identify(frontend/static) by extension 'cmake'
[0.719s] [34mcolcon.colcon_core.package_identification[0m [1;30mLevel 1[0m _identify(frontend/static) by extension 'python'
[0.720s] [34mcolcon.colcon_core.package_identification[0m [1;30mLevel 1[0m _identify(frontend/static) by extensions ['python_setup_py']
[0.720s] [34mcolcon.colcon_core.package_identification[0m [1;30mLevel 1[0m _identify(frontend/static) by extension 'python_setup_py'
[0.724s] [34mcolcon.colcon_core.package_identification[0m [1;30mLevel 1[0m _identify(frontend/static/src) by extensions ['ignore', 'ignore_ament_install']
[0.725s] [34mcolcon.colcon_core.package_identification[0m [1;30mLevel 1[0m _identify(frontend/static/src) by extension 'ignore'
[0.726s] [34mcolcon.colcon_core.package_identification[0m [1;30mLevel 1[0m _identify(frontend/static/src) by extension 'ignore_ament_install'
[0.728s] [34mcolcon.colcon_core.package_identification[0m [1;30mLevel 1[0m _identify(frontend/static/src) by extensions ['colcon_pkg']
[0.728s] [34mcolcon.colcon_core.package_identification[0m [1;30mLevel 1[0m _identify(frontend/static/src) by extension 'colcon_pkg'
[0.729s] [34mcolcon.colcon_core.package_identification[0m [1;30mLevel 1[0m _identify(frontend/static/src) by extensions ['colcon_meta']
[0.729s] [34mcolcon.colcon_core.package_identification[0m [1;30mLevel 1[0m _identify(frontend/static/src) by extension 'colcon_meta'
[0.732s] [34mcolcon.colcon_core.package_identification[0m [1;30mLevel 1[0m _identify(frontend/static/src) by extensions ['ros']
[0.732s] [34mcolcon.colcon_core.package_identification[0m [1;30mLevel 1[0m _identify(frontend/static/src) by extension 'ros'
[0.737s] [34mcolcon.colcon_core.package_identification[0m [1;30mLevel 1[0m _identify(frontend/static/src) by extensions ['cmake', 'python']
[0.737s] [34mcolcon.colcon_core.package_identification[0m [1;30mLevel 1[0m _identify(frontend/static/src) by extension 'cmake'
[0.738s] [34mcolcon.colcon_core.package_identification[0m [1;30mLevel 1[0m _identify(frontend/static/src) by extension 'python'
[0.740s] [34mcolcon.colcon_core.package_identification[0m [1;30mLevel 1[0m _identify(frontend/static/src) by extensions ['python_setup_py']
[0.740s] [34mcolcon.colcon_core.package_identification[0m [1;30mLevel 1[0m _identify(frontend/static/src) by extension 'python_setup_py'
[0.742s] [34mcolcon.colcon_core.package_identification[0m [1;30mLevel 1[0m _identify(install) by extensions ['ignore', 'ignore_ament_install']
[0.743s] [34mcolcon.colcon_core.package_identification[0m [1;30mLevel 1[0m _identify(install) by extension 'ignore'
[0.743s] [34mcolcon.colcon_core.package_identification[0m [1;30mLevel 1[0m _identify(install) ignored
[0.746s] [34mcolcon.colcon_core.package_identification[0m [1;30mLevel 1[0m _identify(log) by extensions ['ignore', 'ignore_ament_install']
[0.747s] [34mcolcon.colcon_core.package_identification[0m [1;30mLevel 1[0m _identify(log) by extension 'ignore'
[0.747s] [34mcolcon.colcon_core.package_identification[0m [1;30mLevel 1[0m _identify(log) ignored
[0.749s] [34mcolcon.colcon_core.package_identification[0m [1;30mLevel 1[0m _identify(node_modules) by extensions ['ignore', 'ignore_ament_install']
[0.749s] [34mcolcon.colcon_core.package_identification[0m [1;30mLevel 1[0m _identify(node_modules) by extension 'ignore'
[0.750s] [34mcolcon.colcon_core.package_identification[0m [1;30mLevel 1[0m _identify(node_modules) by extension 'ignore_ament_install'
[0.751s] [34mcolcon.colcon_core.package_identification[0m [1;30mLevel 1[0m _identify(node_modules) by extensions ['colcon_pkg']
[0.751s] [34mcolcon.colcon_core.package_identification[0m [1;30mLevel 1[0m _identify(node_modules) by extension 'colcon_pkg'
[0.751s] [34mcolcon.colcon_core.package_identification[0m [1;30mLevel 1[0m _identify(node_modules) by extensions ['colcon_meta']
[0.752s] [34mcolcon.colcon_core.package_identification[0m [1;30mLevel 1[0m _identify(node_modules) by extension 'colcon_meta'
[0.752s] [34mcolcon.colcon_core.package_identification[0m [1;30mLevel 1[0m _identify(node_modules) by extensions ['ros']
[0.752s] [34mcolcon.colcon_core.package_identification[0m [1;30mLevel 1[0m _identify(node_modules) by extension 'ros'
[0.754s] [34mcolcon.colcon_core.package_identification[0m [1;30mLevel 1[0m _identify(node_modules) by extensions ['cmake', 'python']
[0.755s] [34mcolcon.colcon_core.package_identification[0m [1;30mLevel 1[0m _identify(node_modules) by extension 'cmake'
[0.755s] [34mcolcon.colcon_core.package_identification[0m [1;30mLevel 1[0m _identify(node_modules) by extension 'python'
[0.756s] [34mcolcon.colcon_core.package_identification[0m [1;30mLevel 1[0m _identify(node_modules) by extensions ['python_setup_py']
[0.756s] [34mcolcon.colcon_core.package_identification[0m [1;30mLevel 1[0m _identify(node_modules) by extension 'python_setup_py'
[0.759s] [34mcolcon.colcon_core.package_identification[0m [1;30mLevel 1[0m _identify(node_modules/@parcel) by extensions ['ignore', 'ignore_ament_install']
[0.759s] [34mcolcon.colcon_core.package_identification[0m [1;30mLevel 1[0m _identify(node_modules/@parcel) by extension 'ignore'
[0.760s] [34mcolcon.colcon_core.package_identification[0m [1;30mLevel 1[0m _identify(node_modules/@parcel) by extension 'ignore_ament_install'
[0.762s] [34mcolcon.colcon_core.package_identification[0m [1;30mLevel 1[0m _identify(node_modules/@parcel) by extensions ['colcon_pkg']
[0.762s] [34mcolcon.colcon_core.package_identification[0m [1;30mLevel 1[0m _identify(node_modules/@parcel) by extension 'colcon_pkg'
[0.763s] [34mcolcon.colcon_core.package_identification[0m [1;30mLevel 1[0m _identify(node_modules/@parcel) by extensions ['colcon_meta']
[0.763s] [34mcolcon.colcon_core.package_identification[0m [1;30mLevel 1[0m _identify(node_modules/@parcel) by extension 'colcon_meta'
[0.764s] [34mcolcon.colcon_core.package_identification[0m [1;30mLevel 1[0m _identify(node_modules/@parcel) by extensions ['ros']
[0.765s] [34mcolcon.colcon_core.package_identification[0m [1;30mLevel 1[0m _identify(node_modules/@parcel) by extension 'ros'
[0.768s] [34mcolcon.colcon_core.package_identification[0m [1;30mLevel 1[0m _identify(node_modules/@parcel) by extensions ['cmake', 'python']
[0.768s] [34mcolcon.colcon_core.package_identification[0m [1;30mLevel 1[0m _identify(node_modules/@parcel) by extension 'cmake'
[0.769s] [34mcolcon.colcon_core.package_identification[0m [1;30mLevel 1[0m _identify(node_modules/@parcel) by extension 'python'
[0.770s] [34mcolcon.colcon_core.package_identification[0m [1;30mLevel 1[0m _identify(node_modules/@parcel) by extensions ['python_setup_py']
[0.770s] [34mcolcon.colcon_core.package_identification[0m [1;30mLevel 1[0m _identify(node_modules/@parcel) by extension 'python_setup_py'
[0.775s] [34mcolcon.colcon_core.package_identification[0m [1;30mLevel 1[0m _identify(node_modules/@parcel/watcher) by extensions ['ignore', 'ignore_ament_install']
[0.775s] [34mcolcon.colcon_core.package_identification[0m [1;30mLevel 1[0m _identify(node_modules/@parcel/watcher) by extension 'ignore'
[0.776s] [34mcolcon.colcon_core.package_identification[0m [1;30mLevel 1[0m _identify(node_modules/@parcel/watcher) by extension 'ignore_ament_install'
[0.779s] [34mcolcon.colcon_core.package_identification[0m [1;30mLevel 1[0m _identify(node_modules/@parcel/watcher) by extensions ['colcon_pkg']
[0.779s] [34mcolcon.colcon_core.package_identification[0m [1;30mLevel 1[0m _identify(node_modules/@parcel/watcher) by extension 'colcon_pkg'
[0.780s] [34mcolcon.colcon_core.package_identification[0m [1;30mLevel 1[0m _identify(node_modules/@parcel/watcher) by extensions ['colcon_meta']
[0.780s] [34mcolcon.colcon_core.package_identification[0m [1;30mLevel 1[0m _identify(node_modules/@parcel/watcher) by extension 'colcon_meta'
[0.782s] [34mcolcon.colcon_core.package_identification[0m [1;30mLevel 1[0m _identify(node_modules/@parcel/watcher) by extensions ['ros']
[0.783s] [34mcolcon.colcon_core.package_identification[0m [1;30mLevel 1[0m _identify(node_modules/@parcel/watcher) by extension 'ros'
[0.788s] [34mcolcon.colcon_core.package_identification[0m [1;30mLevel 1[0m _identify(node_modules/@parcel/watcher) by extensions ['cmake', 'python']
[0.788s] [34mcolcon.colcon_core.package_identification[0m [1;30mLevel 1[0m _identify(node_modules/@parcel/watcher) by extension 'cmake'
[0.789s] [34mcolcon.colcon_core.package_identification[0m [1;30mLevel 1[0m _identify(node_modules/@parcel/watcher) by extension 'python'
[0.790s] [34mcolcon.colcon_core.package_identification[0m [1;30mLevel 1[0m _identify(node_modules/@parcel/watcher) by extensions ['python_setup_py']
[0.790s] [34mcolcon.colcon_core.package_identification[0m [1;30mLevel 1[0m _identify(node_modules/@parcel/watcher) by extension 'python_setup_py'
[0.797s] [34mcolcon.colcon_core.package_identification[0m [1;30mLevel 1[0m _identify(node_modules/@parcel/watcher/scripts) by extensions ['ignore', 'ignore_ament_install']
[0.797s] [34mcolcon.colcon_core.package_identification[0m [1;30mLevel 1[0m _identify(node_modules/@parcel/watcher/scripts) by extension 'ignore'
[0.799s] [34mcolcon.colcon_core.package_identification[0m [1;30mLevel 1[0m _identify(node_modules/@parcel/watcher/scripts) by extension 'ignore_ament_install'
[0.801s] [34mcolcon.colcon_core.package_identification[0m [1;30mLevel 1[0m _identify(node_modules/@parcel/watcher/scripts) by extensions ['colcon_pkg']
[0.802s] [34mcolcon.colcon_core.package_identification[0m [1;30mLevel 1[0m _identify(node_modules/@parcel/watcher/scripts) by extension 'colcon_pkg'
[0.803s] [34mcolcon.colcon_core.package_identification[0m [1;30mLevel 1[0m _identify(node_modules/@parcel/watcher/scripts) by extensions ['colcon_meta']
[0.803s] [34mcolcon.colcon_core.package_identification[0m [1;30mLevel 1[0m _identify(node_modules/@parcel/watcher/scripts) by extension 'colcon_meta'
[0.807s] [34mcolcon.colcon_core.package_identification[0m [1;30mLevel 1[0m _identify(node_modules/@parcel/watcher/scripts) by extensions ['ros']
[0.807s] [34mcolcon.colcon_core.package_identification[0m [1;30mLevel 1[0m _identify(node_modules/@parcel/watcher/scripts) by extension 'ros'
[0.813s] [34mcolcon.colcon_core.package_identification[0m [1;30mLevel 1[0m _identify(node_modules/@parcel/watcher/scripts) by extensions ['cmake', 'python']
[0.814s] [34mcolcon.colcon_core.package_identification[0m [1;30mLevel 1[0m _identify(node_modules/@parcel/watcher/scripts) by extension 'cmake'
[0.815s] [34mcolcon.colcon_core.package_identification[0m [1;30mLevel 1[0m _identify(node_modules/@parcel/watcher/scripts) by extension 'python'
[0.861s] [34mcolcon.colcon_core.package_identification[0m [1;30mLevel 1[0m _identify(node_modules/@parcel/watcher/scripts) by extensions ['python_setup_py']
[0.862s] [34mcolcon.colcon_core.package_identification[0m [1;30mLevel 1[0m _identify(node_modules/@parcel/watcher/scripts) by extension 'python_setup_py'
[0.904s] [34mcolcon.colcon_core.package_identification[0m [1;30mLevel 1[0m _identify(node_modules/@parcel/watcher/src) by extensions ['ignore', 'ignore_ament_install']
[0.904s] [34mcolcon.colcon_core.package_identification[0m [1;30mLevel 1[0m _identify(node_modules/@parcel/watcher/src) by extension 'ignore'
[0.907s] [34mcolcon.colcon_core.package_identification[0m [1;30mLevel 1[0m _identify(node_modules/@parcel/watcher/src) by extension 'ignore_ament_install'
[0.910s] [34mcolcon.colcon_core.package_identification[0m [1;30mLevel 1[0m _identify(node_modules/@parcel/watcher/src) by extensions ['colcon_pkg']
[0.910s] [34mcolcon.colcon_core.package_identification[0m [1;30mLevel 1[0m _identify(node_modules/@parcel/watcher/src) by extension 'colcon_pkg'
[0.912s] [34mcolcon.colcon_core.package_identification[0m [1;30mLevel 1[0m _identify(node_modules/@parcel/watcher/src) by extensions ['colcon_meta']
[0.912s] [34mcolcon.colcon_core.package_identification[0m [1;30mLevel 1[0m _identify(node_modules/@parcel/watcher/src) by extension 'colcon_meta'
[0.916s] [34mcolcon.colcon_core.package_identification[0m [1;30mLevel 1[0m _identify(node_modules/@parcel/watcher/src) by extensions ['ros']
[0.916s] [34mcolcon.colcon_core.package_identification[0m [1;30mLevel 1[0m _identify(node_modules/@parcel/watcher/src) by extension 'ros'
[0.923s] [34mcolcon.colcon_core.package_identification[0m [1;30mLevel 1[0m _identify(node_modules/@parcel/watcher/src) by extensions ['cmake', 'python']
[0.924s] [34mcolcon.colcon_core.package_identification[0m [1;30mLevel 1[0m _identify(node_modules/@parcel/watcher/src) by extension 'cmake'
[0.925s] [34mcolcon.colcon_core.package_identification[0m [1;30mLevel 1[0m _identify(node_modules/@parcel/watcher/src) by extension 'python'
[0.927s] [34mcolcon.colcon_core.package_identification[0m [1;30mLevel 1[0m _identify(node_modules/@parcel/watcher/src) by extensions ['python_setup_py']
[0.927s] [34mcolcon.colcon_core.package_identification[0m [1;30mLevel 1[0m _identify(node_modules/@parcel/watcher/src) by extension 'python_setup_py'
[0.937s] [34mcolcon.colcon_core.package_identification[0m [1;30mLevel 1[0m _identify(node_modules/@parcel/watcher/src/kqueue) by extensions ['ignore', 'ignore_ament_install']
[0.937s] [34mcolcon.colcon_core.package_identification[0m [1;30mLevel 1[0m _identify(node_modules/@parcel/watcher/src/kqueue) by extension 'ignore'
[0.939s] [34mcolcon.colcon_core.package_identification[0m [1;30mLevel 1[0m _identify(node_modules/@parcel/watcher/src/kqueue) by extension 'ignore_ament_install'
[0.943s] [34mcolcon.colcon_core.package_identification[0m [1;30mLevel 1[0m _identify(node_modules/@parcel/watcher/src/kqueue) by extensions ['colcon_pkg']
[0.943s] [34mcolcon.colcon_core.package_identification[0m [1;30mLevel 1[0m _identify(node_modules/@parcel/watcher/src/kqueue) by extension 'colcon_pkg'
[0.945s] [34mcolcon.colcon_core.package_identification[0m [1;30mLevel 1[0m _identify(node_modules/@parcel/watcher/src/kqueue) by extensions ['colcon_meta']
[0.945s] [34mcolcon.colcon_core.package_identification[0m [1;30mLevel 1[0m _identify(node_modules/@parcel/watcher/src/kqueue) by extension 'colcon_meta'
[0.952s] [34mcolcon.colcon_core.package_identification[0m [1;30mLevel 1[0m _identify(node_modules/@parcel/watcher/src/kqueue) by extensions ['ros']
[0.952s] [34mcolcon.colcon_core.package_identification[0m [1;30mLevel 1[0m _identify(node_modules/@parcel/watcher/src/kqueue) by extension 'ros'
[1.003s] [34mcolcon.colcon_core.package_identification[0m [1;30mLevel 1[0m _identify(node_modules/@parcel/watcher/src/kqueue) by extensions ['cmake', 'python']
[1.004s] [34mcolcon.colcon_core.package_identification[0m [1;30mLevel 1[0m _identify(node_modules/@parcel/watcher/src/kqueue) by extension 'cmake'
[1.008s] [34mcolcon.colcon_core.package_identification[0m [1;30mLevel 1[0m _identify(node_modules/@parcel/watcher/src/kqueue) by extension 'python'
[1.010s] [34mcolcon.colcon_core.package_identification[0m [1;30mLevel 1[0m _identify(node_modules/@parcel/watcher/src/kqueue) by extensions ['python_setup_py']
[1.011s] [34mcolcon.colcon_core.package_identification[0m [1;30mLevel 1[0m _identify(node_modules/@parcel/watcher/src/kqueue) by extension 'python_setup_py'
[1.037s] [34mcolcon.colcon_core.package_identification[0m [1;30mLevel 1[0m _identify(node_modules/@parcel/watcher/src/linux) by extensions ['ignore', 'ignore_ament_install']
[1.037s] [34mcolcon.colcon_core.package_identification[0m [1;30mLevel 1[0m _identify(node_modules/@parcel/watcher/src/linux) by extension 'ignore'
[1.043s] [34mcolcon.colcon_core.package_identification[0m [1;30mLevel 1[0m _identify(node_modules/@parcel/watcher/src/linux) by extension 'ignore_ament_install'
[1.048s] [34mcolcon.colcon_core.package_identification[0m [1;30mLevel 1[0m _identify(node_modules/@parcel/watcher/src/linux) by extensions ['colcon_pkg']
[1.049s] [34mcolcon.colcon_core.package_identification[0m [1;30mLevel 1[0m _identify(node_modules/@parcel/watcher/src/linux) by extension 'colcon_pkg'
[1.051s] [34mcolcon.colcon_core.package_identification[0m [1;30mLevel 1[0m _identify(node_modules/@parcel/watcher/src/linux) by extensions ['colcon_meta']
[1.052s] [34mcolcon.colcon_core.package_identification[0m [1;30mLevel 1[0m _identify(node_modules/@parcel/watcher/src/linux) by extension 'colcon_meta'
[1.056s] [34mcolcon.colcon_core.package_identification[0m [1;30mLevel 1[0m _identify(node_modules/@parcel/watcher/src/linux) by extensions ['ros']
[1.056s] [34mcolcon.colcon_core.package_identification[0m [1;30mLevel 1[0m _identify(node_modules/@parcel/watcher/src/linux) by extension 'ros'
[1.062s] [34mcolcon.colcon_core.package_identification[0m [1;30mLevel 1[0m _identify(node_modules/@parcel/watcher/src/linux) by extensions ['cmake', 'python']
[1.062s] [34mcolcon.colcon_core.package_identification[0m [1;30mLevel 1[0m _identify(node_modules/@parcel/watcher/src/linux) by extension 'cmake'
[1.064s] [34mcolcon.colcon_core.package_identification[0m [1;30mLevel 1[0m _identify(node_modules/@parcel/watcher/src/linux) by extension 'python'
[1.066s] [34mcolcon.colcon_core.package_identification[0m [1;30mLevel 1[0m _identify(node_modules/@parcel/watcher/src/linux) by extensions ['python_setup_py']
[1.066s] [34mcolcon.colcon_core.package_identification[0m [1;30mLevel 1[0m _identify(node_modules/@parcel/watcher/src/linux) by extension 'python_setup_py'
[1.074s] [34mcolcon.colcon_core.package_identification[0m [1;30mLevel 1[0m _identify(node_modules/@parcel/watcher/src/macos) by extensions ['ignore', 'ignore_ament_install']
[1.074s] [34mcolcon.colcon_core.package_identification[0m [1;30mLevel 1[0m _identify(node_modules/@parcel/watcher/src/macos) by extension 'ignore'
[1.076s] [34mcolcon.colcon_core.package_identification[0m [1;30mLevel 1[0m _identify(node_modules/@parcel/watcher/src/macos) by extension 'ignore_ament_install'
[1.078s] [34mcolcon.colcon_core.package_identification[0m [1;30mLevel 1[0m _identify(node_modules/@parcel/watcher/src/macos) by extensions ['colcon_pkg']
[1.078s] [34mcolcon.colcon_core.package_identification[0m [1;30mLevel 1[0m _identify(node_modules/@parcel/watcher/src/macos) by extension 'colcon_pkg'
[1.080s] [34mcolcon.colcon_core.package_identification[0m [1;30mLevel 1[0m _identify(node_modules/@parcel/watcher/src/macos) by extensions ['colcon_meta']
[1.081s] [34mcolcon.colcon_core.package_identification[0m [1;30mLevel 1[0m _identify(node_modules/@parcel/watcher/src/macos) by extension 'colcon_meta'
[1.085s] [34mcolcon.colcon_core.package_identification[0m [1;30mLevel 1[0m _identify(node_modules/@parcel/watcher/src/macos) by extensions ['ros']
[1.085s] [34mcolcon.colcon_core.package_identification[0m [1;30mLevel 1[0m _identify(node_modules/@parcel/watcher/src/macos) by extension 'ros'
[1.091s] [34mcolcon.colcon_core.package_identification[0m [1;30mLevel 1[0m _identify(node_modules/@parcel/watcher/src/macos) by extensions ['cmake', 'python']
[1.092s] [34mcolcon.colcon_core.package_identification[0m [1;30mLevel 1[0m _identify(node_modules/@parcel/watcher/src/macos) by extension 'cmake'
[1.093s] [34mcolcon.colcon_core.package_identification[0m [1;30mLevel 1[0m _identify(node_modules/@parcel/watcher/src/macos) by extension 'python'
[1.094s] [34mcolcon.colcon_core.package_identification[0m [1;30mLevel 1[0m _identify(node_modules/@parcel/watcher/src/macos) by extensions ['python_setup_py']
[1.094s] [34mcolcon.colcon_core.package_identification[0m [1;30mLevel 1[0m _identify(node_modules/@parcel/watcher/src/macos) by extension 'python_setup_py'
[1.103s] [34mcolcon.colcon_core.package_identification[0m [1;30mLevel 1[0m _identify(node_modules/@parcel/watcher/src/shared) by extensions ['ignore', 'ignore_ament_install']
[1.103s] [34mcolcon.colcon_core.package_identification[0m [1;30mLevel 1[0m _identify(node_modules/@parcel/watcher/src/shared) by extension 'ignore'
[1.104s] [34mcolcon.colcon_core.package_identification[0m [1;30mLevel 1[0m _identify(node_modules/@parcel/watcher/src/shared) by extension 'ignore_ament_install'
[1.108s] [34mcolcon.colcon_core.package_identification[0m [1;30mLevel 1[0m _identify(node_modules/@parcel/watcher/src/shared) by extensions ['colcon_pkg']
[1.108s] [34mcolcon.colcon_core.package_identification[0m [1;30mLevel 1[0m _identify(node_modules/@parcel/watcher/src/shared) by extension 'colcon_pkg'
[1.110s] [34mcolcon.colcon_core.package_identification[0m [1;30mLevel 1[0m _identify(node_modules/@parcel/watcher/src/shared) by extensions ['colcon_meta']
[1.110s] [34mcolcon.colcon_core.package_identification[0m [1;30mLevel 1[0m _identify(node_modules/@parcel/watcher/src/shared) by extension 'colcon_meta'
[1.116s] [34mcolcon.colcon_core.package_identification[0m [1;30mLevel 1[0m _identify(node_modules/@parcel/watcher/src/shared) by extensions ['ros']
[1.116s] [34mcolcon.colcon_core.package_identification[0m [1;30mLevel 1[0m _identify(node_modules/@parcel/watcher/src/shared) by extension 'ros'
[1.122s] [34mcolcon.colcon_core.package_identification[0m [1;30mLevel 1[0m _identify(node_modules/@parcel/watcher/src/shared) by extensions ['cmake', 'python']
[1.122s] [34mcolcon.colcon_core.package_identification[0m [1;30mLevel 1[0m _identify(node_modules/@parcel/watcher/src/shared) by extension 'cmake'
[1.123s] [34mcolcon.colcon_core.package_identification[0m [1;30mLevel 1[0m _identify(node_modules/@parcel/watcher/src/shared) by extension 'python'
[1.125s] [34mcolcon.colcon_core.package_identification[0m [1;30mLevel 1[0m _identify(node_modules/@parcel/watcher/src/shared) by extensions ['python_setup_py']
[1.125s] [34mcolcon.colcon_core.package_identification[0m [1;30mLevel 1[0m _identify(node_modules/@parcel/watcher/src/shared) by extension 'python_setup_py'
[1.132s] [34mcolcon.colcon_core.package_identification[0m [1;30mLevel 1[0m _identify(node_modules/@parcel/watcher/src/unix) by extensions ['ignore', 'ignore_ament_install']
[1.133s] [34mcolcon.colcon_core.package_identification[0m [1;30mLevel 1[0m _identify(node_modules/@parcel/watcher/src/unix) by extension 'ignore'
[1.134s] [34mcolcon.colcon_core.package_identification[0m [1;30mLevel 1[0m _identify(node_modules/@parcel/watcher/src/unix) by extension 'ignore_ament_install'
[1.137s] [34mcolcon.colcon_core.package_identification[0m [1;30mLevel 1[0m _identify(node_modules/@parcel/watcher/src/unix) by extensions ['colcon_pkg']
[1.137s] [34mcolcon.colcon_core.package_identification[0m [1;30mLevel 1[0m _identify(node_modules/@parcel/watcher/src/unix) by extension 'colcon_pkg'
[1.139s] [34mcolcon.colcon_core.package_identification[0m [1;30mLevel 1[0m _identify(node_modules/@parcel/watcher/src/unix) by extensions ['colcon_meta']
[1.139s] [34mcolcon.colcon_core.package_identification[0m [1;30mLevel 1[0m _identify(node_modules/@parcel/watcher/src/unix) by extension 'colcon_meta'
[1.143s] [34mcolcon.colcon_core.package_identification[0m [1;30mLevel 1[0m _identify(node_modules/@parcel/watcher/src/unix) by extensions ['ros']
[1.143s] [34mcolcon.colcon_core.package_identification[0m [1;30mLevel 1[0m _identify(node_modules/@parcel/watcher/src/unix) by extension 'ros'
[1.149s] [34mcolcon.colcon_core.package_identification[0m [1;30mLevel 1[0m _identify(node_modules/@parcel/watcher/src/unix) by extensions ['cmake', 'python']
[1.149s] [34mcolcon.colcon_core.package_identification[0m [1;30mLevel 1[0m _identify(node_modules/@parcel/watcher/src/unix) by extension 'cmake'
[1.150s] [34mcolcon.colcon_core.package_identification[0m [1;30mLevel 1[0m _identify(node_modules/@parcel/watcher/src/unix) by extension 'python'
[1.152s] [34mcolcon.colcon_core.package_identification[0m [1;30mLevel 1[0m _identify(node_modules/@parcel/watcher/src/unix) by extensions ['python_setup_py']
[1.152s] [34mcolcon.colcon_core.package_identification[0m [1;30mLevel 1[0m _identify(node_modules/@parcel/watcher/src/unix) by extension 'python_setup_py'
[1.160s] [34mcolcon.colcon_core.package_identification[0m [1;30mLevel 1[0m _identify(node_modules/@parcel/watcher/src/wasm) by extensions ['ignore', 'ignore_ament_install']
[1.160s] [34mcolcon.colcon_core.package_identification[0m [1;30mLevel 1[0m _identify(node_modules/@parcel/watcher/src/wasm) by extension 'ignore'
[1.162s] [34mcolcon.colcon_core.package_identification[0m [1;30mLevel 1[0m _identify(node_modules/@parcel/watcher/src/wasm) by extension 'ignore_ament_install'
[1.164s] [34mcolcon.colcon_core.package_identification[0m [1;30mLevel 1[0m _identify(node_modules/@parcel/watcher/src/wasm) by extensions ['colcon_pkg']
[1.164s] [34mcolcon.colcon_core.package_identification[0m [1;30mLevel 1[0m _identify(node_modules/@parcel/watcher/src/wasm) by extension 'colcon_pkg'
[1.165s] [34mcolcon.colcon_core.package_identification[0m [1;30mLevel 1[0m _identify(node_modules/@parcel/watcher/src/wasm) by extensions ['colcon_meta']
[1.166s] [34mcolcon.colcon_core.package_identification[0m [1;30mLevel 1[0m _identify(node_modules/@parcel/watcher/src/wasm) by extension 'colcon_meta'
[1.169s] [34mcolcon.colcon_core.package_identification[0m [1;30mLevel 1[0m _identify(node_modules/@parcel/watcher/src/wasm) by extensions ['ros']
[1.169s] [34mcolcon.colcon_core.package_identification[0m [1;30mLevel 1[0m _identify(node_modules/@parcel/watcher/src/wasm) by extension 'ros'
[1.176s] [34mcolcon.colcon_core.package_identification[0m [1;30mLevel 1[0m _identify(node_modules/@parcel/watcher/src/wasm) by extensions ['cmake', 'python']
[1.176s] [34mcolcon.colcon_core.package_identification[0m [1;30mLevel 1[0m _identify(node_modules/@parcel/watcher/src/wasm) by extension 'cmake'
[1.177s] [34mcolcon.colcon_core.package_identification[0m [1;30mLevel 1[0m _identify(node_modules/@parcel/watcher/src/wasm) by extension 'python'
[1.178s] [34mcolcon.colcon_core.package_identification[0m [1;30mLevel 1[0m _identify(node_modules/@parcel/watcher/src/wasm) by extensions ['python_setup_py']
[1.179s] [34mcolcon.colcon_core.package_identification[0m [1;30mLevel 1[0m _identify(node_modules/@parcel/watcher/src/wasm) by extension 'python_setup_py'
[1.186s] [34mcolcon.colcon_core.package_identification[0m [1;30mLevel 1[0m _identify(node_modules/@parcel/watcher/src/watchman) by extensions ['ignore', 'ignore_ament_install']
[1.186s] [34mcolcon.colcon_core.package_identification[0m [1;30mLevel 1[0m _identify(node_modules/@parcel/watcher/src/watchman) by extension 'ignore'
[1.188s] [34mcolcon.colcon_core.package_identification[0m [1;30mLevel 1[0m _identify(node_modules/@parcel/watcher/src/watchman) by extension 'ignore_ament_install'
[1.190s] [34mcolcon.colcon_core.package_identification[0m [1;30mLevel 1[0m _identify(node_modules/@parcel/watcher/src/watchman) by extensions ['colcon_pkg']
[1.190s] [34mcolcon.colcon_core.package_identification[0m [1;30mLevel 1[0m _identify(node_modules/@parcel/watcher/src/watchman) by extension 'colcon_pkg'
[1.192s] [34mcolcon.colcon_core.package_identification[0m [1;30mLevel 1[0m _identify(node_modules/@parcel/watcher/src/watchman) by extensions ['colcon_meta']
[1.192s] [34mcolcon.colcon_core.package_identification[0m [1;30mLevel 1[0m _identify(node_modules/@parcel/watcher/src/watchman) by extension 'colcon_meta'
[1.196s] [34mcolcon.colcon_core.package_identification[0m [1;30mLevel 1[0m _identify(node_modules/@parcel/watcher/src/watchman) by extensions ['ros']
[1.196s] [34mcolcon.colcon_core.package_identification[0m [1;30mLevel 1[0m _identify(node_modules/@parcel/watcher/src/watchman) by extension 'ros'
[1.203s] [34mcolcon.colcon_core.package_identification[0m [1;30mLevel 1[0m _identify(node_modules/@parcel/watcher/src/watchman) by extensions ['cmake', 'python']
[1.203s] [34mcolcon.colcon_core.package_identification[0m [1;30mLevel 1[0m _identify(node_modules/@parcel/watcher/src/watchman) by extension 'cmake'
[1.204s] [34mcolcon.colcon_core.package_identification[0m [1;30mLevel 1[0m _identify(node_modules/@parcel/watcher/src/watchman) by extension 'python'
[1.205s] [34mcolcon.colcon_core.package_identification[0m [1;30mLevel 1[0m _identify(node_modules/@parcel/watcher/src/watchman) by extensions ['python_setup_py']
[1.206s] [34mcolcon.colcon_core.package_identification[0m [1;30mLevel 1[0m _identify(node_modules/@parcel/watcher/src/watchman) by extension 'python_setup_py'
[1.212s] [34mcolcon.colcon_core.package_identification[0m [1;30mLevel 1[0m _identify(node_modules/@parcel/watcher/src/windows) by extensions ['ignore', 'ignore_ament_install']
[1.213s] [34mcolcon.colcon_core.package_identification[0m [1;30mLevel 1[0m _identify(node_modules/@parcel/watcher/src/windows) by extension 'ignore'
[1.214s] [34mcolcon.colcon_core.package_identification[0m [1;30mLevel 1[0m _identify(node_modules/@parcel/watcher/src/windows) by extension 'ignore_ament_install'
[1.217s] [34mcolcon.colcon_core.package_identification[0m [1;30mLevel 1[0m _identify(node_modules/@parcel/watcher/src/windows) by extensions ['colcon_pkg']
[1.217s] [34mcolcon.colcon_core.package_identification[0m [1;30mLevel 1[0m _identify(node_modules/@parcel/watcher/src/windows) by extension 'colcon_pkg'
[1.218s] [34mcolcon.colcon_core.package_identification[0m [1;30mLevel 1[0m _identify(node_modules/@parcel/watcher/src/windows) by extensions ['colcon_meta']
[1.218s] [34mcolcon.colcon_core.package_identification[0m [1;30mLevel 1[0m _identify(node_modules/@parcel/watcher/src/windows) by extension 'colcon_meta'
[1.222s] [34mcolcon.colcon_core.package_identification[0m [1;30mLevel 1[0m _identify(node_modules/@parcel/watcher/src/windows) by extensions ['ros']
[1.223s] [34mcolcon.colcon_core.package_identification[0m [1;30mLevel 1[0m _identify(node_modules/@parcel/watcher/src/windows) by extension 'ros'
[1.231s] [34mcolcon.colcon_core.package_identification[0m [1;30mLevel 1[0m _identify(node_modules/@parcel/watcher/src/windows) by extensions ['cmake', 'python']
[1.231s] [34mcolcon.colcon_core.package_identification[0m [1;30mLevel 1[0m _identify(node_modules/@parcel/watcher/src/windows) by extension 'cmake'
[1.233s] [34mcolcon.colcon_core.package_identification[0m [1;30mLevel 1[0m _identify(node_modules/@parcel/watcher/src/windows) by extension 'python'
[1.234s] [34mcolcon.colcon_core.package_identification[0m [1;30mLevel 1[0m _identify(node_modules/@parcel/watcher/src/windows) by extensions ['python_setup_py']
[1.234s] [34mcolcon.colcon_core.package_identification[0m [1;30mLevel 1[0m _identify(node_modules/@parcel/watcher/src/windows) by extension 'python_setup_py'
[1.240s] [34mcolcon.colcon_core.package_identification[0m [1;30mLevel 1[0m _identify(node_modules/@parcel/watcher-win32-x64) by extensions ['ignore', 'ignore_ament_install']
[1.240s] [34mcolcon.colcon_core.package_identification[0m [1;30mLevel 1[0m _identify(node_modules/@parcel/watcher-win32-x64) by extension 'ignore'
[1.241s] [34mcolcon.colcon_core.package_identification[0m [1;30mLevel 1[0m _identify(node_modules/@parcel/watcher-win32-x64) by extension 'ignore_ament_install'
[1.243s] [34mcolcon.colcon_core.package_identification[0m [1;30mLevel 1[0m _identify(node_modules/@parcel/watcher-win32-x64) by extensions ['colcon_pkg']
[1.243s] [34mcolcon.colcon_core.package_identification[0m [1;30mLevel 1[0m _identify(node_modules/@parcel/watcher-win32-x64) by extension 'colcon_pkg'
[1.244s] [34mcolcon.colcon_core.package_identification[0m [1;30mLevel 1[0m _identify(node_modules/@parcel/watcher-win32-x64) by extensions ['colcon_meta']
[1.244s] [34mcolcon.colcon_core.package_identification[0m [1;30mLevel 1[0m _identify(node_modules/@parcel/watcher-win32-x64) by extension 'colcon_meta'
[1.246s] [34mcolcon.colcon_core.package_identification[0m [1;30mLevel 1[0m _identify(node_modules/@parcel/watcher-win32-x64) by extensions ['ros']
[1.246s] [34mcolcon.colcon_core.package_identification[0m [1;30mLevel 1[0m _identify(node_modules/@parcel/watcher-win32-x64) by extension 'ros'
[1.251s] [34mcolcon.colcon_core.package_identification[0m [1;30mLevel 1[0m _identify(node_modules/@parcel/watcher-win32-x64) by extensions ['cmake', 'python']
[1.252s] [34mcolcon.colcon_core.package_identification[0m [1;30mLevel 1[0m _identify(node_modules/@parcel/watcher-win32-x64) by extension 'cmake'
[1.253s] [34mcolcon.colcon_core.package_identification[0m [1;30mLevel 1[0m _identify(node_modules/@parcel/watcher-win32-x64) by extension 'python'
[1.254s] [34mcolcon.colcon_core.package_identification[0m [1;30mLevel 1[0m _identify(node_modules/@parcel/watcher-win32-x64) by extensions ['python_setup_py']
[1.254s] [34mcolcon.colcon_core.package_identification[0m [1;30mLevel 1[0m _identify(node_modules/@parcel/watcher-win32-x64) by extension 'python_setup_py'
[1.257s] [34mcolcon.colcon_core.package_identification[0m [1;30mLevel 1[0m _identify(node_modules/@tailwindcss) by extensions ['ignore', 'ignore_ament_install']
[1.258s] [34mcolcon.colcon_core.package_identification[0m [1;30mLevel 1[0m _identify(node_modules/@tailwindcss) by extension 'ignore'
[1.258s] [34mcolcon.colcon_core.package_identification[0m [1;30mLevel 1[0m _identify(node_modules/@tailwindcss) by extension 'ignore_ament_install'
[1.260s] [34mcolcon.colcon_core.package_identification[0m [1;30mLevel 1[0m _identify(node_modules/@tailwindcss) by extensions ['colcon_pkg']
[1.260s] [34mcolcon.colcon_core.package_identification[0m [1;30mLevel 1[0m _identify(node_modules/@tailwindcss) by extension 'colcon_pkg'
[1.261s] [34mcolcon.colcon_core.package_identification[0m [1;30mLevel 1[0m _identify(node_modules/@tailwindcss) by extensions ['colcon_meta']
[1.261s] [34mcolcon.colcon_core.package_identification[0m [1;30mLevel 1[0m _identify(node_modules/@tailwindcss) by extension 'colcon_meta'
[1.263s] [34mcolcon.colcon_core.package_identification[0m [1;30mLevel 1[0m _identify(node_modules/@tailwindcss) by extensions ['ros']
[1.263s] [34mcolcon.colcon_core.package_identification[0m [1;30mLevel 1[0m _identify(node_modules/@tailwindcss) by extension 'ros'
[1.267s] [34mcolcon.colcon_core.package_identification[0m [1;30mLevel 1[0m _identify(node_modules/@tailwindcss) by extensions ['cmake', 'python']
[1.267s] [34mcolcon.colcon_core.package_identification[0m [1;30mLevel 1[0m _identify(node_modules/@tailwindcss) by extension 'cmake'
[1.268s] [34mcolcon.colcon_core.package_identification[0m [1;30mLevel 1[0m _identify(node_modules/@tailwindcss) by extension 'python'
[1.268s] [34mcolcon.colcon_core.package_identification[0m [1;30mLevel 1[0m _identify(node_modules/@tailwindcss) by extensions ['python_setup_py']
[1.269s] [34mcolcon.colcon_core.package_identification[0m [1;30mLevel 1[0m _identify(node_modules/@tailwindcss) by extension 'python_setup_py'
[1.273s] [34mcolcon.colcon_core.package_identification[0m [1;30mLevel 1[0m _identify(node_modules/@tailwindcss/cli) by extensions ['ignore', 'ignore_ament_install']
[1.273s] [34mcolcon.colcon_core.package_identification[0m [1;30mLevel 1[0m _identify(node_modules/@tailwindcss/cli) by extension 'ignore'
[1.275s] [34mcolcon.colcon_core.package_identification[0m [1;30mLevel 1[0m _identify(node_modules/@tailwindcss/cli) by extension 'ignore_ament_install'
[1.277s] [34mcolcon.colcon_core.package_identification[0m [1;30mLevel 1[0m _identify(node_modules/@tailwindcss/cli) by extensions ['colcon_pkg']
[1.277s] [34mcolcon.colcon_core.package_identification[0m [1;30mLevel 1[0m _identify(node_modules/@tailwindcss/cli) by extension 'colcon_pkg'
[1.278s] [34mcolcon.colcon_core.package_identification[0m [1;30mLevel 1[0m _identify(node_modules/@tailwindcss/cli) by extensions ['colcon_meta']
[1.278s] [34mcolcon.colcon_core.package_identification[0m [1;30mLevel 1[0m _identify(node_modules/@tailwindcss/cli) by extension 'colcon_meta'
[1.280s] [34mcolcon.colcon_core.package_identification[0m [1;30mLevel 1[0m _identify(node_modules/@tailwindcss/cli) by extensions ['ros']
[1.280s] [34mcolcon.colcon_core.package_identification[0m [1;30mLevel 1[0m _identify(node_modules/@tailwindcss/cli) by extension 'ros'
[1.286s] [34mcolcon.colcon_core.package_identification[0m [1;30mLevel 1[0m _identify(node_modules/@tailwindcss/cli) by extensions ['cmake', 'python']
[1.286s] [34mcolcon.colcon_core.package_identification[0m [1;30mLevel 1[0m _identify(node_modules/@tailwindcss/cli) by extension 'cmake'
[1.287s] [34mcolcon.colcon_core.package_identification[0m [1;30mLevel 1[0m _identify(node_modules/@tailwindcss/cli) by extension 'python'
[1.288s] [34mcolcon.colcon_core.package_identification[0m [1;30mLevel 1[0m _identify(node_modules/@tailwindcss/cli) by extensions ['python_setup_py']
[1.288s] [34mcolcon.colcon_core.package_identification[0m [1;30mLevel 1[0m _identify(node_modules/@tailwindcss/cli) by extension 'python_setup_py'
[1.295s] [34mcolcon.colcon_core.package_identification[0m [1;30mLevel 1[0m _identify(node_modules/@tailwindcss/cli/dist) by extensions ['ignore', 'ignore_ament_install']
[1.295s] [34mcolcon.colcon_core.package_identification[0m [1;30mLevel 1[0m _identify(node_modules/@tailwindcss/cli/dist) by extension 'ignore'
[1.297s] [34mcolcon.colcon_core.package_identification[0m [1;30mLevel 1[0m _identify(node_modules/@tailwindcss/cli/dist) by extension 'ignore_ament_install'
[1.299s] [34mcolcon.colcon_core.package_identification[0m [1;30mLevel 1[0m _identify(node_modules/@tailwindcss/cli/dist) by extensions ['colcon_pkg']
[1.300s] [34mcolcon.colcon_core.package_identification[0m [1;30mLevel 1[0m _identify(node_modules/@tailwindcss/cli/dist) by extension 'colcon_pkg'
[1.301s] [34mcolcon.colcon_core.package_identification[0m [1;30mLevel 1[0m _identify(node_modules/@tailwindcss/cli/dist) by extensions ['colcon_meta']
[1.301s] [34mcolcon.colcon_core.package_identification[0m [1;30mLevel 1[0m _identify(node_modules/@tailwindcss/cli/dist) by extension 'colcon_meta'
[1.305s] [34mcolcon.colcon_core.package_identification[0m [1;30mLevel 1[0m _identify(node_modules/@tailwindcss/cli/dist) by extensions ['ros']
[1.305s] [34mcolcon.colcon_core.package_identification[0m [1;30mLevel 1[0m _identify(node_modules/@tailwindcss/cli/dist) by extension 'ros'
[1.312s] [34mcolcon.colcon_core.package_identification[0m [1;30mLevel 1[0m _identify(node_modules/@tailwindcss/cli/dist) by extensions ['cmake', 'python']
[1.313s] [34mcolcon.colcon_core.package_identification[0m [1;30mLevel 1[0m _identify(node_modules/@tailwindcss/cli/dist) by extension 'cmake'
[1.315s] [34mcolcon.colcon_core.package_identification[0m [1;30mLevel 1[0m _identify(node_modules/@tailwindcss/cli/dist) by extension 'python'
[1.316s] [34mcolcon.colcon_core.package_identification[0m [1;30mLevel 1[0m _identify(node_modules/@tailwindcss/cli/dist) by extensions ['python_setup_py']
[1.316s] [34mcolcon.colcon_core.package_identification[0m [1;30mLevel 1[0m _identify(node_modules/@tailwindcss/cli/dist) by extension 'python_setup_py'
[1.322s] [34mcolcon.colcon_core.package_identification[0m [1;30mLevel 1[0m _identify(node_modules/@tailwindcss/node) by extensions ['ignore', 'ignore_ament_install']
[1.322s] [34mcolcon.colcon_core.package_identification[0m [1;30mLevel 1[0m _identify(node_modules/@tailwindcss/node) by extension 'ignore'
[1.323s] [34mcolcon.colcon_core.package_identification[0m [1;30mLevel 1[0m _identify(node_modules/@tailwindcss/node) by extension 'ignore_ament_install'
[1.326s] [34mcolcon.colcon_core.package_identification[0m [1;30mLevel 1[0m _identify(node_modules/@tailwindcss/node) by extensions ['colcon_pkg']
[1.326s] [34mcolcon.colcon_core.package_identification[0m [1;30mLevel 1[0m _identify(node_modules/@tailwindcss/node) by extension 'colcon_pkg'
[1.327s] [34mcolcon.colcon_core.package_identification[0m [1;30mLevel 1[0m _identify(node_modules/@tailwindcss/node) by extensions ['colcon_meta']
[1.327s] [34mcolcon.colcon_core.package_identification[0m [1;30mLevel 1[0m _identify(node_modules/@tailwindcss/node) by extension 'colcon_meta'
[1.330s] [34mcolcon.colcon_core.package_identification[0m [1;30mLevel 1[0m _identify(node_modules/@tailwindcss/node) by extensions ['ros']
[1.330s] [34mcolcon.colcon_core.package_identification[0m [1;30mLevel 1[0m _identify(node_modules/@tailwindcss/node) by extension 'ros'
[1.335s] [34mcolcon.colcon_core.package_identification[0m [1;30mLevel 1[0m _identify(node_modules/@tailwindcss/node) by extensions ['cmake', 'python']
[1.336s] [34mcolcon.colcon_core.package_identification[0m [1;30mLevel 1[0m _identify(node_modules/@tailwindcss/node) by extension 'cmake'
[1.337s] [34mcolcon.colcon_core.package_identification[0m [1;30mLevel 1[0m _identify(node_modules/@tailwindcss/node) by extension 'python'
[1.338s] [34mcolcon.colcon_core.package_identification[0m [1;30mLevel 1[0m _identify(node_modules/@tailwindcss/node) by extensions ['python_setup_py']
[1.338s] [34mcolcon.colcon_core.package_identification[0m [1;30mLevel 1[0m _identify(node_modules/@tailwindcss/node) by extension 'python_setup_py'
[1.345s] [34mcolcon.colcon_core.package_identification[0m [1;30mLevel 1[0m _identify(node_modules/@tailwindcss/node/dist) by extensions ['ignore', 'ignore_ament_install']
[1.345s] [34mcolcon.colcon_core.package_identification[0m [1;30mLevel 1[0m _identify(node_modules/@tailwindcss/node/dist) by extension 'ignore'
[1.347s] [34mcolcon.colcon_core.package_identification[0m [1;30mLevel 1[0m _identify(node_modules/@tailwindcss/node/dist) by extension 'ignore_ament_install'
[1.350s] [34mcolcon.colcon_core.package_identification[0m [1;30mLevel 1[0m _identify(node_modules/@tailwindcss/node/dist) by extensions ['colcon_pkg']
[1.350s] [34mcolcon.colcon_core.package_identification[0m [1;30mLevel 1[0m _identify(node_modules/@tailwindcss/node/dist) by extension 'colcon_pkg'
[1.352s] [34mcolcon.colcon_core.package_identification[0m [1;30mLevel 1[0m _identify(node_modules/@tailwindcss/node/dist) by extensions ['colcon_meta']
[1.352s] [34mcolcon.colcon_core.package_identification[0m [1;30mLevel 1[0m _identify(node_modules/@tailwindcss/node/dist) by extension 'colcon_meta'
[1.356s] [34mcolcon.colcon_core.package_identification[0m [1;30mLevel 1[0m _identify(node_modules/@tailwindcss/node/dist) by extensions ['ros']
[1.356s] [34mcolcon.colcon_core.package_identification[0m [1;30mLevel 1[0m _identify(node_modules/@tailwindcss/node/dist) by extension 'ros'
[1.363s] [34mcolcon.colcon_core.package_identification[0m [1;30mLevel 1[0m _identify(node_modules/@tailwindcss/node/dist) by extensions ['cmake', 'python']
[1.363s] [34mcolcon.colcon_core.package_identification[0m [1;30mLevel 1[0m _identify(node_modules/@tailwindcss/node/dist) by extension 'cmake'
[1.364s] [34mcolcon.colcon_core.package_identification[0m [1;30mLevel 1[0m _identify(node_modules/@tailwindcss/node/dist) by extension 'python'
[1.366s] [34mcolcon.colcon_core.package_identification[0m [1;30mLevel 1[0m _identify(node_modules/@tailwindcss/node/dist) by extensions ['python_setup_py']
[1.366s] [34mcolcon.colcon_core.package_identification[0m [1;30mLevel 1[0m _identify(node_modules/@tailwindcss/node/dist) by extension 'python_setup_py'
[1.371s] [34mcolcon.colcon_core.package_identification[0m [1;30mLevel 1[0m _identify(node_modules/@tailwindcss/oxide) by extensions ['ignore', 'ignore_ament_install']
[1.371s] [34mcolcon.colcon_core.package_identification[0m [1;30mLevel 1[0m _identify(node_modules/@tailwindcss/oxide) by extension 'ignore'
[1.373s] [34mcolcon.colcon_core.package_identification[0m [1;30mLevel 1[0m _identify(node_modules/@tailwindcss/oxide) by extension 'ignore_ament_install'
[1.375s] [34mcolcon.colcon_core.package_identification[0m [1;30mLevel 1[0m _identify(node_modules/@tailwindcss/oxide) by extensions ['colcon_pkg']
[1.375s] [34mcolcon.colcon_core.package_identification[0m [1;30mLevel 1[0m _identify(node_modules/@tailwindcss/oxide) by extension 'colcon_pkg'
[1.376s] [34mcolcon.colcon_core.package_identification[0m [1;30mLevel 1[0m _identify(node_modules/@tailwindcss/oxide) by extensions ['colcon_meta']
[1.376s] [34mcolcon.colcon_core.package_identification[0m [1;30mLevel 1[0m _identify(node_modules/@tailwindcss/oxide) by extension 'colcon_meta'
[1.379s] [34mcolcon.colcon_core.package_identification[0m [1;30mLevel 1[0m _identify(node_modules/@tailwindcss/oxide) by extensions ['ros']
[1.379s] [34mcolcon.colcon_core.package_identification[0m [1;30mLevel 1[0m _identify(node_modules/@tailwindcss/oxide) by extension 'ros'
[1.384s] [34mcolcon.colcon_core.package_identification[0m [1;30mLevel 1[0m _identify(node_modules/@tailwindcss/oxide) by extensions ['cmake', 'python']
[1.385s] [34mcolcon.colcon_core.package_identification[0m [1;30mLevel 1[0m _identify(node_modules/@tailwindcss/oxide) by extension 'cmake'
[1.386s] [34mcolcon.colcon_core.package_identification[0m [1;30mLevel 1[0m _identify(node_modules/@tailwindcss/oxide) by extension 'python'
[1.387s] [34mcolcon.colcon_core.package_identification[0m [1;30mLevel 1[0m _identify(node_modules/@tailwindcss/oxide) by extensions ['python_setup_py']
[1.387s] [34mcolcon.colcon_core.package_identification[0m [1;30mLevel 1[0m _identify(node_modules/@tailwindcss/oxide) by extension 'python_setup_py'
[1.392s] [34mcolcon.colcon_core.package_identification[0m [1;30mLevel 1[0m _identify(node_modules/@tailwindcss/oxide-win32-x64-msvc) by extensions ['ignore', 'ignore_ament_install']
[1.392s] [34mcolcon.colcon_core.package_identification[0m [1;30mLevel 1[0m _identify(node_modules/@tailwindcss/oxide-win32-x64-msvc) by extension 'ignore'
[1.393s] [34mcolcon.colcon_core.package_identification[0m [1;30mLevel 1[0m _identify(node_modules/@tailwindcss/oxide-win32-x64-msvc) by extension 'ignore_ament_install'
[1.395s] [34mcolcon.colcon_core.package_identification[0m [1;30mLevel 1[0m _identify(node_modules/@tailwindcss/oxide-win32-x64-msvc) by extensions ['colcon_pkg']
[1.396s] [34mcolcon.colcon_core.package_identification[0m [1;30mLevel 1[0m _identify(node_modules/@tailwindcss/oxide-win32-x64-msvc) by extension 'colcon_pkg'
[1.397s] [34mcolcon.colcon_core.package_identification[0m [1;30mLevel 1[0m _identify(node_modules/@tailwindcss/oxide-win32-x64-msvc) by extensions ['colcon_meta']
[1.397s] [34mcolcon.colcon_core.package_identification[0m [1;30mLevel 1[0m _identify(node_modules/@tailwindcss/oxide-win32-x64-msvc) by extension 'colcon_meta'
[1.400s] [34mcolcon.colcon_core.package_identification[0m [1;30mLevel 1[0m _identify(node_modules/@tailwindcss/oxide-win32-x64-msvc) by extensions ['ros']
[1.400s] [34mcolcon.colcon_core.package_identification[0m [1;30mLevel 1[0m _identify(node_modules/@tailwindcss/oxide-win32-x64-msvc) by extension 'ros'
[1.405s] [34mcolcon.colcon_core.package_identification[0m [1;30mLevel 1[0m _identify(node_modules/@tailwindcss/oxide-win32-x64-msvc) by extensions ['cmake', 'python']
[1.405s] [34mcolcon.colcon_core.package_identification[0m [1;30mLevel 1[0m _identify(node_modules/@tailwindcss/oxide-win32-x64-msvc) by extension 'cmake'
[1.406s] [34mcolcon.colcon_core.package_identification[0m [1;30mLevel 1[0m _identify(node_modules/@tailwindcss/oxide-win32-x64-msvc) by extension 'python'
[1.408s] [34mcolcon.colcon_core.package_identification[0m [1;30mLevel 1[0m _identify(node_modules/@tailwindcss/oxide-win32-x64-msvc) by extensions ['python_setup_py']
[1.408s] [34mcolcon.colcon_core.package_identification[0m [1;30mLevel 1[0m _identify(node_modules/@tailwindcss/oxide-win32-x64-msvc) by extension 'python_setup_py'
[1.411s] [34mcolcon.colcon_core.package_identification[0m [1;30mLevel 1[0m _identify(node_modules/braces) by extensions ['ignore', 'ignore_ament_install']
[1.412s] [34mcolcon.colcon_core.package_identification[0m [1;30mLevel 1[0m _identify(node_modules/braces) by extension 'ignore'
[1.413s] [34mcolcon.colcon_core.package_identification[0m [1;30mLevel 1[0m _identify(node_modules/braces) by extension 'ignore_ament_install'
[1.440s] [34mcolcon.colcon_core.package_identification[0m [1;30mLevel 1[0m _identify(node_modules/braces) by extensions ['colcon_pkg']
[1.441s] [34mcolcon.colcon_core.package_identification[0m [1;30mLevel 1[0m _identify(node_modules/braces) by extension 'colcon_pkg'
[1.442s] [34mcolcon.colcon_core.package_identification[0m [1;30mLevel 1[0m _identify(node_modules/braces) by extensions ['colcon_meta']
[1.442s] [34mcolcon.colcon_core.package_identification[0m [1;30mLevel 1[0m _identify(node_modules/braces) by extension 'colcon_meta'
[1.444s] [34mcolcon.colcon_core.package_identification[0m [1;30mLevel 1[0m _identify(node_modules/braces) by extensions ['ros']
[1.444s] [34mcolcon.colcon_core.package_identification[0m [1;30mLevel 1[0m _identify(node_modules/braces) by extension 'ros'
[1.448s] [34mcolcon.colcon_core.package_identification[0m [1;30mLevel 1[0m _identify(node_modules/braces) by extensions ['cmake', 'python']
[1.449s] [34mcolcon.colcon_core.package_identification[0m [1;30mLevel 1[0m _identify(node_modules/braces) by extension 'cmake'
[1.450s] [34mcolcon.colcon_core.package_identification[0m [1;30mLevel 1[0m _identify(node_modules/braces) by extension 'python'
[1.451s] [34mcolcon.colcon_core.package_identification[0m [1;30mLevel 1[0m _identify(node_modules/braces) by extensions ['python_setup_py']
[1.451s] [34mcolcon.colcon_core.package_identification[0m [1;30mLevel 1[0m _identify(node_modules/braces) by extension 'python_setup_py'
[1.456s] [34mcolcon.colcon_core.package_identification[0m [1;30mLevel 1[0m _identify(node_modules/braces/lib) by extensions ['ignore', 'ignore_ament_install']
[1.456s] [34mcolcon.colcon_core.package_identification[0m [1;30mLevel 1[0m _identify(node_modules/braces/lib) by extension 'ignore'
[1.457s] [34mcolcon.colcon_core.package_identification[0m [1;30mLevel 1[0m _identify(node_modules/braces/lib) by extension 'ignore_ament_install'
[1.460s] [34mcolcon.colcon_core.package_identification[0m [1;30mLevel 1[0m _identify(node_modules/braces/lib) by extensions ['colcon_pkg']
[1.460s] [34mcolcon.colcon_core.package_identification[0m [1;30mLevel 1[0m _identify(node_modules/braces/lib) by extension 'colcon_pkg'
[1.461s] [34mcolcon.colcon_core.package_identification[0m [1;30mLevel 1[0m _identify(node_modules/braces/lib) by extensions ['colcon_meta']
[1.461s] [34mcolcon.colcon_core.package_identification[0m [1;30mLevel 1[0m _identify(node_modules/braces/lib) by extension 'colcon_meta'
[1.464s] [34mcolcon.colcon_core.package_identification[0m [1;30mLevel 1[0m _identify(node_modules/braces/lib) by extensions ['ros']
[1.464s] [34mcolcon.colcon_core.package_identification[0m [1;30mLevel 1[0m _identify(node_modules/braces/lib) by extension 'ros'
[1.469s] [34mcolcon.colcon_core.package_identification[0m [1;30mLevel 1[0m _identify(node_modules/braces/lib) by extensions ['cmake', 'python']
[1.469s] [34mcolcon.colcon_core.package_identification[0m [1;30mLevel 1[0m _identify(node_modules/braces/lib) by extension 'cmake'
[1.471s] [34mcolcon.colcon_core.package_identification[0m [1;30mLevel 1[0m _identify(node_modules/braces/lib) by extension 'python'
[1.472s] [34mcolcon.colcon_core.package_identification[0m [1;30mLevel 1[0m _identify(node_modules/braces/lib) by extensions ['python_setup_py']
[1.472s] [34mcolcon.colcon_core.package_identification[0m [1;30mLevel 1[0m _identify(node_modules/braces/lib) by extension 'python_setup_py'
[1.475s] [34mcolcon.colcon_core.package_identification[0m [1;30mLevel 1[0m _identify(node_modules/detect-libc) by extensions ['ignore', 'ignore_ament_install']
[1.476s] [34mcolcon.colcon_core.package_identification[0m [1;30mLevel 1[0m _identify(node_modules/detect-libc) by extension 'ignore'
[1.477s] [34mcolcon.colcon_core.package_identification[0m [1;30mLevel 1[0m _identify(node_modules/detect-libc) by extension 'ignore_ament_install'
[1.478s] [34mcolcon.colcon_core.package_identification[0m [1;30mLevel 1[0m _identify(node_modules/detect-libc) by extensions ['colcon_pkg']
[1.478s] [34mcolcon.colcon_core.package_identification[0m [1;30mLevel 1[0m _identify(node_modules/detect-libc) by extension 'colcon_pkg'
[1.479s] [34mcolcon.colcon_core.package_identification[0m [1;30mLevel 1[0m _identify(node_modules/detect-libc) by extensions ['colcon_meta']
[1.480s] [34mcolcon.colcon_core.package_identification[0m [1;30mLevel 1[0m _identify(node_modules/detect-libc) by extension 'colcon_meta'
[1.481s] [34mcolcon.colcon_core.package_identification[0m [1;30mLevel 1[0m _identify(node_modules/detect-libc) by extensions ['ros']
[1.481s] [34mcolcon.colcon_core.package_identification[0m [1;30mLevel 1[0m _identify(node_modules/detect-libc) by extension 'ros'
[1.485s] [34mcolcon.colcon_core.package_identification[0m [1;30mLevel 1[0m _identify(node_modules/detect-libc) by extensions ['cmake', 'python']
[1.485s] [34mcolcon.colcon_core.package_identification[0m [1;30mLevel 1[0m _identify(node_modules/detect-libc) by extension 'cmake'
[1.486s] [34mcolcon.colcon_core.package_identification[0m [1;30mLevel 1[0m _identify(node_modules/detect-libc) by extension 'python'
[1.487s] [34mcolcon.colcon_core.package_identification[0m [1;30mLevel 1[0m _identify(node_modules/detect-libc) by extensions ['python_setup_py']
[1.487s] [34mcolcon.colcon_core.package_identification[0m [1;30mLevel 1[0m _identify(node_modules/detect-libc) by extension 'python_setup_py'
[1.492s] [34mcolcon.colcon_core.package_identification[0m [1;30mLevel 1[0m _identify(node_modules/detect-libc/bin) by extensions ['ignore', 'ignore_ament_install']
[1.493s] [34mcolcon.colcon_core.package_identification[0m [1;30mLevel 1[0m _identify(node_modules/detect-libc/bin) by extension 'ignore'
[1.494s] [34mcolcon.colcon_core.package_identification[0m [1;30mLevel 1[0m _identify(node_modules/detect-libc/bin) by extension 'ignore_ament_install'
[1.496s] [34mcolcon.colcon_core.package_identification[0m [1;30mLevel 1[0m _identify(node_modules/detect-libc/bin) by extensions ['colcon_pkg']
[1.496s] [34mcolcon.colcon_core.package_identification[0m [1;30mLevel 1[0m _identify(node_modules/detect-libc/bin) by extension 'colcon_pkg'
[1.498s] [34mcolcon.colcon_core.package_identification[0m [1;30mLevel 1[0m _identify(node_modules/detect-libc/bin) by extensions ['colcon_meta']
[1.498s] [34mcolcon.colcon_core.package_identification[0m [1;30mLevel 1[0m _identify(node_modules/detect-libc/bin) by extension 'colcon_meta'
[1.500s] [34mcolcon.colcon_core.package_identification[0m [1;30mLevel 1[0m _identify(node_modules/detect-libc/bin) by extensions ['ros']
[1.500s] [34mcolcon.colcon_core.package_identification[0m [1;30mLevel 1[0m _identify(node_modules/detect-libc/bin) by extension 'ros'
[1.506s] [34mcolcon.colcon_core.package_identification[0m [1;30mLevel 1[0m _identify(node_modules/detect-libc/bin) by extensions ['cmake', 'python']
[1.506s] [34mcolcon.colcon_core.package_identification[0m [1;30mLevel 1[0m _identify(node_modules/detect-libc/bin) by extension 'cmake'
[1.508s] [34mcolcon.colcon_core.package_identification[0m [1;30mLevel 1[0m _identify(node_modules/detect-libc/bin) by extension 'python'
[1.509s] [34mcolcon.colcon_core.package_identification[0m [1;30mLevel 1[0m _identify(node_modules/detect-libc/bin) by extensions ['python_setup_py']
[1.509s] [34mcolcon.colcon_core.package_identification[0m [1;30mLevel 1[0m _identify(node_modules/detect-libc/bin) by extension 'python_setup_py'
[1.515s] [34mcolcon.colcon_core.package_identification[0m [1;30mLevel 1[0m _identify(node_modules/detect-libc/lib) by extensions ['ignore', 'ignore_ament_install']
[1.515s] [34mcolcon.colcon_core.package_identification[0m [1;30mLevel 1[0m _identify(node_modules/detect-libc/lib) by extension 'ignore'
[1.516s] [34mcolcon.colcon_core.package_identification[0m [1;30mLevel 1[0m _identify(node_modules/detect-libc/lib) by extension 'ignore_ament_install'
[1.519s] [34mcolcon.colcon_core.package_identification[0m [1;30mLevel 1[0m _identify(node_modules/detect-libc/lib) by extensions ['colcon_pkg']
[1.519s] [34mcolcon.colcon_core.package_identification[0m [1;30mLevel 1[0m _identify(node_modules/detect-libc/lib) by extension 'colcon_pkg'
[1.520s] [34mcolcon.colcon_core.package_identification[0m [1;30mLevel 1[0m _identify(node_modules/detect-libc/lib) by extensions ['colcon_meta']
[1.520s] [34mcolcon.colcon_core.package_identification[0m [1;30mLevel 1[0m _identify(node_modules/detect-libc/lib) by extension 'colcon_meta'
[1.523s] [34mcolcon.colcon_core.package_identification[0m [1;30mLevel 1[0m _identify(node_modules/detect-libc/lib) by extensions ['ros']
[1.523s] [34mcolcon.colcon_core.package_identification[0m [1;30mLevel 1[0m _identify(node_modules/detect-libc/lib) by extension 'ros'
[1.528s] [34mcolcon.colcon_core.package_identification[0m [1;30mLevel 1[0m _identify(node_modules/detect-libc/lib) by extensions ['cmake', 'python']
[1.528s] [34mcolcon.colcon_core.package_identification[0m [1;30mLevel 1[0m _identify(node_modules/detect-libc/lib) by extension 'cmake'
[1.529s] [34mcolcon.colcon_core.package_identification[0m [1;30mLevel 1[0m _identify(node_modules/detect-libc/lib) by extension 'python'
[1.531s] [34mcolcon.colcon_core.package_identification[0m [1;30mLevel 1[0m _identify(node_modules/detect-libc/lib) by extensions ['python_setup_py']
[1.531s] [34mcolcon.colcon_core.package_identification[0m [1;30mLevel 1[0m _identify(node_modules/detect-libc/lib) by extension 'python_setup_py'
[1.534s] [34mcolcon.colcon_core.package_identification[0m [1;30mLevel 1[0m _identify(node_modules/enhanced-resolve) by extensions ['ignore', 'ignore_ament_install']
[1.535s] [34mcolcon.colcon_core.package_identification[0m [1;30mLevel 1[0m _identify(node_modules/enhanced-resolve) by extension 'ignore'
[1.536s] [34mcolcon.colcon_core.package_identification[0m [1;30mLevel 1[0m _identify(node_modules/enhanced-resolve) by extension 'ignore_ament_install'
[1.537s] [34mcolcon.colcon_core.package_identification[0m [1;30mLevel 1[0m _identify(node_modules/enhanced-resolve) by extensions ['colcon_pkg']
[1.537s] [34mcolcon.colcon_core.package_identification[0m [1;30mLevel 1[0m _identify(node_modules/enhanced-resolve) by extension 'colcon_pkg'
[1.538s] [34mcolcon.colcon_core.package_identification[0m [1;30mLevel 1[0m _identify(node_modules/enhanced-resolve) by extensions ['colcon_meta']
[1.538s] [34mcolcon.colcon_core.package_identification[0m [1;30mLevel 1[0m _identify(node_modules/enhanced-resolve) by extension 'colcon_meta'
[1.540s] [34mcolcon.colcon_core.package_identification[0m [1;30mLevel 1[0m _identify(node_modules/enhanced-resolve) by extensions ['ros']
[1.540s] [34mcolcon.colcon_core.package_identification[0m [1;30mLevel 1[0m _identify(node_modules/enhanced-resolve) by extension 'ros'
[1.544s] [34mcolcon.colcon_core.package_identification[0m [1;30mLevel 1[0m _identify(node_modules/enhanced-resolve) by extensions ['cmake', 'python']
[1.544s] [34mcolcon.colcon_core.package_identification[0m [1;30mLevel 1[0m _identify(node_modules/enhanced-resolve) by extension 'cmake'
[1.546s] [34mcolcon.colcon_core.package_identification[0m [1;30mLevel 1[0m _identify(node_modules/enhanced-resolve) by extension 'python'
[1.547s] [34mcolcon.colcon_core.package_identification[0m [1;30mLevel 1[0m _identify(node_modules/enhanced-resolve) by extensions ['python_setup_py']
[1.547s] [34mcolcon.colcon_core.package_identification[0m [1;30mLevel 1[0m _identify(node_modules/enhanced-resolve) by extension 'python_setup_py'
[1.552s] [34mcolcon.colcon_core.package_identification[0m [1;30mLevel 1[0m _identify(node_modules/enhanced-resolve/lib) by extensions ['ignore', 'ignore_ament_install']
[1.553s] [34mcolcon.colcon_core.package_identification[0m [1;30mLevel 1[0m _identify(node_modules/enhanced-resolve/lib) by extension 'ignore'
[1.554s] [34mcolcon.colcon_core.package_identification[0m [1;30mLevel 1[0m _identify(node_modules/enhanced-resolve/lib) by extension 'ignore_ament_install'
[1.556s] [34mcolcon.colcon_core.package_identification[0m [1;30mLevel 1[0m _identify(node_modules/enhanced-resolve/lib) by extensions ['colcon_pkg']
[1.556s] [34mcolcon.colcon_core.package_identification[0m [1;30mLevel 1[0m _identify(node_modules/enhanced-resolve/lib) by extension 'colcon_pkg'
[1.557s] [34mcolcon.colcon_core.package_identification[0m [1;30mLevel 1[0m _identify(node_modules/enhanced-resolve/lib) by extensions ['colcon_meta']
[1.558s] [34mcolcon.colcon_core.package_identification[0m [1;30mLevel 1[0m _identify(node_modules/enhanced-resolve/lib) by extension 'colcon_meta'
[1.560s] [34mcolcon.colcon_core.package_identification[0m [1;30mLevel 1[0m _identify(node_modules/enhanced-resolve/lib) by extensions ['ros']
[1.560s] [34mcolcon.colcon_core.package_identification[0m [1;30mLevel 1[0m _identify(node_modules/enhanced-resolve/lib) by extension 'ros'
[1.566s] [34mcolcon.colcon_core.package_identification[0m [1;30mLevel 1[0m _identify(node_modules/enhanced-resolve/lib) by extensions ['cmake', 'python']
[1.566s] [34mcolcon.colcon_core.package_identification[0m [1;30mLevel 1[0m _identify(node_modules/enhanced-resolve/lib) by extension 'cmake'
[1.567s] [34mcolcon.colcon_core.package_identification[0m [1;30mLevel 1[0m _identify(node_modules/enhanced-resolve/lib) by extension 'python'
[1.568s] [34mcolcon.colcon_core.package_identification[0m [1;30mLevel 1[0m _identify(node_modules/enhanced-resolve/lib) by extensions ['python_setup_py']
[1.569s] [34mcolcon.colcon_core.package_identification[0m [1;30mLevel 1[0m _identify(node_modules/enhanced-resolve/lib) by extension 'python_setup_py'
[1.575s] [34mcolcon.colcon_core.package_identification[0m [1;30mLevel 1[0m _identify(node_modules/enhanced-resolve/lib/util) by extensions ['ignore', 'ignore_ament_install']
[1.576s] [34mcolcon.colcon_core.package_identification[0m [1;30mLevel 1[0m _identify(node_modules/enhanced-resolve/lib/util) by extension 'ignore'
[1.578s] [34mcolcon.colcon_core.package_identification[0m [1;30mLevel 1[0m _identify(node_modules/enhanced-resolve/lib/util) by extension 'ignore_ament_install'
[1.581s] [34mcolcon.colcon_core.package_identification[0m [1;30mLevel 1[0m _identify(node_modules/enhanced-resolve/lib/util) by extensions ['colcon_pkg']
[1.581s] [34mcolcon.colcon_core.package_identification[0m [1;30mLevel 1[0m _identify(node_modules/enhanced-resolve/lib/util) by extension 'colcon_pkg'
[1.582s] [34mcolcon.colcon_core.package_identification[0m [1;30mLevel 1[0m _identify(node_modules/enhanced-resolve/lib/util) by extensions ['colcon_meta']
[1.583s] [34mcolcon.colcon_core.package_identification[0m [1;30mLevel 1[0m _identify(node_modules/enhanced-resolve/lib/util) by extension 'colcon_meta'
[1.586s] [34mcolcon.colcon_core.package_identification[0m [1;30mLevel 1[0m _identify(node_modules/enhanced-resolve/lib/util) by extensions ['ros']
[1.586s] [34mcolcon.colcon_core.package_identification[0m [1;30mLevel 1[0m _identify(node_modules/enhanced-resolve/lib/util) by extension 'ros'
[1.595s] [34mcolcon.colcon_core.package_identification[0m [1;30mLevel 1[0m _identify(node_modules/enhanced-resolve/lib/util) by extensions ['cmake', 'python']
[1.596s] [34mcolcon.colcon_core.package_identification[0m [1;30mLevel 1[0m _identify(node_modules/enhanced-resolve/lib/util) by extension 'cmake'
[1.597s] [34mcolcon.colcon_core.package_identification[0m [1;30mLevel 1[0m _identify(node_modules/enhanced-resolve/lib/util) by extension 'python'
[1.599s] [34mcolcon.colcon_core.package_identification[0m [1;30mLevel 1[0m _identify(node_modules/enhanced-resolve/lib/util) by extensions ['python_setup_py']
[1.599s] [34mcolcon.colcon_core.package_identification[0m [1;30mLevel 1[0m _identify(node_modules/enhanced-resolve/lib/util) by extension 'python_setup_py'
[1.604s] [34mcolcon.colcon_core.package_identification[0m [1;30mLevel 1[0m _identify(node_modules/fill-range) by extensions ['ignore', 'ignore_ament_install']
[1.604s] [34mcolcon.colcon_core.package_identification[0m [1;30mLevel 1[0m _identify(node_modules/fill-range) by extension 'ignore'
[1.605s] [34mcolcon.colcon_core.package_identification[0m [1;30mLevel 1[0m _identify(node_modules/fill-range) by extension 'ignore_ament_install'
[1.607s] [34mcolcon.colcon_core.package_identification[0m [1;30mLevel 1[0m _identify(node_modules/fill-range) by extensions ['colcon_pkg']
[1.607s] [34mcolcon.colcon_core.package_identification[0m [1;30mLevel 1[0m _identify(node_modules/fill-range) by extension 'colcon_pkg'
[1.608s] [34mcolcon.colcon_core.package_identification[0m [1;30mLevel 1[0m _identify(node_modules/fill-range) by extensions ['colcon_meta']
[1.609s] [34mcolcon.colcon_core.package_identification[0m [1;30mLevel 1[0m _identify(node_modules/fill-range) by extension 'colcon_meta'
[1.610s] [34mcolcon.colcon_core.package_identification[0m [1;30mLevel 1[0m _identify(node_modules/fill-range) by extensions ['ros']
[1.610s] [34mcolcon.colcon_core.package_identification[0m [1;30mLevel 1[0m _identify(node_modules/fill-range) by extension 'ros'
[1.614s] [34mcolcon.colcon_core.package_identification[0m [1;30mLevel 1[0m _identify(node_modules/fill-range) by extensions ['cmake', 'python']
[1.615s] [34mcolcon.colcon_core.package_identification[0m [1;30mLevel 1[0m _identify(node_modules/fill-range) by extension 'cmake'
[1.616s] [34mcolcon.colcon_core.package_identification[0m [1;30mLevel 1[0m _identify(node_modules/fill-range) by extension 'python'
[1.617s] [34mcolcon.colcon_core.package_identification[0m [1;30mLevel 1[0m _identify(node_modules/fill-range) by extensions ['python_setup_py']
[1.617s] [34mcolcon.colcon_core.package_identification[0m [1;30mLevel 1[0m _identify(node_modules/fill-range) by extension 'python_setup_py'
[1.621s] [34mcolcon.colcon_core.package_identification[0m [1;30mLevel 1[0m _identify(node_modules/graceful-fs) by extensions ['ignore', 'ignore_ament_install']
[1.621s] [34mcolcon.colcon_core.package_identification[0m [1;30mLevel 1[0m _identify(node_modules/graceful-fs) by extension 'ignore'
[1.622s] [34mcolcon.colcon_core.package_identification[0m [1;30mLevel 1[0m _identify(node_modules/graceful-fs) by extension 'ignore_ament_install'
[1.624s] [34mcolcon.colcon_core.package_identification[0m [1;30mLevel 1[0m _identify(node_modules/graceful-fs) by extensions ['colcon_pkg']
[1.624s] [34mcolcon.colcon_core.package_identification[0m [1;30mLevel 1[0m _identify(node_modules/graceful-fs) by extension 'colcon_pkg'
[1.625s] [34mcolcon.colcon_core.package_identification[0m [1;30mLevel 1[0m _identify(node_modules/graceful-fs) by extensions ['colcon_meta']
[1.625s] [34mcolcon.colcon_core.package_identification[0m [1;30mLevel 1[0m _identify(node_modules/graceful-fs) by extension 'colcon_meta'
[1.627s] [34mcolcon.colcon_core.package_identification[0m [1;30mLevel 1[0m _identify(node_modules/graceful-fs) by extensions ['ros']
[1.627s] [34mcolcon.colcon_core.package_identification[0m [1;30mLevel 1[0m _identify(node_modules/graceful-fs) by extension 'ros'
[1.631s] [34mcolcon.colcon_core.package_identification[0m [1;30mLevel 1[0m _identify(node_modules/graceful-fs) by extensions ['cmake', 'python']
[1.631s] [34mcolcon.colcon_core.package_identification[0m [1;30mLevel 1[0m _identify(node_modules/graceful-fs) by extension 'cmake'
[1.632s] [34mcolcon.colcon_core.package_identification[0m [1;30mLevel 1[0m _identify(node_modules/graceful-fs) by extension 'python'
[1.633s] [34mcolcon.colcon_core.package_identification[0m [1;30mLevel 1[0m _identify(node_modules/graceful-fs) by extensions ['python_setup_py']
[1.633s] [34mcolcon.colcon_core.package_identification[0m [1;30mLevel 1[0m _identify(node_modules/graceful-fs) by extension 'python_setup_py'
[1.638s] [34mcolcon.colcon_core.package_identification[0m [1;30mLevel 1[0m _identify(node_modules/is-extglob) by extensions ['ignore', 'ignore_ament_install']
[1.638s] [34mcolcon.colcon_core.package_identification[0m [1;30mLevel 1[0m _identify(node_modules/is-extglob) by extension 'ignore'
[1.639s] [34mcolcon.colcon_core.package_identification[0m [1;30mLevel 1[0m _identify(node_modules/is-extglob) by extension 'ignore_ament_install'
[1.641s] [34mcolcon.colcon_core.package_identification[0m [1;30mLevel 1[0m _identify(node_modules/is-extglob) by extensions ['colcon_pkg']
[1.642s] [34mcolcon.colcon_core.package_identification[0m [1;30mLevel 1[0m _identify(node_modules/is-extglob) by extension 'colcon_pkg'
[1.642s] [34mcolcon.colcon_core.package_identification[0m [1;30mLevel 1[0m _identify(node_modules/is-extglob) by extensions ['colcon_meta']
[1.643s] [34mcolcon.colcon_core.package_identification[0m [1;30mLevel 1[0m _identify(node_modules/is-extglob) by extension 'colcon_meta'
[1.644s] [34mcolcon.colcon_core.package_identification[0m [1;30mLevel 1[0m _identify(node_modules/is-extglob) by extensions ['ros']
[1.644s] [34mcolcon.colcon_core.package_identification[0m [1;30mLevel 1[0m _identify(node_modules/is-extglob) by extension 'ros'
[1.648s] [34mcolcon.colcon_core.package_identification[0m [1;30mLevel 1[0m _identify(node_modules/is-extglob) by extensions ['cmake', 'python']
[1.649s] [34mcolcon.colcon_core.package_identification[0m [1;30mLevel 1[0m _identify(node_modules/is-extglob) by extension 'cmake'
[1.650s] [34mcolcon.colcon_core.package_identification[0m [1;30mLevel 1[0m _identify(node_modules/is-extglob) by extension 'python'
[1.651s] [34mcolcon.colcon_core.package_identification[0m [1;30mLevel 1[0m _identify(node_modules/is-extglob) by extensions ['python_setup_py']
[1.651s] [34mcolcon.colcon_core.package_identification[0m [1;30mLevel 1[0m _identify(node_modules/is-extglob) by extension 'python_setup_py'
[1.656s] [34mcolcon.colcon_core.package_identification[0m [1;30mLevel 1[0m _identify(node_modules/is-glob) by extensions ['ignore', 'ignore_ament_install']
[1.656s] [34mcolcon.colcon_core.package_identification[0m [1;30mLevel 1[0m _identify(node_modules/is-glob) by extension 'ignore'
[1.657s] [34mcolcon.colcon_core.package_identification[0m [1;30mLevel 1[0m _identify(node_modules/is-glob) by extension 'ignore_ament_install'
[1.659s] [34mcolcon.colcon_core.package_identification[0m [1;30mLevel 1[0m _identify(node_modules/is-glob) by extensions ['colcon_pkg']
[1.659s] [34mcolcon.colcon_core.package_identification[0m [1;30mLevel 1[0m _identify(node_modules/is-glob) by extension 'colcon_pkg'
[1.660s] [34mcolcon.colcon_core.package_identification[0m [1;30mLevel 1[0m _identify(node_modules/is-glob) by extensions ['colcon_meta']
[1.660s] [34mcolcon.colcon_core.package_identification[0m [1;30mLevel 1[0m _identify(node_modules/is-glob) by extension 'colcon_meta'
[1.661s] [34mcolcon.colcon_core.package_identification[0m [1;30mLevel 1[0m _identify(node_modules/is-glob) by extensions ['ros']
[1.662s] [34mcolcon.colcon_core.package_identification[0m [1;30mLevel 1[0m _identify(node_modules/is-glob) by extension 'ros'
[1.666s] [34mcolcon.colcon_core.package_identification[0m [1;30mLevel 1[0m _identify(node_modules/is-glob) by extensions ['cmake', 'python']
[1.666s] [34mcolcon.colcon_core.package_identification[0m [1;30mLevel 1[0m _identify(node_modules/is-glob) by extension 'cmake'
[1.667s] [34mcolcon.colcon_core.package_identification[0m [1;30mLevel 1[0m _identify(node_modules/is-glob) by extension 'python'
[1.669s] [34mcolcon.colcon_core.package_identification[0m [1;30mLevel 1[0m _identify(node_modules/is-glob) by extensions ['python_setup_py']
[1.669s] [34mcolcon.colcon_core.package_identification[0m [1;30mLevel 1[0m _identify(node_modules/is-glob) by extension 'python_setup_py'
[1.673s] [34mcolcon.colcon_core.package_identification[0m [1;30mLevel 1[0m _identify(node_modules/is-number) by extensions ['ignore', 'ignore_ament_install']
[1.673s] [34mcolcon.colcon_core.package_identification[0m [1;30mLevel 1[0m _identify(node_modules/is-number) by extension 'ignore'
[1.674s] [34mcolcon.colcon_core.package_identification[0m [1;30mLevel 1[0m _identify(node_modules/is-number) by extension 'ignore_ament_install'
[1.676s] [34mcolcon.colcon_core.package_identification[0m [1;30mLevel 1[0m _identify(node_modules/is-number) by extensions ['colcon_pkg']
[1.676s] [34mcolcon.colcon_core.package_identification[0m [1;30mLevel 1[0m _identify(node_modules/is-number) by extension 'colcon_pkg'
[1.677s] [34mcolcon.colcon_core.package_identification[0m [1;30mLevel 1[0m _identify(node_modules/is-number) by extensions ['colcon_meta']
[1.677s] [34mcolcon.colcon_core.package_identification[0m [1;30mLevel 1[0m _identify(node_modules/is-number) by extension 'colcon_meta'
[1.679s] [34mcolcon.colcon_core.package_identification[0m [1;30mLevel 1[0m _identify(node_modules/is-number) by extensions ['ros']
[1.679s] [34mcolcon.colcon_core.package_identification[0m [1;30mLevel 1[0m _identify(node_modules/is-number) by extension 'ros'
[1.683s] [34mcolcon.colcon_core.package_identification[0m [1;30mLevel 1[0m _identify(node_modules/is-number) by extensions ['cmake', 'python']
[1.683s] [34mcolcon.colcon_core.package_identification[0m [1;30mLevel 1[0m _identify(node_modules/is-number) by extension 'cmake'
[1.684s] [34mcolcon.colcon_core.package_identification[0m [1;30mLevel 1[0m _identify(node_modules/is-number) by extension 'python'
[1.685s] [34mcolcon.colcon_core.package_identification[0m [1;30mLevel 1[0m _identify(node_modules/is-number) by extensions ['python_setup_py']
[1.686s] [34mcolcon.colcon_core.package_identification[0m [1;30mLevel 1[0m _identify(node_modules/is-number) by extension 'python_setup_py'
[1.689s] [34mcolcon.colcon_core.package_identification[0m [1;30mLevel 1[0m _identify(node_modules/jiti) by extensions ['ignore', 'ignore_ament_install']
[1.690s] [34mcolcon.colcon_core.package_identification[0m [1;30mLevel 1[0m _identify(node_modules/jiti) by extension 'ignore'
[1.691s] [34mcolcon.colcon_core.package_identification[0m [1;30mLevel 1[0m _identify(node_modules/jiti) by extension 'ignore_ament_install'
[1.692s] [34mcolcon.colcon_core.package_identification[0m [1;30mLevel 1[0m _identify(node_modules/jiti) by extensions ['colcon_pkg']
[1.692s] [34mcolcon.colcon_core.package_identification[0m [1;30mLevel 1[0m _identify(node_modules/jiti) by extension 'colcon_pkg'
[1.693s] [34mcolcon.colcon_core.package_identification[0m [1;30mLevel 1[0m _identify(node_modules/jiti) by extensions ['colcon_meta']
[1.694s] [34mcolcon.colcon_core.package_identification[0m [1;30mLevel 1[0m _identify(node_modules/jiti) by extension 'colcon_meta'
[1.695s] [34mcolcon.colcon_core.package_identification[0m [1;30mLevel 1[0m _identify(node_modules/jiti) by extensions ['ros']
[1.695s] [34mcolcon.colcon_core.package_identification[0m [1;30mLevel 1[0m _identify(node_modules/jiti) by extension 'ros'
[1.701s] [34mcolcon.colcon_core.package_identification[0m [1;30mLevel 1[0m _identify(node_modules/jiti) by extensions ['cmake', 'python']
[1.701s] [34mcolcon.colcon_core.package_identification[0m [1;30mLevel 1[0m _identify(node_modules/jiti) by extension 'cmake'
[1.702s] [34mcolcon.colcon_core.package_identification[0m [1;30mLevel 1[0m _identify(node_modules/jiti) by extension 'python'
[1.703s] [34mcolcon.colcon_core.package_identification[0m [1;30mLevel 1[0m _identify(node_modules/jiti) by extensions ['python_setup_py']
[1.703s] [34mcolcon.colcon_core.package_identification[0m [1;30mLevel 1[0m _identify(node_modules/jiti) by extension 'python_setup_py'
[1.709s] [34mcolcon.colcon_core.package_identification[0m [1;30mLevel 1[0m _identify(node_modules/jiti/dist) by extensions ['ignore', 'ignore_ament_install']
[1.709s] [34mcolcon.colcon_core.package_identification[0m [1;30mLevel 1[0m _identify(node_modules/jiti/dist) by extension 'ignore'
[1.710s] [34mcolcon.colcon_core.package_identification[0m [1;30mLevel 1[0m _identify(node_modules/jiti/dist) by extension 'ignore_ament_install'
[1.713s] [34mcolcon.colcon_core.package_identification[0m [1;30mLevel 1[0m _identify(node_modules/jiti/dist) by extensions ['colcon_pkg']
[1.713s] [34mcolcon.colcon_core.package_identification[0m [1;30mLevel 1[0m _identify(node_modules/jiti/dist) by extension 'colcon_pkg'
[1.715s] [34mcolcon.colcon_core.package_identification[0m [1;30mLevel 1[0m _identify(node_modules/jiti/dist) by extensions ['colcon_meta']
[1.715s] [34mcolcon.colcon_core.package_identification[0m [1;30mLevel 1[0m _identify(node_modules/jiti/dist) by extension 'colcon_meta'
[1.718s] [34mcolcon.colcon_core.package_identification[0m [1;30mLevel 1[0m _identify(node_modules/jiti/dist) by extensions ['ros']
[1.718s] [34mcolcon.colcon_core.package_identification[0m [1;30mLevel 1[0m _identify(node_modules/jiti/dist) by extension 'ros'
[1.724s] [34mcolcon.colcon_core.package_identification[0m [1;30mLevel 1[0m _identify(node_modules/jiti/dist) by extensions ['cmake', 'python']
[1.724s] [34mcolcon.colcon_core.package_identification[0m [1;30mLevel 1[0m _identify(node_modules/jiti/dist) by extension 'cmake'
[1.726s] [34mcolcon.colcon_core.package_identification[0m [1;30mLevel 1[0m _identify(node_modules/jiti/dist) by extension 'python'
[1.727s] [34mcolcon.colcon_core.package_identification[0m [1;30mLevel 1[0m _identify(node_modules/jiti/dist) by extensions ['python_setup_py']
[1.727s] [34mcolcon.colcon_core.package_identification[0m [1;30mLevel 1[0m _identify(node_modules/jiti/dist) by extension 'python_setup_py'
[1.734s] [34mcolcon.colcon_core.package_identification[0m [1;30mLevel 1[0m _identify(node_modules/jiti/lib) by extensions ['ignore', 'ignore_ament_install']
[1.734s] [34mcolcon.colcon_core.package_identification[0m [1;30mLevel 1[0m _identify(node_modules/jiti/lib) by extension 'ignore'
[1.736s] [34mcolcon.colcon_core.package_identification[0m [1;30mLevel 1[0m _identify(node_modules/jiti/lib) by extension 'ignore_ament_install'
[1.738s] [34mcolcon.colcon_core.package_identification[0m [1;30mLevel 1[0m _identify(node_modules/jiti/lib) by extensions ['colcon_pkg']
[1.738s] [34mcolcon.colcon_core.package_identification[0m [1;30mLevel 1[0m _identify(node_modules/jiti/lib) by extension 'colcon_pkg'
[1.740s] [34mcolcon.colcon_core.package_identification[0m [1;30mLevel 1[0m _identify(node_modules/jiti/lib) by extensions ['colcon_meta']
[1.740s] [34mcolcon.colcon_core.package_identification[0m [1;30mLevel 1[0m _identify(node_modules/jiti/lib) by extension 'colcon_meta'
[1.742s] [34mcolcon.colcon_core.package_identification[0m [1;30mLevel 1[0m _identify(node_modules/jiti/lib) by extensions ['ros']
[1.742s] [34mcolcon.colcon_core.package_identification[0m [1;30mLevel 1[0m _identify(node_modules/jiti/lib) by extension 'ros'
[1.748s] [34mcolcon.colcon_core.package_identification[0m [1;30mLevel 1[0m _identify(node_modules/jiti/lib) by extensions ['cmake', 'python']
[1.748s] [34mcolcon.colcon_core.package_identification[0m [1;30mLevel 1[0m _identify(node_modules/jiti/lib) by extension 'cmake'
[1.750s] [34mcolcon.colcon_core.package_identification[0m [1;30mLevel 1[0m _identify(node_modules/jiti/lib) by extension 'python'
[1.751s] [34mcolcon.colcon_core.package_identification[0m [1;30mLevel 1[0m _identify(node_modules/jiti/lib) by extensions ['python_setup_py']
[1.751s] [34mcolcon.colcon_core.package_identification[0m [1;30mLevel 1[0m _identify(node_modules/jiti/lib) by extension 'python_setup_py'
[1.755s] [34mcolcon.colcon_core.package_identification[0m [1;30mLevel 1[0m _identify(node_modules/lightningcss) by extensions ['ignore', 'ignore_ament_install']
[1.755s] [34mcolcon.colcon_core.package_identification[0m [1;30mLevel 1[0m _identify(node_modules/lightningcss) by extension 'ignore'
[1.756s] [34mcolcon.colcon_core.package_identification[0m [1;30mLevel 1[0m _identify(node_modules/lightningcss) by extension 'ignore_ament_install'
[1.758s] [34mcolcon.colcon_core.package_identification[0m [1;30mLevel 1[0m _identify(node_modules/lightningcss) by extensions ['colcon_pkg']
[1.758s] [34mcolcon.colcon_core.package_identification[0m [1;30mLevel 1[0m _identify(node_modules/lightningcss) by extension 'colcon_pkg'
[1.760s] [34mcolcon.colcon_core.package_identification[0m [1;30mLevel 1[0m _identify(node_modules/lightningcss) by extensions ['colcon_meta']
[1.760s] [34mcolcon.colcon_core.package_identification[0m [1;30mLevel 1[0m _identify(node_modules/lightningcss) by extension 'colcon_meta'
[1.762s] [34mcolcon.colcon_core.package_identification[0m [1;30mLevel 1[0m _identify(node_modules/lightningcss) by extensions ['ros']
[1.762s] [34mcolcon.colcon_core.package_identification[0m [1;30mLevel 1[0m _identify(node_modules/lightningcss) by extension 'ros'
[1.766s] [34mcolcon.colcon_core.package_identification[0m [1;30mLevel 1[0m _identify(node_modules/lightningcss) by extensions ['cmake', 'python']
[1.766s] [34mcolcon.colcon_core.package_identification[0m [1;30mLevel 1[0m _identify(node_modules/lightningcss) by extension 'cmake'
[1.767s] [34mcolcon.colcon_core.package_identification[0m [1;30mLevel 1[0m _identify(node_modules/lightningcss) by extension 'python'
[1.768s] [34mcolcon.colcon_core.package_identification[0m [1;30mLevel 1[0m _identify(node_modules/lightningcss) by extensions ['python_setup_py']
[1.769s] [34mcolcon.colcon_core.package_identification[0m [1;30mLevel 1[0m _identify(node_modules/lightningcss) by extension 'python_setup_py'
[1.774s] [34mcolcon.colcon_core.package_identification[0m [1;30mLevel 1[0m _identify(node_modules/lightningcss/node) by extensions ['ignore', 'ignore_ament_install']
[1.774s] [34mcolcon.colcon_core.package_identification[0m [1;30mLevel 1[0m _identify(node_modules/lightningcss/node) by extension 'ignore'
[1.776s] [34mcolcon.colcon_core.package_identification[0m [1;30mLevel 1[0m _identify(node_modules/lightningcss/node) by extension 'ignore_ament_install'
[1.779s] [34mcolcon.colcon_core.package_identification[0m [1;30mLevel 1[0m _identify(node_modules/lightningcss/node) by extensions ['colcon_pkg']
[1.779s] [34mcolcon.colcon_core.package_identification[0m [1;30mLevel 1[0m _identify(node_modules/lightningcss/node) by extension 'colcon_pkg'
[1.781s] [34mcolcon.colcon_core.package_identification[0m [1;30mLevel 1[0m _identify(node_modules/lightningcss/node) by extensions ['colcon_meta']
[1.781s] [34mcolcon.colcon_core.package_identification[0m [1;30mLevel 1[0m _identify(node_modules/lightningcss/node) by extension 'colcon_meta'
[1.783s] [34mcolcon.colcon_core.package_identification[0m [1;30mLevel 1[0m _identify(node_modules/lightningcss/node) by extensions ['ros']
[1.784s] [34mcolcon.colcon_core.package_identification[0m [1;30mLevel 1[0m _identify(node_modules/lightningcss/node) by extension 'ros'
[1.790s] [34mcolcon.colcon_core.package_identification[0m [1;30mLevel 1[0m _identify(node_modules/lightningcss/node) by extensions ['cmake', 'python']
[1.790s] [34mcolcon.colcon_core.package_identification[0m [1;30mLevel 1[0m _identify(node_modules/lightningcss/node) by extension 'cmake'
[1.791s] [34mcolcon.colcon_core.package_identification[0m [1;30mLevel 1[0m _identify(node_modules/lightningcss/node) by extension 'python'
[1.792s] [34mcolcon.colcon_core.package_identification[0m [1;30mLevel 1[0m _identify(node_modules/lightningcss/node) by extensions ['python_setup_py']
[1.793s] [34mcolcon.colcon_core.package_identification[0m [1;30mLevel 1[0m _identify(node_modules/lightningcss/node) by extension 'python_setup_py'
[1.799s] [34mcolcon.colcon_core.package_identification[0m [1;30mLevel 1[0m _identify(node_modules/lightningcss/node_modules) by extensions ['ignore', 'ignore_ament_install']
[1.799s] [34mcolcon.colcon_core.package_identification[0m [1;30mLevel 1[0m _identify(node_modules/lightningcss/node_modules) by extension 'ignore'
[1.800s] [34mcolcon.colcon_core.package_identification[0m [1;30mLevel 1[0m _identify(node_modules/lightningcss/node_modules) by extension 'ignore_ament_install'
[1.803s] [34mcolcon.colcon_core.package_identification[0m [1;30mLevel 1[0m _identify(node_modules/lightningcss/node_modules) by extensions ['colcon_pkg']
[1.803s] [34mcolcon.colcon_core.package_identification[0m [1;30mLevel 1[0m _identify(node_modules/lightningcss/node_modules) by extension 'colcon_pkg'
[1.805s] [34mcolcon.colcon_core.package_identification[0m [1;30mLevel 1[0m _identify(node_modules/lightningcss/node_modules) by extensions ['colcon_meta']
[1.805s] [34mcolcon.colcon_core.package_identification[0m [1;30mLevel 1[0m _identify(node_modules/lightningcss/node_modules) by extension 'colcon_meta'
[1.808s] [34mcolcon.colcon_core.package_identification[0m [1;30mLevel 1[0m _identify(node_modules/lightningcss/node_modules) by extensions ['ros']
[1.809s] [34mcolcon.colcon_core.package_identification[0m [1;30mLevel 1[0m _identify(node_modules/lightningcss/node_modules) by extension 'ros'
[1.814s] [34mcolcon.colcon_core.package_identification[0m [1;30mLevel 1[0m _identify(node_modules/lightningcss/node_modules) by extensions ['cmake', 'python']
[1.815s] [34mcolcon.colcon_core.package_identification[0m [1;30mLevel 1[0m _identify(node_modules/lightningcss/node_modules) by extension 'cmake'
[1.816s] [34mcolcon.colcon_core.package_identification[0m [1;30mLevel 1[0m _identify(node_modules/lightningcss/node_modules) by extension 'python'
[1.817s] [34mcolcon.colcon_core.package_identification[0m [1;30mLevel 1[0m _identify(node_modules/lightningcss/node_modules) by extensions ['python_setup_py']
[1.817s] [34mcolcon.colcon_core.package_identification[0m [1;30mLevel 1[0m _identify(node_modules/lightningcss/node_modules) by extension 'python_setup_py'
[1.825s] [34mcolcon.colcon_core.package_identification[0m [1;30mLevel 1[0m _identify(node_modules/lightningcss/node_modules/detect-libc) by extensions ['ignore', 'ignore_ament_install']
[1.825s] [34mcolcon.colcon_core.package_identification[0m [1;30mLevel 1[0m _identify(node_modules/lightningcss/node_modules/detect-libc) by extension 'ignore'
[1.827s] [34mcolcon.colcon_core.package_identification[0m [1;30mLevel 1[0m _identify(node_modules/lightningcss/node_modules/detect-libc) by extension 'ignore_ament_install'
[1.830s] [34mcolcon.colcon_core.package_identification[0m [1;30mLevel 1[0m _identify(node_modules/lightningcss/node_modules/detect-libc) by extensions ['colcon_pkg']
[1.830s] [34mcolcon.colcon_core.package_identification[0m [1;30mLevel 1[0m _identify(node_modules/lightningcss/node_modules/detect-libc) by extension 'colcon_pkg'
[1.832s] [34mcolcon.colcon_core.package_identification[0m [1;30mLevel 1[0m _identify(node_modules/lightningcss/node_modules/detect-libc) by extensions ['colcon_meta']
[1.832s] [34mcolcon.colcon_core.package_identification[0m [1;30mLevel 1[0m _identify(node_modules/lightningcss/node_modules/detect-libc) by extension 'colcon_meta'
[1.836s] [34mcolcon.colcon_core.package_identification[0m [1;30mLevel 1[0m _identify(node_modules/lightningcss/node_modules/detect-libc) by extensions ['ros']
[1.836s] [34mcolcon.colcon_core.package_identification[0m [1;30mLevel 1[0m _identify(node_modules/lightningcss/node_modules/detect-libc) by extension 'ros'
[1.844s] [34mcolcon.colcon_core.package_identification[0m [1;30mLevel 1[0m _identify(node_modules/lightningcss/node_modules/detect-libc) by extensions ['cmake', 'python']
[1.844s] [34mcolcon.colcon_core.package_identification[0m [1;30mLevel 1[0m _identify(node_modules/lightningcss/node_modules/detect-libc) by extension 'cmake'
[1.846s] [34mcolcon.colcon_core.package_identification[0m [1;30mLevel 1[0m _identify(node_modules/lightningcss/node_modules/detect-libc) by extension 'python'
[1.848s] [34mcolcon.colcon_core.package_identification[0m [1;30mLevel 1[0m _identify(node_modules/lightningcss/node_modules/detect-libc) by extensions ['python_setup_py']
[1.848s] [34mcolcon.colcon_core.package_identification[0m [1;30mLevel 1[0m _identify(node_modules/lightningcss/node_modules/detect-libc) by extension 'python_setup_py'
[1.858s] [34mcolcon.colcon_core.package_identification[0m [1;30mLevel 1[0m _identify(node_modules/lightningcss/node_modules/detect-libc/lib) by extensions ['ignore', 'ignore_ament_install']
[1.858s] [34mcolcon.colcon_core.package_identification[0m [1;30mLevel 1[0m _identify(node_modules/lightningcss/node_modules/detect-libc/lib) by extension 'ignore'
[1.860s] [34mcolcon.colcon_core.package_identification[0m [1;30mLevel 1[0m _identify(node_modules/lightningcss/node_modules/detect-libc/lib) by extension 'ignore_ament_install'
[1.864s] [34mcolcon.colcon_core.package_identification[0m [1;30mLevel 1[0m _identify(node_modules/lightningcss/node_modules/detect-libc/lib) by extensions ['colcon_pkg']
[1.864s] [34mcolcon.colcon_core.package_identification[0m [1;30mLevel 1[0m _identify(node_modules/lightningcss/node_modules/detect-libc/lib) by extension 'colcon_pkg'
[1.866s] [34mcolcon.colcon_core.package_identification[0m [1;30mLevel 1[0m _identify(node_modules/lightningcss/node_modules/detect-libc/lib) by extensions ['colcon_meta']
[1.866s] [34mcolcon.colcon_core.package_identification[0m [1;30mLevel 1[0m _identify(node_modules/lightningcss/node_modules/detect-libc/lib) by extension 'colcon_meta'
[1.873s] [34mcolcon.colcon_core.package_identification[0m [1;30mLevel 1[0m _identify(node_modules/lightningcss/node_modules/detect-libc/lib) by extensions ['ros']
[1.873s] [34mcolcon.colcon_core.package_identification[0m [1;30mLevel 1[0m _identify(node_modules/lightningcss/node_modules/detect-libc/lib) by extension 'ros'
[1.884s] [34mcolcon.colcon_core.package_identification[0m [1;30mLevel 1[0m _identify(node_modules/lightningcss/node_modules/detect-libc/lib) by extensions ['cmake', 'python']
[1.884s] [34mcolcon.colcon_core.package_identification[0m [1;30mLevel 1[0m _identify(node_modules/lightningcss/node_modules/detect-libc/lib) by extension 'cmake'
[1.886s] [34mcolcon.colcon_core.package_identification[0m [1;30mLevel 1[0m _identify(node_modules/lightningcss/node_modules/detect-libc/lib) by extension 'python'
[1.889s] [34mcolcon.colcon_core.package_identification[0m [1;30mLevel 1[0m _identify(node_modules/lightningcss/node_modules/detect-libc/lib) by extensions ['python_setup_py']
[1.889s] [34mcolcon.colcon_core.package_identification[0m [1;30mLevel 1[0m _identify(node_modules/lightningcss/node_modules/detect-libc/lib) by extension 'python_setup_py'
[1.914s] [34mcolcon.colcon_core.package_identification[0m [1;30mLevel 1[0m _identify(node_modules/lightningcss-win32-x64-msvc) by extensions ['ignore', 'ignore_ament_install']
[1.914s] [34mcolcon.colcon_core.package_identification[0m [1;30mLevel 1[0m _identify(node_modules/lightningcss-win32-x64-msvc) by extension 'ignore'
[1.916s] [34mcolcon.colcon_core.package_identification[0m [1;30mLevel 1[0m _identify(node_modules/lightningcss-win32-x64-msvc) by extension 'ignore_ament_install'
[1.918s] [34mcolcon.colcon_core.package_identification[0m [1;30mLevel 1[0m _identify(node_modules/lightningcss-win32-x64-msvc) by extensions ['colcon_pkg']
[1.918s] [34mcolcon.colcon_core.package_identification[0m [1;30mLevel 1[0m _identify(node_modules/lightningcss-win32-x64-msvc) by extension 'colcon_pkg'
[1.919s] [34mcolcon.colcon_core.package_identification[0m [1;30mLevel 1[0m _identify(node_modules/lightningcss-win32-x64-msvc) by extensions ['colcon_meta']
[1.919s] [34mcolcon.colcon_core.package_identification[0m [1;30mLevel 1[0m _identify(node_modules/lightningcss-win32-x64-msvc) by extension 'colcon_meta'
[1.920s] [34mcolcon.colcon_core.package_identification[0m [1;30mLevel 1[0m _identify(node_modules/lightningcss-win32-x64-msvc) by extensions ['ros']
[1.920s] [34mcolcon.colcon_core.package_identification[0m [1;30mLevel 1[0m _identify(node_modules/lightningcss-win32-x64-msvc) by extension 'ros'
[1.925s] [34mcolcon.colcon_core.package_identification[0m [1;30mLevel 1[0m _identify(node_modules/lightningcss-win32-x64-msvc) by extensions ['cmake', 'python']
[1.925s] [34mcolcon.colcon_core.package_identification[0m [1;30mLevel 1[0m _identify(node_modules/lightningcss-win32-x64-msvc) by extension 'cmake'
[1.926s] [34mcolcon.colcon_core.package_identification[0m [1;30mLevel 1[0m _identify(node_modules/lightningcss-win32-x64-msvc) by extension 'python'
[1.927s] [34mcolcon.colcon_core.package_identification[0m [1;30mLevel 1[0m _identify(node_modules/lightningcss-win32-x64-msvc) by extensions ['python_setup_py']
[1.927s] [34mcolcon.colcon_core.package_identification[0m [1;30mLevel 1[0m _identify(node_modules/lightningcss-win32-x64-msvc) by extension 'python_setup_py'
[1.931s] [34mcolcon.colcon_core.package_identification[0m [1;30mLevel 1[0m _identify(node_modules/micromatch) by extensions ['ignore', 'ignore_ament_install']
[1.931s] [34mcolcon.colcon_core.package_identification[0m [1;30mLevel 1[0m _identify(node_modules/micromatch) by extension 'ignore'
[1.932s] [34mcolcon.colcon_core.package_identification[0m [1;30mLevel 1[0m _identify(node_modules/micromatch) by extension 'ignore_ament_install'
[1.934s] [34mcolcon.colcon_core.package_identification[0m [1;30mLevel 1[0m _identify(node_modules/micromatch) by extensions ['colcon_pkg']
[1.934s] [34mcolcon.colcon_core.package_identification[0m [1;30mLevel 1[0m _identify(node_modules/micromatch) by extension 'colcon_pkg'
[1.935s] [34mcolcon.colcon_core.package_identification[0m [1;30mLevel 1[0m _identify(node_modules/micromatch) by extensions ['colcon_meta']
[1.935s] [34mcolcon.colcon_core.package_identification[0m [1;30mLevel 1[0m _identify(node_modules/micromatch) by extension 'colcon_meta'
[1.936s] [34mcolcon.colcon_core.package_identification[0m [1;30mLevel 1[0m _identify(node_modules/micromatch) by extensions ['ros']
[1.937s] [34mcolcon.colcon_core.package_identification[0m [1;30mLevel 1[0m _identify(node_modules/micromatch) by extension 'ros'
[1.941s] [34mcolcon.colcon_core.package_identification[0m [1;30mLevel 1[0m _identify(node_modules/micromatch) by extensions ['cmake', 'python']
[1.941s] [34mcolcon.colcon_core.package_identification[0m [1;30mLevel 1[0m _identify(node_modules/micromatch) by extension 'cmake'
[1.942s] [34mcolcon.colcon_core.package_identification[0m [1;30mLevel 1[0m _identify(node_modules/micromatch) by extension 'python'
[1.943s] [34mcolcon.colcon_core.package_identification[0m [1;30mLevel 1[0m _identify(node_modules/micromatch) by extensions ['python_setup_py']
[1.944s] [34mcolcon.colcon_core.package_identification[0m [1;30mLevel 1[0m _identify(node_modules/micromatch) by extension 'python_setup_py'
[1.947s] [34mcolcon.colcon_core.package_identification[0m [1;30mLevel 1[0m _identify(node_modules/mri) by extensions ['ignore', 'ignore_ament_install']
[1.947s] [34mcolcon.colcon_core.package_identification[0m [1;30mLevel 1[0m _identify(node_modules/mri) by extension 'ignore'
[1.948s] [34mcolcon.colcon_core.package_identification[0m [1;30mLevel 1[0m _identify(node_modules/mri) by extension 'ignore_ament_install'
[1.950s] [34mcolcon.colcon_core.package_identification[0m [1;30mLevel 1[0m _identify(node_modules/mri) by extensions ['colcon_pkg']
[1.950s] [34mcolcon.colcon_core.package_identification[0m [1;30mLevel 1[0m _identify(node_modules/mri) by extension 'colcon_pkg'
[1.951s] [34mcolcon.colcon_core.package_identification[0m [1;30mLevel 1[0m _identify(node_modules/mri) by extensions ['colcon_meta']
[1.951s] [34mcolcon.colcon_core.package_identification[0m [1;30mLevel 1[0m _identify(node_modules/mri) by extension 'colcon_meta'
[1.952s] [34mcolcon.colcon_core.package_identification[0m [1;30mLevel 1[0m _identify(node_modules/mri) by extensions ['ros']
[1.953s] [34mcolcon.colcon_core.package_identification[0m [1;30mLevel 1[0m _identify(node_modules/mri) by extension 'ros'
[1.970s] [34mcolcon.colcon_core.package_identification[0m [1;30mLevel 1[0m _identify(node_modules/mri) by extensions ['cmake', 'python']
[1.970s] [34mcolcon.colcon_core.package_identification[0m [1;30mLevel 1[0m _identify(node_modules/mri) by extension 'cmake'
[1.971s] [34mcolcon.colcon_core.package_identification[0m [1;30mLevel 1[0m _identify(node_modules/mri) by extension 'python'
[1.972s] [34mcolcon.colcon_core.package_identification[0m [1;30mLevel 1[0m _identify(node_modules/mri) by extensions ['python_setup_py']
[1.973s] [34mcolcon.colcon_core.package_identification[0m [1;30mLevel 1[0m _identify(node_modules/mri) by extension 'python_setup_py'
[1.978s] [34mcolcon.colcon_core.package_identification[0m [1;30mLevel 1[0m _identify(node_modules/mri/lib) by extensions ['ignore', 'ignore_ament_install']
[1.978s] [34mcolcon.colcon_core.package_identification[0m [1;30mLevel 1[0m _identify(node_modules/mri/lib) by extension 'ignore'
[1.980s] [34mcolcon.colcon_core.package_identification[0m [1;30mLevel 1[0m _identify(node_modules/mri/lib) by extension 'ignore_ament_install'
[1.982s] [34mcolcon.colcon_core.package_identification[0m [1;30mLevel 1[0m _identify(node_modules/mri/lib) by extensions ['colcon_pkg']
[1.982s] [34mcolcon.colcon_core.package_identification[0m [1;30mLevel 1[0m _identify(node_modules/mri/lib) by extension 'colcon_pkg'
[1.984s] [34mcolcon.colcon_core.package_identification[0m [1;30mLevel 1[0m _identify(node_modules/mri/lib) by extensions ['colcon_meta']
[1.984s] [34mcolcon.colcon_core.package_identification[0m [1;30mLevel 1[0m _identify(node_modules/mri/lib) by extension 'colcon_meta'
[1.986s] [34mcolcon.colcon_core.package_identification[0m [1;30mLevel 1[0m _identify(node_modules/mri/lib) by extensions ['ros']
[1.986s] [34mcolcon.colcon_core.package_identification[0m [1;30mLevel 1[0m _identify(node_modules/mri/lib) by extension 'ros'
[1.992s] [34mcolcon.colcon_core.package_identification[0m [1;30mLevel 1[0m _identify(node_modules/mri/lib) by extensions ['cmake', 'python']
[1.992s] [34mcolcon.colcon_core.package_identification[0m [1;30mLevel 1[0m _identify(node_modules/mri/lib) by extension 'cmake'
[1.993s] [34mcolcon.colcon_core.package_identification[0m [1;30mLevel 1[0m _identify(node_modules/mri/lib) by extension 'python'
[1.994s] [34mcolcon.colcon_core.package_identification[0m [1;30mLevel 1[0m _identify(node_modules/mri/lib) by extensions ['python_setup_py']
[1.995s] [34mcolcon.colcon_core.package_identification[0m [1;30mLevel 1[0m _identify(node_modules/mri/lib) by extension 'python_setup_py'
[1.998s] [34mcolcon.colcon_core.package_identification[0m [1;30mLevel 1[0m _identify(node_modules/node-addon-api) by extensions ['ignore', 'ignore_ament_install']
[1.998s] [34mcolcon.colcon_core.package_identification[0m [1;30mLevel 1[0m _identify(node_modules/node-addon-api) by extension 'ignore'
[1.999s] [34mcolcon.colcon_core.package_identification[0m [1;30mLevel 1[0m _identify(node_modules/node-addon-api) by extension 'ignore_ament_install'
[2.001s] [34mcolcon.colcon_core.package_identification[0m [1;30mLevel 1[0m _identify(node_modules/node-addon-api) by extensions ['colcon_pkg']
[2.001s] [34mcolcon.colcon_core.package_identification[0m [1;30mLevel 1[0m _identify(node_modules/node-addon-api) by extension 'colcon_pkg'
[2.002s] [34mcolcon.colcon_core.package_identification[0m [1;30mLevel 1[0m _identify(node_modules/node-addon-api) by extensions ['colcon_meta']
[2.002s] [34mcolcon.colcon_core.package_identification[0m [1;30mLevel 1[0m _identify(node_modules/node-addon-api) by extension 'colcon_meta'
[2.004s] [34mcolcon.colcon_core.package_identification[0m [1;30mLevel 1[0m _identify(node_modules/node-addon-api) by extensions ['ros']
[2.004s] [34mcolcon.colcon_core.package_identification[0m [1;30mLevel 1[0m _identify(node_modules/node-addon-api) by extension 'ros'
[2.008s] [34mcolcon.colcon_core.package_identification[0m [1;30mLevel 1[0m _identify(node_modules/node-addon-api) by extensions ['cmake', 'python']
[2.008s] [34mcolcon.colcon_core.package_identification[0m [1;30mLevel 1[0m _identify(node_modules/node-addon-api) by extension 'cmake'
[2.009s] [34mcolcon.colcon_core.package_identification[0m [1;30mLevel 1[0m _identify(node_modules/node-addon-api) by extension 'python'
[2.010s] [34mcolcon.colcon_core.package_identification[0m [1;30mLevel 1[0m _identify(node_modules/node-addon-api) by extensions ['python_setup_py']
[2.010s] [34mcolcon.colcon_core.package_identification[0m [1;30mLevel 1[0m _identify(node_modules/node-addon-api) by extension 'python_setup_py'
[2.015s] [34mcolcon.colcon_core.package_identification[0m [1;30mLevel 1[0m _identify(node_modules/node-addon-api/tools) by extensions ['ignore', 'ignore_ament_install']
[2.015s] [34mcolcon.colcon_core.package_identification[0m [1;30mLevel 1[0m _identify(node_modules/node-addon-api/tools) by extension 'ignore'
[2.017s] [34mcolcon.colcon_core.package_identification[0m [1;30mLevel 1[0m _identify(node_modules/node-addon-api/tools) by extension 'ignore_ament_install'
[2.019s] [34mcolcon.colcon_core.package_identification[0m [1;30mLevel 1[0m _identify(node_modules/node-addon-api/tools) by extensions ['colcon_pkg']
[2.019s] [34mcolcon.colcon_core.package_identification[0m [1;30mLevel 1[0m _identify(node_modules/node-addon-api/tools) by extension 'colcon_pkg'
[2.020s] [34mcolcon.colcon_core.package_identification[0m [1;30mLevel 1[0m _identify(node_modules/node-addon-api/tools) by extensions ['colcon_meta']
[2.020s] [34mcolcon.colcon_core.package_identification[0m [1;30mLevel 1[0m _identify(node_modules/node-addon-api/tools) by extension 'colcon_meta'
[2.023s] [34mcolcon.colcon_core.package_identification[0m [1;30mLevel 1[0m _identify(node_modules/node-addon-api/tools) by extensions ['ros']
[2.023s] [34mcolcon.colcon_core.package_identification[0m [1;30mLevel 1[0m _identify(node_modules/node-addon-api/tools) by extension 'ros'
[2.028s] [34mcolcon.colcon_core.package_identification[0m [1;30mLevel 1[0m _identify(node_modules/node-addon-api/tools) by extensions ['cmake', 'python']
[2.028s] [34mcolcon.colcon_core.package_identification[0m [1;30mLevel 1[0m _identify(node_modules/node-addon-api/tools) by extension 'cmake'
[2.029s] [34mcolcon.colcon_core.package_identification[0m [1;30mLevel 1[0m _identify(node_modules/node-addon-api/tools) by extension 'python'
[2.031s] [34mcolcon.colcon_core.package_identification[0m [1;30mLevel 1[0m _identify(node_modules/node-addon-api/tools) by extensions ['python_setup_py']
[2.031s] [34mcolcon.colcon_core.package_identification[0m [1;30mLevel 1[0m _identify(node_modules/node-addon-api/tools) by extension 'python_setup_py'
[2.034s] [34mcolcon.colcon_core.package_identification[0m [1;30mLevel 1[0m _identify(node_modules/picocolors) by extensions ['ignore', 'ignore_ament_install']
[2.034s] [34mcolcon.colcon_core.package_identification[0m [1;30mLevel 1[0m _identify(node_modules/picocolors) by extension 'ignore'
[2.035s] [34mcolcon.colcon_core.package_identification[0m [1;30mLevel 1[0m _identify(node_modules/picocolors) by extension 'ignore_ament_install'
[2.037s] [34mcolcon.colcon_core.package_identification[0m [1;30mLevel 1[0m _identify(node_modules/picocolors) by extensions ['colcon_pkg']
[2.037s] [34mcolcon.colcon_core.package_identification[0m [1;30mLevel 1[0m _identify(node_modules/picocolors) by extension 'colcon_pkg'
[2.038s] [34mcolcon.colcon_core.package_identification[0m [1;30mLevel 1[0m _identify(node_modules/picocolors) by extensions ['colcon_meta']
[2.038s] [34mcolcon.colcon_core.package_identification[0m [1;30mLevel 1[0m _identify(node_modules/picocolors) by extension 'colcon_meta'
[2.039s] [34mcolcon.colcon_core.package_identification[0m [1;30mLevel 1[0m _identify(node_modules/picocolors) by extensions ['ros']
[2.040s] [34mcolcon.colcon_core.package_identification[0m [1;30mLevel 1[0m _identify(node_modules/picocolors) by extension 'ros'
[2.043s] [34mcolcon.colcon_core.package_identification[0m [1;30mLevel 1[0m _identify(node_modules/picocolors) by extensions ['cmake', 'python']
[2.043s] [34mcolcon.colcon_core.package_identification[0m [1;30mLevel 1[0m _identify(node_modules/picocolors) by extension 'cmake'
[2.044s] [34mcolcon.colcon_core.package_identification[0m [1;30mLevel 1[0m _identify(node_modules/picocolors) by extension 'python'
[2.045s] [34mcolcon.colcon_core.package_identification[0m [1;30mLevel 1[0m _identify(node_modules/picocolors) by extensions ['python_setup_py']
[2.045s] [34mcolcon.colcon_core.package_identification[0m [1;30mLevel 1[0m _identify(node_modules/picocolors) by extension 'python_setup_py'
[2.049s] [34mcolcon.colcon_core.package_identification[0m [1;30mLevel 1[0m _identify(node_modules/picomatch) by extensions ['ignore', 'ignore_ament_install']
[2.049s] [34mcolcon.colcon_core.package_identification[0m [1;30mLevel 1[0m _identify(node_modules/picomatch) by extension 'ignore'
[2.050s] [34mcolcon.colcon_core.package_identification[0m [1;30mLevel 1[0m _identify(node_modules/picomatch) by extension 'ignore_ament_install'
[2.051s] [34mcolcon.colcon_core.package_identification[0m [1;30mLevel 1[0m _identify(node_modules/picomatch) by extensions ['colcon_pkg']
[2.052s] [34mcolcon.colcon_core.package_identification[0m [1;30mLevel 1[0m _identify(node_modules/picomatch) by extension 'colcon_pkg'
[2.053s] [34mcolcon.colcon_core.package_identification[0m [1;30mLevel 1[0m _identify(node_modules/picomatch) by extensions ['colcon_meta']
[2.053s] [34mcolcon.colcon_core.package_identification[0m [1;30mLevel 1[0m _identify(node_modules/picomatch) by extension 'colcon_meta'
[2.054s] [34mcolcon.colcon_core.package_identification[0m [1;30mLevel 1[0m _identify(node_modules/picomatch) by extensions ['ros']
[2.054s] [34mcolcon.colcon_core.package_identification[0m [1;30mLevel 1[0m _identify(node_modules/picomatch) by extension 'ros'
[2.058s] [34mcolcon.colcon_core.package_identification[0m [1;30mLevel 1[0m _identify(node_modules/picomatch) by extensions ['cmake', 'python']
[2.058s] [34mcolcon.colcon_core.package_identification[0m [1;30mLevel 1[0m _identify(node_modules/picomatch) by extension 'cmake'
[2.059s] [34mcolcon.colcon_core.package_identification[0m [1;30mLevel 1[0m _identify(node_modules/picomatch) by extension 'python'
[2.060s] [34mcolcon.colcon_core.package_identification[0m [1;30mLevel 1[0m _identify(node_modules/picomatch) by extensions ['python_setup_py']
[2.060s] [34mcolcon.colcon_core.package_identification[0m [1;30mLevel 1[0m _identify(node_modules/picomatch) by extension 'python_setup_py'
[2.064s] [34mcolcon.colcon_core.package_identification[0m [1;30mLevel 1[0m _identify(node_modules/picomatch/lib) by extensions ['ignore', 'ignore_ament_install']
[2.064s] [34mcolcon.colcon_core.package_identification[0m [1;30mLevel 1[0m _identify(node_modules/picomatch/lib) by extension 'ignore'
[2.065s] [34mcolcon.colcon_core.package_identification[0m [1;30mLevel 1[0m _identify(node_modules/picomatch/lib) by extension 'ignore_ament_install'
[2.068s] [34mcolcon.colcon_core.package_identification[0m [1;30mLevel 1[0m _identify(node_modules/picomatch/lib) by extensions ['colcon_pkg']
[2.068s] [34mcolcon.colcon_core.package_identification[0m [1;30mLevel 1[0m _identify(node_modules/picomatch/lib) by extension 'colcon_pkg'
[2.069s] [34mcolcon.colcon_core.package_identification[0m [1;30mLevel 1[0m _identify(node_modules/picomatch/lib) by extensions ['colcon_meta']
[2.069s] [34mcolcon.colcon_core.package_identification[0m [1;30mLevel 1[0m _identify(node_modules/picomatch/lib) by extension 'colcon_meta'
[2.071s] [34mcolcon.colcon_core.package_identification[0m [1;30mLevel 1[0m _identify(node_modules/picomatch/lib) by extensions ['ros']
[2.072s] [34mcolcon.colcon_core.package_identification[0m [1;30mLevel 1[0m _identify(node_modules/picomatch/lib) by extension 'ros'
[2.077s] [34mcolcon.colcon_core.package_identification[0m [1;30mLevel 1[0m _identify(node_modules/picomatch/lib) by extensions ['cmake', 'python']
[2.077s] [34mcolcon.colcon_core.package_identification[0m [1;30mLevel 1[0m _identify(node_modules/picomatch/lib) by extension 'cmake'
[2.078s] [34mcolcon.colcon_core.package_identification[0m [1;30mLevel 1[0m _identify(node_modules/picomatch/lib) by extension 'python'
[2.079s] [34mcolcon.colcon_core.package_identification[0m [1;30mLevel 1[0m _identify(node_modules/picomatch/lib) by extensions ['python_setup_py']
[2.079s] [34mcolcon.colcon_core.package_identification[0m [1;30mLevel 1[0m _identify(node_modules/picomatch/lib) by extension 'python_setup_py'
[2.083s] [34mcolcon.colcon_core.package_identification[0m [1;30mLevel 1[0m _identify(node_modules/tailwindcss) by extensions ['ignore', 'ignore_ament_install']
[2.083s] [34mcolcon.colcon_core.package_identification[0m [1;30mLevel 1[0m _identify(node_modules/tailwindcss) by extension 'ignore'
[2.084s] [34mcolcon.colcon_core.package_identification[0m [1;30mLevel 1[0m _identify(node_modules/tailwindcss) by extension 'ignore_ament_install'
[2.086s] [34mcolcon.colcon_core.package_identification[0m [1;30mLevel 1[0m _identify(node_modules/tailwindcss) by extensions ['colcon_pkg']
[2.086s] [34mcolcon.colcon_core.package_identification[0m [1;30mLevel 1[0m _identify(node_modules/tailwindcss) by extension 'colcon_pkg'
[2.087s] [34mcolcon.colcon_core.package_identification[0m [1;30mLevel 1[0m _identify(node_modules/tailwindcss) by extensions ['colcon_meta']
[2.087s] [34mcolcon.colcon_core.package_identification[0m [1;30mLevel 1[0m _identify(node_modules/tailwindcss) by extension 'colcon_meta'
[2.088s] [34mcolcon.colcon_core.package_identification[0m [1;30mLevel 1[0m _identify(node_modules/tailwindcss) by extensions ['ros']
[2.088s] [34mcolcon.colcon_core.package_identification[0m [1;30mLevel 1[0m _identify(node_modules/tailwindcss) by extension 'ros'
[2.092s] [34mcolcon.colcon_core.package_identification[0m [1;30mLevel 1[0m _identify(node_modules/tailwindcss) by extensions ['cmake', 'python']
[2.092s] [34mcolcon.colcon_core.package_identification[0m [1;30mLevel 1[0m _identify(node_modules/tailwindcss) by extension 'cmake'
[2.093s] [34mcolcon.colcon_core.package_identification[0m [1;30mLevel 1[0m _identify(node_modules/tailwindcss) by extension 'python'
[2.094s] [34mcolcon.colcon_core.package_identification[0m [1;30mLevel 1[0m _identify(node_modules/tailwindcss) by extensions ['python_setup_py']
[2.094s] [34mcolcon.colcon_core.package_identification[0m [1;30mLevel 1[0m _identify(node_modules/tailwindcss) by extension 'python_setup_py'
[2.098s] [34mcolcon.colcon_core.package_identification[0m [1;30mLevel 1[0m _identify(node_modules/tailwindcss/dist) by extensions ['ignore', 'ignore_ament_install']
[2.099s] [34mcolcon.colcon_core.package_identification[0m [1;30mLevel 1[0m _identify(node_modules/tailwindcss/dist) by extension 'ignore'
[2.100s] [34mcolcon.colcon_core.package_identification[0m [1;30mLevel 1[0m _identify(node_modules/tailwindcss/dist) by extension 'ignore_ament_install'
[2.102s] [34mcolcon.colcon_core.package_identification[0m [1;30mLevel 1[0m _identify(node_modules/tailwindcss/dist) by extensions ['colcon_pkg']
[2.102s] [34mcolcon.colcon_core.package_identification[0m [1;30mLevel 1[0m _identify(node_modules/tailwindcss/dist) by extension 'colcon_pkg'
[2.103s] [34mcolcon.colcon_core.package_identification[0m [1;30mLevel 1[0m _identify(node_modules/tailwindcss/dist) by extensions ['colcon_meta']
[2.103s] [34mcolcon.colcon_core.package_identification[0m [1;30mLevel 1[0m _identify(node_modules/tailwindcss/dist) by extension 'colcon_meta'
[2.106s] [34mcolcon.colcon_core.package_identification[0m [1;30mLevel 1[0m _identify(node_modules/tailwindcss/dist) by extensions ['ros']
[2.106s] [34mcolcon.colcon_core.package_identification[0m [1;30mLevel 1[0m _identify(node_modules/tailwindcss/dist) by extension 'ros'
[2.111s] [34mcolcon.colcon_core.package_identification[0m [1;30mLevel 1[0m _identify(node_modules/tailwindcss/dist) by extensions ['cmake', 'python']
[2.111s] [34mcolcon.colcon_core.package_identification[0m [1;30mLevel 1[0m _identify(node_modules/tailwindcss/dist) by extension 'cmake'
[2.112s] [34mcolcon.colcon_core.package_identification[0m [1;30mLevel 1[0m _identify(node_modules/tailwindcss/dist) by extension 'python'
[2.114s] [34mcolcon.colcon_core.package_identification[0m [1;30mLevel 1[0m _identify(node_modules/tailwindcss/dist) by extensions ['python_setup_py']
[2.114s] [34mcolcon.colcon_core.package_identification[0m [1;30mLevel 1[0m _identify(node_modules/tailwindcss/dist) by extension 'python_setup_py'
[2.117s] [34mcolcon.colcon_core.package_identification[0m [1;30mLevel 1[0m _identify(node_modules/tapable) by extensions ['ignore', 'ignore_ament_install']
[2.117s] [34mcolcon.colcon_core.package_identification[0m [1;30mLevel 1[0m _identify(node_modules/tapable) by extension 'ignore'
[2.118s] [34mcolcon.colcon_core.package_identification[0m [1;30mLevel 1[0m _identify(node_modules/tapable) by extension 'ignore_ament_install'
[2.120s] [34mcolcon.colcon_core.package_identification[0m [1;30mLevel 1[0m _identify(node_modules/tapable) by extensions ['colcon_pkg']
[2.120s] [34mcolcon.colcon_core.package_identification[0m [1;30mLevel 1[0m _identify(node_modules/tapable) by extension 'colcon_pkg'
[2.121s] [34mcolcon.colcon_core.package_identification[0m [1;30mLevel 1[0m _identify(node_modules/tapable) by extensions ['colcon_meta']
[2.121s] [34mcolcon.colcon_core.package_identification[0m [1;30mLevel 1[0m _identify(node_modules/tapable) by extension 'colcon_meta'
[2.122s] [34mcolcon.colcon_core.package_identification[0m [1;30mLevel 1[0m _identify(node_modules/tapable) by extensions ['ros']
[2.123s] [34mcolcon.colcon_core.package_identification[0m [1;30mLevel 1[0m _identify(node_modules/tapable) by extension 'ros'
[2.126s] [34mcolcon.colcon_core.package_identification[0m [1;30mLevel 1[0m _identify(node_modules/tapable) by extensions ['cmake', 'python']
[2.126s] [34mcolcon.colcon_core.package_identification[0m [1;30mLevel 1[0m _identify(node_modules/tapable) by extension 'cmake'
[2.127s] [34mcolcon.colcon_core.package_identification[0m [1;30mLevel 1[0m _identify(node_modules/tapable) by extension 'python'
[2.128s] [34mcolcon.colcon_core.package_identification[0m [1;30mLevel 1[0m _identify(node_modules/tapable) by extensions ['python_setup_py']
[2.128s] [34mcolcon.colcon_core.package_identification[0m [1;30mLevel 1[0m _identify(node_modules/tapable) by extension 'python_setup_py'
[2.133s] [34mcolcon.colcon_core.package_identification[0m [1;30mLevel 1[0m _identify(node_modules/tapable/lib) by extensions ['ignore', 'ignore_ament_install']
[2.133s] [34mcolcon.colcon_core.package_identification[0m [1;30mLevel 1[0m _identify(node_modules/tapable/lib) by extension 'ignore'
[2.134s] [34mcolcon.colcon_core.package_identification[0m [1;30mLevel 1[0m _identify(node_modules/tapable/lib) by extension 'ignore_ament_install'
[2.137s] [34mcolcon.colcon_core.package_identification[0m [1;30mLevel 1[0m _identify(node_modules/tapable/lib) by extensions ['colcon_pkg']
[2.137s] [34mcolcon.colcon_core.package_identification[0m [1;30mLevel 1[0m _identify(node_modules/tapable/lib) by extension 'colcon_pkg'
[2.138s] [34mcolcon.colcon_core.package_identification[0m [1;30mLevel 1[0m _identify(node_modules/tapable/lib) by extensions ['colcon_meta']
[2.138s] [34mcolcon.colcon_core.package_identification[0m [1;30mLevel 1[0m _identify(node_modules/tapable/lib) by extension 'colcon_meta'
[2.140s] [34mcolcon.colcon_core.package_identification[0m [1;30mLevel 1[0m _identify(node_modules/tapable/lib) by extensions ['ros']
[2.140s] [34mcolcon.colcon_core.package_identification[0m [1;30mLevel 1[0m _identify(node_modules/tapable/lib) by extension 'ros'
[2.146s] [34mcolcon.colcon_core.package_identification[0m [1;30mLevel 1[0m _identify(node_modules/tapable/lib) by extensions ['cmake', 'python']
[2.146s] [34mcolcon.colcon_core.package_identification[0m [1;30mLevel 1[0m _identify(node_modules/tapable/lib) by extension 'cmake'
[2.147s] [34mcolcon.colcon_core.package_identification[0m [1;30mLevel 1[0m _identify(node_modules/tapable/lib) by extension 'python'
[2.148s] [34mcolcon.colcon_core.package_identification[0m [1;30mLevel 1[0m _identify(node_modules/tapable/lib) by extensions ['python_setup_py']
[2.149s] [34mcolcon.colcon_core.package_identification[0m [1;30mLevel 1[0m _identify(node_modules/tapable/lib) by extension 'python_setup_py'
[2.153s] [34mcolcon.colcon_core.package_identification[0m [1;30mLevel 1[0m _identify(node_modules/to-regex-range) by extensions ['ignore', 'ignore_ament_install']
[2.153s] [34mcolcon.colcon_core.package_identification[0m [1;30mLevel 1[0m _identify(node_modules/to-regex-range) by extension 'ignore'
[2.154s] [34mcolcon.colcon_core.package_identification[0m [1;30mLevel 1[0m _identify(node_modules/to-regex-range) by extension 'ignore_ament_install'
[2.155s] [34mcolcon.colcon_core.package_identification[0m [1;30mLevel 1[0m _identify(node_modules/to-regex-range) by extensions ['colcon_pkg']
[2.155s] [34mcolcon.colcon_core.package_identification[0m [1;30mLevel 1[0m _identify(node_modules/to-regex-range) by extension 'colcon_pkg'
[2.156s] [34mcolcon.colcon_core.package_identification[0m [1;30mLevel 1[0m _identify(node_modules/to-regex-range) by extensions ['colcon_meta']
[2.156s] [34mcolcon.colcon_core.package_identification[0m [1;30mLevel 1[0m _identify(node_modules/to-regex-range) by extension 'colcon_meta'
[2.158s] [34mcolcon.colcon_core.package_identification[0m [1;30mLevel 1[0m _identify(node_modules/to-regex-range) by extensions ['ros']
[2.158s] [34mcolcon.colcon_core.package_identification[0m [1;30mLevel 1[0m _identify(node_modules/to-regex-range) by extension 'ros'
[2.161s] [34mcolcon.colcon_core.package_identification[0m [1;30mLevel 1[0m _identify(node_modules/to-regex-range) by extensions ['cmake', 'python']
[2.162s] [34mcolcon.colcon_core.package_identification[0m [1;30mLevel 1[0m _identify(node_modules/to-regex-range) by extension 'cmake'
[2.163s] [34mcolcon.colcon_core.package_identification[0m [1;30mLevel 1[0m _identify(node_modules/to-regex-range) by extension 'python'
[2.164s] [34mcolcon.colcon_core.package_identification[0m [1;30mLevel 1[0m _identify(node_modules/to-regex-range) by extensions ['python_setup_py']
[2.164s] [34mcolcon.colcon_core.package_identification[0m [1;30mLevel 1[0m _identify(node_modules/to-regex-range) by extension 'python_setup_py'
[2.166s] [34mcolcon.colcon_core.package_identification[0m [1;30mLevel 1[0m _identify(other_codes) by extensions ['ignore', 'ignore_ament_install']
[2.166s] [34mcolcon.colcon_core.package_identification[0m [1;30mLevel 1[0m _identify(other_codes) by extension 'ignore'
[2.167s] [34mcolcon.colcon_core.package_identification[0m [1;30mLevel 1[0m _identify(other_codes) by extension 'ignore_ament_install'
[2.168s] [34mcolcon.colcon_core.package_identification[0m [1;30mLevel 1[0m _identify(other_codes) by extensions ['colcon_pkg']
[2.168s] [34mcolcon.colcon_core.package_identification[0m [1;30mLevel 1[0m _identify(other_codes) by extension 'colcon_pkg'
[2.169s] [34mcolcon.colcon_core.package_identification[0m [1;30mLevel 1[0m _identify(other_codes) by extensions ['colcon_meta']
[2.169s] [34mcolcon.colcon_core.package_identification[0m [1;30mLevel 1[0m _identify(other_codes) by extension 'colcon_meta'
[2.169s] [34mcolcon.colcon_core.package_identification[0m [1;30mLevel 1[0m _identify(other_codes) by extensions ['ros']
[2.170s] [34mcolcon.colcon_core.package_identification[0m [1;30mLevel 1[0m _identify(other_codes) by extension 'ros'
[2.172s] [34mcolcon.colcon_core.package_identification[0m [1;30mLevel 1[0m _identify(other_codes) by extensions ['cmake', 'python']
[2.172s] [34mcolcon.colcon_core.package_identification[0m [1;30mLevel 1[0m _identify(other_codes) by extension 'cmake'
[2.172s] [34mcolcon.colcon_core.package_identification[0m [1;30mLevel 1[0m _identify(other_codes) by extension 'python'
[2.173s] [34mcolcon.colcon_core.package_identification[0m [1;30mLevel 1[0m _identify(other_codes) by extensions ['python_setup_py']
[2.173s] [34mcolcon.colcon_core.package_identification[0m [1;30mLevel 1[0m _identify(other_codes) by extension 'python_setup_py'
[2.175s] [34mcolcon.colcon_core.package_identification[0m [1;30mLevel 1[0m _identify(ros2_Ws) by extensions ['ignore', 'ignore_ament_install']
[2.175s] [34mcolcon.colcon_core.package_identification[0m [1;30mLevel 1[0m _identify(ros2_Ws) by extension 'ignore'
[2.176s] [34mcolcon.colcon_core.package_identification[0m [1;30mLevel 1[0m _identify(ros2_Ws) by extension 'ignore_ament_install'
[2.177s] [34mcolcon.colcon_core.package_identification[0m [1;30mLevel 1[0m _identify(ros2_Ws) by extensions ['colcon_pkg']
[2.177s] [34mcolcon.colcon_core.package_identification[0m [1;30mLevel 1[0m _identify(ros2_Ws) by extension 'colcon_pkg'
[2.177s] [34mcolcon.colcon_core.package_identification[0m [1;30mLevel 1[0m _identify(ros2_Ws) by extensions ['colcon_meta']
[2.178s] [34mcolcon.colcon_core.package_identification[0m [1;30mLevel 1[0m _identify(ros2_Ws) by extension 'colcon_meta'
[2.178s] [34mcolcon.colcon_core.package_identification[0m [1;30mLevel 1[0m _identify(ros2_Ws) by extensions ['ros']
[2.178s] [34mcolcon.colcon_core.package_identification[0m [1;30mLevel 1[0m _identify(ros2_Ws) by extension 'ros'
[2.181s] [34mcolcon.colcon_core.package_identification[0m [1;30mLevel 1[0m _identify(ros2_Ws) by extensions ['cmake', 'python']
[2.181s] [34mcolcon.colcon_core.package_identification[0m [1;30mLevel 1[0m _identify(ros2_Ws) by extension 'cmake'
[2.181s] [34mcolcon.colcon_core.package_identification[0m [1;30mLevel 1[0m _identify(ros2_Ws) by extension 'python'
[2.182s] [34mcolcon.colcon_core.package_identification[0m [1;30mLevel 1[0m _identify(ros2_Ws) by extensions ['python_setup_py']
[2.182s] [34mcolcon.colcon_core.package_identification[0m [1;30mLevel 1[0m _identify(ros2_Ws) by extension 'python_setup_py'
[2.185s] [34mcolcon.colcon_core.package_identification[0m [1;30mLevel 1[0m _identify(ros2_Ws/build) by extensions ['ignore', 'ignore_ament_install']
[2.186s] [34mcolcon.colcon_core.package_identification[0m [1;30mLevel 1[0m _identify(ros2_Ws/build) by extension 'ignore'
[2.187s] [34mcolcon.colcon_core.package_identification[0m [1;30mLevel 1[0m _identify(ros2_Ws/build) ignored
[2.189s] [34mcolcon.colcon_core.package_identification[0m [1;30mLevel 1[0m _identify(ros2_Ws/install) by extensions ['ignore', 'ignore_ament_install']
[2.190s] [34mcolcon.colcon_core.package_identification[0m [1;30mLevel 1[0m _identify(ros2_Ws/install) by extension 'ignore'
[2.191s] [34mcolcon.colcon_core.package_identification[0m [1;30mLevel 1[0m _identify(ros2_Ws/install) ignored
[2.195s] [34mcolcon.colcon_core.package_identification[0m [1;30mLevel 1[0m _identify(ros2_Ws/log) by extensions ['ignore', 'ignore_ament_install']
[2.195s] [34mcolcon.colcon_core.package_identification[0m [1;30mLevel 1[0m _identify(ros2_Ws/log) by extension 'ignore'
[2.196s] [34mcolcon.colcon_core.package_identification[0m [1;30mLevel 1[0m _identify(ros2_Ws/log) ignored
[2.199s] [34mcolcon.colcon_core.package_identification[0m [1;30mLevel 1[0m _identify(ros2_Ws/src) by extensions ['ignore', 'ignore_ament_install']
[2.200s] [34mcolcon.colcon_core.package_identification[0m [1;30mLevel 1[0m _identify(ros2_Ws/src) by extension 'ignore'
[2.201s] [34mcolcon.colcon_core.package_identification[0m [1;30mLevel 1[0m _identify(ros2_Ws/src) by extension 'ignore_ament_install'
[2.202s] [34mcolcon.colcon_core.package_identification[0m [1;30mLevel 1[0m _identify(ros2_Ws/src) by extensions ['colcon_pkg']
[2.202s] [34mcolcon.colcon_core.package_identification[0m [1;30mLevel 1[0m _identify(ros2_Ws/src) by extension 'colcon_pkg'
[2.203s] [34mcolcon.colcon_core.package_identification[0m [1;30mLevel 1[0m _identify(ros2_Ws/src) by extensions ['colcon_meta']
[2.203s] [34mcolcon.colcon_core.package_identification[0m [1;30mLevel 1[0m _identify(ros2_Ws/src) by extension 'colcon_meta'
[2.204s] [34mcolcon.colcon_core.package_identification[0m [1;30mLevel 1[0m _identify(ros2_Ws/src) by extensions ['ros']
[2.204s] [34mcolcon.colcon_core.package_identification[0m [1;30mLevel 1[0m _identify(ros2_Ws/src) by extension 'ros'
[2.208s] [34mcolcon.colcon_core.package_identification[0m [1;30mLevel 1[0m _identify(ros2_Ws/src) by extensions ['cmake', 'python']
[2.208s] [34mcolcon.colcon_core.package_identification[0m [1;30mLevel 1[0m _identify(ros2_Ws/src) by extension 'cmake'
[2.209s] [34mcolcon.colcon_core.package_identification[0m [1;30mLevel 1[0m _identify(ros2_Ws/src) by extension 'python'
[2.210s] [34mcolcon.colcon_core.package_identification[0m [1;30mLevel 1[0m _identify(ros2_Ws/src) by extensions ['python_setup_py']
[2.210s] [34mcolcon.colcon_core.package_identification[0m [1;30mLevel 1[0m _identify(ros2_Ws/src) by extension 'python_setup_py'
[2.215s] [34mcolcon.colcon_core.package_identification[0m [1;30mLevel 1[0m _identify(ros2_Ws/src/my_drone_launcher) by extensions ['ignore', 'ignore_ament_install']
[2.215s] [34mcolcon.colcon_core.package_identification[0m [1;30mLevel 1[0m _identify(ros2_Ws/src/my_drone_launcher) by extension 'ignore'
[2.217s] [34mcolcon.colcon_core.package_identification[0m [1;30mLevel 1[0m _identify(ros2_Ws/src/my_drone_launcher) by extension 'ignore_ament_install'
[2.219s] [34mcolcon.colcon_core.package_identification[0m [1;30mLevel 1[0m _identify(ros2_Ws/src/my_drone_launcher) by extensions ['colcon_pkg']
[2.219s] [34mcolcon.colcon_core.package_identification[0m [1;30mLevel 1[0m _identify(ros2_Ws/src/my_drone_launcher) by extension 'colcon_pkg'
[2.220s] [34mcolcon.colcon_core.package_identification[0m [1;30mLevel 1[0m _identify(ros2_Ws/src/my_drone_launcher) by extensions ['colcon_meta']
[2.220s] [34mcolcon.colcon_core.package_identification[0m [1;30mLevel 1[0m _identify(ros2_Ws/src/my_drone_launcher) by extension 'colcon_meta'
[2.222s] [34mcolcon.colcon_core.package_identification[0m [1;30mLevel 1[0m _identify(ros2_Ws/src/my_drone_launcher) by extensions ['ros']
[2.222s] [34mcolcon.colcon_core.package_identification[0m [1;30mLevel 1[0m _identify(ros2_Ws/src/my_drone_launcher) by extension 'ros'
[2.235s] [34mcolcon.colcon_core.package_identification[0m [1;30mDEBUG[0m [32mPackage 'ros2_Ws/src/my_drone_launcher' with type 'ros.ament_cmake' and name 'my_drone_launcher'[0m
[2.240s] [34mcolcon.colcon_core.package_identification[0m [1;30mLevel 1[0m _identify(ros2_Ws/src/my_robot_controller) by extensions ['ignore', 'ignore_ament_install']
[2.240s] [34mcolcon.colcon_core.package_identification[0m [1;30mLevel 1[0m _identify(ros2_Ws/src/my_robot_controller) by extension 'ignore'
[2.241s] [34mcolcon.colcon_core.package_identification[0m [1;30mLevel 1[0m _identify(ros2_Ws/src/my_robot_controller) by extension 'ignore_ament_install'
[2.244s] [34mcolcon.colcon_core.package_identification[0m [1;30mLevel 1[0m _identify(ros2_Ws/src/my_robot_controller) by extensions ['colcon_pkg']
[2.244s] [34mcolcon.colcon_core.package_identification[0m [1;30mLevel 1[0m _identify(ros2_Ws/src/my_robot_controller) by extension 'colcon_pkg'
[2.246s] [34mcolcon.colcon_core.package_identification[0m [1;30mLevel 1[0m _identify(ros2_Ws/src/my_robot_controller) by extensions ['colcon_meta']
[2.246s] [34mcolcon.colcon_core.package_identification[0m [1;30mLevel 1[0m _identify(ros2_Ws/src/my_robot_controller) by extension 'colcon_meta'
[2.248s] [34mcolcon.colcon_core.package_identification[0m [1;30mLevel 1[0m _identify(ros2_Ws/src/my_robot_controller) by extensions ['ros']
[2.248s] [34mcolcon.colcon_core.package_identification[0m [1;30mLevel 1[0m _identify(ros2_Ws/src/my_robot_controller) by extension 'ros'
[2.273s] [34mcolcon.colcon_core.package_identification[0m [1;30mDEBUG[0m [32mPackage 'ros2_Ws/src/my_robot_controller' with type 'ros.ament_python' and name 'my_robot_controller'[0m
[2.301s] [34mcolcon.colcon_core.package_identification[0m [1;30mLevel 1[0m _identify(ros2_Ws/src/my_robot_launcher) by extensions ['ignore', 'ignore_ament_install']
[2.302s] [34mcolcon.colcon_core.package_identification[0m [1;30mLevel 1[0m _identify(ros2_Ws/src/my_robot_launcher) by extension 'ignore'
[2.307s] [34mcolcon.colcon_core.package_identification[0m [1;30mLevel 1[0m _identify(ros2_Ws/src/my_robot_launcher) by extension 'ignore_ament_install'
[2.312s] [34mcolcon.colcon_core.package_identification[0m [1;30mLevel 1[0m _identify(ros2_Ws/src/my_robot_launcher) by extensions ['colcon_pkg']
[2.312s] [34mcolcon.colcon_core.package_identification[0m [1;30mLevel 1[0m _identify(ros2_Ws/src/my_robot_launcher) by extension 'colcon_pkg'
[2.314s] [34mcolcon.colcon_core.package_identification[0m [1;30mLevel 1[0m _identify(ros2_Ws/src/my_robot_launcher) by extensions ['colcon_meta']
[2.315s] [34mcolcon.colcon_core.package_identification[0m [1;30mLevel 1[0m _identify(ros2_Ws/src/my_robot_launcher) by extension 'colcon_meta'
[2.318s] [34mcolcon.colcon_core.package_identification[0m [1;30mLevel 1[0m _identify(ros2_Ws/src/my_robot_launcher) by extensions ['ros']
[2.318s] [34mcolcon.colcon_core.package_identification[0m [1;30mLevel 1[0m _identify(ros2_Ws/src/my_robot_launcher) by extension 'ros'
[2.329s] [34mcolcon.colcon_core.package_identification[0m [1;30mDEBUG[0m [32mPackage 'ros2_Ws/src/my_robot_launcher' with type 'ros.ament_cmake' and name 'my_robot_launcher'[0m
[2.331s] [34mcolcon.colcon_core.package_identification[0m [1;30mLevel 1[0m _identify(temp) by extensions ['ignore', 'ignore_ament_install']
[2.331s] [34mcolcon.colcon_core.package_identification[0m [1;30mLevel 1[0m _identify(temp) by extension 'ignore'
[2.332s] [34mcolcon.colcon_core.package_identification[0m [1;30mLevel 1[0m _identify(temp) by extension 'ignore_ament_install'
[2.333s] [34mcolcon.colcon_core.package_identification[0m [1;30mLevel 1[0m _identify(temp) by extensions ['colcon_pkg']
[2.333s] [34mcolcon.colcon_core.package_identification[0m [1;30mLevel 1[0m _identify(temp) by extension 'colcon_pkg'
[2.334s] [34mcolcon.colcon_core.package_identification[0m [1;30mLevel 1[0m _identify(temp) by extensions ['colcon_meta']
[2.334s] [34mcolcon.colcon_core.package_identification[0m [1;30mLevel 1[0m _identify(temp) by extension 'colcon_meta'
[2.335s] [34mcolcon.colcon_core.package_identification[0m [1;30mLevel 1[0m _identify(temp) by extensions ['ros']
[2.335s] [34mcolcon.colcon_core.package_identification[0m [1;30mLevel 1[0m _identify(temp) by extension 'ros'
[2.337s] [34mcolcon.colcon_core.package_identification[0m [1;30mLevel 1[0m _identify(temp) by extensions ['cmake', 'python']
[2.337s] [34mcolcon.colcon_core.package_identification[0m [1;30mLevel 1[0m _identify(temp) by extension 'cmake'
[2.338s] [34mcolcon.colcon_core.package_identification[0m [1;30mLevel 1[0m _identify(temp) by extension 'python'
[2.339s] [34mcolcon.colcon_core.package_identification[0m [1;30mLevel 1[0m _identify(temp) by extensions ['python_setup_py']
[2.339s] [34mcolcon.colcon_core.package_identification[0m [1;30mLevel 1[0m _identify(temp) by extension 'python_setup_py'
[2.342s] [34mcolcon.colcon_core.package_identification[0m [1;30mLevel 1[0m _identify(temp/package) by extensions ['ignore', 'ignore_ament_install']
[2.342s] [34mcolcon.colcon_core.package_identification[0m [1;30mLevel 1[0m _identify(temp/package) by extension 'ignore'
[2.343s] [34mcolcon.colcon_core.package_identification[0m [1;30mLevel 1[0m _identify(temp/package) by extension 'ignore_ament_install'
[2.345s] [34mcolcon.colcon_core.package_identification[0m [1;30mLevel 1[0m _identify(temp/package) by extensions ['colcon_pkg']
[2.345s] [34mcolcon.colcon_core.package_identification[0m [1;30mLevel 1[0m _identify(temp/package) by extension 'colcon_pkg'
[2.346s] [34mcolcon.colcon_core.package_identification[0m [1;30mLevel 1[0m _identify(temp/package) by extensions ['colcon_meta']
[2.346s] [34mcolcon.colcon_core.package_identification[0m [1;30mLevel 1[0m _identify(temp/package) by extension 'colcon_meta'
[2.347s] [34mcolcon.colcon_core.package_identification[0m [1;30mLevel 1[0m _identify(temp/package) by extensions ['ros']
[2.348s] [34mcolcon.colcon_core.package_identification[0m [1;30mLevel 1[0m _identify(temp/package) by extension 'ros'
[2.351s] [34mcolcon.colcon_core.package_identification[0m [1;30mLevel 1[0m _identify(temp/package) by extensions ['cmake', 'python']
[2.352s] [34mcolcon.colcon_core.package_identification[0m [1;30mLevel 1[0m _identify(temp/package) by extension 'cmake'
[2.353s] [34mcolcon.colcon_core.package_identification[0m [1;30mLevel 1[0m _identify(temp/package) by extension 'python'
[2.354s] [34mcolcon.colcon_core.package_identification[0m [1;30mLevel 1[0m _identify(temp/package) by extensions ['python_setup_py']
[2.354s] [34mcolcon.colcon_core.package_identification[0m [1;30mLevel 1[0m _identify(temp/package) by extension 'python_setup_py'
[2.358s] [34mcolcon.colcon_core.package_identification[0m [1;30mLevel 1[0m _identify(temp/package/dist) by extensions ['ignore', 'ignore_ament_install']
[2.359s] [34mcolcon.colcon_core.package_identification[0m [1;30mLevel 1[0m _identify(temp/package/dist) by extension 'ignore'
[2.360s] [34mcolcon.colcon_core.package_identification[0m [1;30mLevel 1[0m _identify(temp/package/dist) by extension 'ignore_ament_install'
[2.380s] [34mcolcon.colcon_core.package_identification[0m [1;30mLevel 1[0m _identify(temp/package/dist) by extensions ['colcon_pkg']
[2.381s] [34mcolcon.colcon_core.package_identification[0m [1;30mLevel 1[0m _identify(temp/package/dist) by extension 'colcon_pkg'
[2.383s] [34mcolcon.colcon_core.package_identification[0m [1;30mLevel 1[0m _identify(temp/package/dist) by extensions ['colcon_meta']
[2.383s] [34mcolcon.colcon_core.package_identification[0m [1;30mLevel 1[0m _identify(temp/package/dist) by extension 'colcon_meta'
[2.386s] [34mcolcon.colcon_core.package_identification[0m [1;30mLevel 1[0m _identify(temp/package/dist) by extensions ['ros']
[2.386s] [34mcolcon.colcon_core.package_identification[0m [1;30mLevel 1[0m _identify(temp/package/dist) by extension 'ros'
[2.391s] [34mcolcon.colcon_core.package_identification[0m [1;30mLevel 1[0m _identify(temp/package/dist) by extensions ['cmake', 'python']
[2.392s] [34mcolcon.colcon_core.package_identification[0m [1;30mLevel 1[0m _identify(temp/package/dist) by extension 'cmake'
[2.393s] [34mcolcon.colcon_core.package_identification[0m [1;30mLevel 1[0m _identify(temp/package/dist) by extension 'python'
[2.394s] [34mcolcon.colcon_core.package_identification[0m [1;30mLevel 1[0m _identify(temp/package/dist) by extensions ['python_setup_py']
[2.394s] [34mcolcon.colcon_core.package_identification[0m [1;30mLevel 1[0m _identify(temp/package/dist) by extension 'python_setup_py'
[2.395s] [34mcolcon.colcon_core.package_discovery[0m [1;30mLevel 1[0m discover_packages(recursive) using defaults
[2.395s] [34mcolcon.colcon_core.package_discovery[0m [1;30mLevel 1[0m discover_packages(ignore) discover
[2.396s] [34mcolcon.colcon_core.package_discovery[0m [1;30mLevel 1[0m discover_packages(ignore) using defaults
[2.396s] [34mcolcon.colcon_core.package_discovery[0m [1;30mLevel 1[0m discover_packages(path) discover
[2.396s] [34mcolcon.colcon_core.package_discovery[0m [1;30mLevel 1[0m discover_packages(path) using defaults
[2.456s] [34mcolcon.colcon_core.package_discovery[0m [1;30mLevel 1[0m discover_packages(prefix_path) check parameters
[2.456s] [34mcolcon.colcon_core.package_discovery[0m [1;30mLevel 1[0m discover_packages(prefix_path) discover
[2.511s] [34mcolcon.colcon_installed_package_information.package_discovery[0m [1;30mDEBUG[0m [32mFound 3 installed packages in /mnt/f/NITS/ANAV/main/ros2_Ws/install[0m
[2.512s] [34mcolcon.colcon_installed_package_information.package_discovery[0m [1;30mDEBUG[0m [32mFound 226 installed packages in /opt/ros/humble[0m
[2.513s] [34mcolcon.colcon_core.package_discovery[0m [1;30mLevel 1[0m discover_packages(prefix_path) using defaults
[2.565s] [34mcolcon.colcon_core.verb[0m [1;30mLevel 5[0m set package 'my_robot_controller' build argument 'cmake_args' from command line to 'None'
[2.565s] [34mcolcon.colcon_core.verb[0m [1;30mLevel 5[0m set package 'my_robot_controller' build argument 'cmake_target' from command line to 'None'
[2.565s] [34mcolcon.colcon_core.verb[0m [1;30mLevel 5[0m set package 'my_robot_controller' build argument 'cmake_target_skip_unavailable' from command line to 'False'
[2.566s] [34mcolcon.colcon_core.verb[0m [1;30mLevel 5[0m set package 'my_robot_controller' build argument 'cmake_clean_cache' from command line to 'False'
[2.566s] [34mcolcon.colcon_core.verb[0m [1;30mLevel 5[0m set package 'my_robot_controller' build argument 'cmake_clean_first' from command line to 'False'
[2.566s] [34mcolcon.colcon_core.verb[0m [1;30mLevel 5[0m set package 'my_robot_controller' build argument 'cmake_force_configure' from command line to 'False'
[2.567s] [34mcolcon.colcon_core.verb[0m [1;30mLevel 5[0m set package 'my_robot_controller' build argument 'ament_cmake_args' from command line to 'None'
[2.567s] [34mcolcon.colcon_core.verb[0m [1;30mLevel 5[0m set package 'my_robot_controller' build argument 'catkin_cmake_args' from command line to 'None'
[2.567s] [34mcolcon.colcon_core.verb[0m [1;30mLevel 5[0m set package 'my_robot_controller' build argument 'catkin_skip_building_tests' from command line to 'False'
[2.568s] [34mcolcon.colcon_core.verb[0m [1;30mDEBUG[0m [32mBuilding package 'my_robot_controller' with the following arguments: {'ament_cmake_args': None, 'build_base': '/mnt/f/NITS/ANAV/main/build/my_robot_controller', 'catkin_cmake_args': None, 'catkin_skip_building_tests': False, 'cmake_args': None, 'cmake_clean_cache': False, 'cmake_clean_first': False, 'cmake_force_configure': False, 'cmake_target': None, 'cmake_target_skip_unavailable': False, 'install_base': '/mnt/f/NITS/ANAV/main/install/my_robot_controller', 'merge_install': False, 'path': '/mnt/f/NITS/ANAV/main/ros2_Ws/src/my_robot_controller', 'symlink_install': False, 'test_result_base': None}[0m
[2.568s] [34mcolcon.colcon_core.verb[0m [1;30mLevel 5[0m set package 'my_drone_launcher' build argument 'cmake_args' from command line to 'None'
[2.569s] [34mcolcon.colcon_core.verb[0m [1;30mLevel 5[0m set package 'my_drone_launcher' build argument 'cmake_target' from command line to 'None'
[2.569s] [34mcolcon.colcon_core.verb[0m [1;30mLevel 5[0m set package 'my_drone_launcher' build argument 'cmake_target_skip_unavailable' from command line to 'False'
[2.569s] [34mcolcon.colcon_core.verb[0m [1;30mLevel 5[0m set package 'my_drone_launcher' build argument 'cmake_clean_cache' from command line to 'False'
[2.570s] [34mcolcon.colcon_core.verb[0m [1;30mLevel 5[0m set package 'my_drone_launcher' build argument 'cmake_clean_first' from command line to 'False'
[2.570s] [34mcolcon.colcon_core.verb[0m [1;30mLevel 5[0m set package 'my_drone_launcher' build argument 'cmake_force_configure' from command line to 'False'
[2.570s] [34mcolcon.colcon_core.verb[0m [1;30mLevel 5[0m set package 'my_drone_launcher' build argument 'ament_cmake_args' from command line to 'None'
[2.570s] [34mcolcon.colcon_core.verb[0m [1;30mLevel 5[0m set package 'my_drone_launcher' build argument 'catkin_cmake_args' from command line to 'None'
[2.571s] [34mcolcon.colcon_core.verb[0m [1;30mLevel 5[0m set package 'my_drone_launcher' build argument 'catkin_skip_building_tests' from command line to 'False'
[2.571s] [34mcolcon.colcon_core.verb[0m [1;30mDEBUG[0m [32mBuilding package 'my_drone_launcher' with the following arguments: {'ament_cmake_args': None, 'build_base': '/mnt/f/NITS/ANAV/main/build/my_drone_launcher', 'catkin_cmake_args': None, 'catkin_skip_building_tests': False, 'cmake_args': None, 'cmake_clean_cache': False, 'cmake_clean_first': False, 'cmake_force_configure': False, 'cmake_target': None, 'cmake_target_skip_unavailable': False, 'install_base': '/mnt/f/NITS/ANAV/main/install/my_drone_launcher', 'merge_install': False, 'path': '/mnt/f/NITS/ANAV/main/ros2_Ws/src/my_drone_launcher', 'symlink_install': False, 'test_result_base': None}[0m
[2.572s] [34mcolcon.colcon_core.verb[0m [1;30mLevel 5[0m set package 'my_robot_launcher' build argument 'cmake_args' from command line to 'None'
[2.572s] [34mcolcon.colcon_core.verb[0m [1;30mLevel 5[0m set package 'my_robot_launcher' build argument 'cmake_target' from command line to 'None'
[2.572s] [34mcolcon.colcon_core.verb[0m [1;30mLevel 5[0m set package 'my_robot_launcher' build argument 'cmake_target_skip_unavailable' from command line to 'False'
[2.572s] [34mcolcon.colcon_core.verb[0m [1;30mLevel 5[0m set package 'my_robot_launcher' build argument 'cmake_clean_cache' from command line to 'False'
[2.573s] [34mcolcon.colcon_core.verb[0m [1;30mLevel 5[0m set package 'my_robot_launcher' build argument 'cmake_clean_first' from command line to 'False'
[2.573s] [34mcolcon.colcon_core.verb[0m [1;30mLevel 5[0m set package 'my_robot_launcher' build argument 'cmake_force_configure' from command line to 'False'
[2.573s] [34mcolcon.colcon_core.verb[0m [1;30mLevel 5[0m set package 'my_robot_launcher' build argument 'ament_cmake_args' from command line to 'None'
[2.573s] [34mcolcon.colcon_core.verb[0m [1;30mLevel 5[0m set package 'my_robot_launcher' build argument 'catkin_cmake_args' from command line to 'None'
[2.574s] [34mcolcon.colcon_core.verb[0m [1;30mLevel 5[0m set package 'my_robot_launcher' build argument 'catkin_skip_building_tests' from command line to 'False'
[2.574s] [34mcolcon.colcon_core.verb[0m [1;30mDEBUG[0m [32mBuilding package 'my_robot_launcher' with the following arguments: {'ament_cmake_args': None, 'build_base': '/mnt/f/NITS/ANAV/main/build/my_robot_launcher', 'catkin_cmake_args': None, 'catkin_skip_building_tests': False, 'cmake_args': None, 'cmake_clean_cache': False, 'cmake_clean_first': False, 'cmake_force_configure': False, 'cmake_target': None, 'cmake_target_skip_unavailable': False, 'install_base': '/mnt/f/NITS/ANAV/main/install/my_robot_launcher', 'merge_install': False, 'path': '/mnt/f/NITS/ANAV/main/ros2_Ws/src/my_robot_launcher', 'symlink_install': False, 'test_result_base': None}[0m
[2.574s] [34mcolcon.colcon_core.executor[0m [1;30mINFO[0m Executing jobs using 'parallel' executor
[2.575s] [34mcolcon.colcon_parallel_executor.executor.parallel[0m [1;30mDEBUG[0m [32mrun_until_complete[0m
[2.575s] [34mcolcon.colcon_ros.task.ament_python.build[0m [1;30mINFO[0m Building ROS package in '/mnt/f/NITS/ANAV/main/ros2_Ws/src/my_robot_controller' with build type 'ament_python'
[2.576s] [34mcolcon.colcon_core.shell[0m [1;30mLevel 1[0m create_environment_hook('my_robot_controller', 'ament_prefix_path')
[2.582s] [34mcolcon.colcon_core.plugin_system[0m [1;30mINFO[0m Skipping extension 'colcon_core.shell.bat': Not used on non-Windows systems
[2.582s] [34mcolcon.colcon_core.shell[0m [1;30mINFO[0m Creating environment hook '/mnt/f/NITS/ANAV/main/install/my_robot_controller/share/my_robot_controller/hook/ament_prefix_path.ps1'
[2.607s] [34mcolcon.colcon_core.shell[0m [1;30mINFO[0m Creating environment descriptor '/mnt/f/NITS/ANAV/main/install/my_robot_controller/share/my_robot_controller/hook/ament_prefix_path.dsv'
[2.621s] [34mcolcon.colcon_core.shell[0m [1;30mINFO[0m Creating environment hook '/mnt/f/NITS/ANAV/main/install/my_robot_controller/share/my_robot_controller/hook/ament_prefix_path.sh'
[2.645s] [34mcolcon.colcon_core.shell[0m [1;30mINFO[0m Skip shell extension 'powershell' for command environment: Not usable outside of PowerShell
[2.645s] [34mcolcon.colcon_core.shell[0m [1;30mDEBUG[0m [32mSkip shell extension 'dsv' for command environment[0m
[4.980s] [34mcolcon.colcon_core.task.python.build[0m [1;30mINFO[0m Building Python package in '/mnt/f/NITS/ANAV/main/ros2_Ws/src/my_robot_controller'
[4.981s] [34mcolcon.colcon_core.shell[0m [1;30mINFO[0m Skip shell extension 'powershell' for command environment: Not usable outside of PowerShell
[4.981s] [34mcolcon.colcon_core.shell[0m [1;30mDEBUG[0m [32mSkip shell extension 'dsv' for command environment[0m
[7.090s] [34mcolcon.colcon_core.event_handler.log_command[0m [1;30mDEBUG[0m [32mInvoking command in '/mnt/f/NITS/ANAV/main/ros2_Ws/src/my_robot_controller': PYTHONPATH=/mnt/f/NITS/ANAV/main/build/my_robot_controller/prefix_override:/usr/lib/python3/dist-packages/colcon_core/task/python/colcon_distutils_commands:/mnt/f/NITS/ANAV/main/install/my_robot_controller/lib/python3.10/site-packages:${PYTHONPATH} /usr/bin/python3 -W ignore:setup.py install is deprecated -W ignore:easy_install command is deprecated setup.py egg_info --egg-base ../../../build/my_robot_controller build --build-base /mnt/f/NITS/ANAV/main/build/my_robot_controller/build install --record /mnt/f/NITS/ANAV/main/build/my_robot_controller/install.log --single-version-externally-managed install_data[0m
[9.987s] [34mcolcon.colcon_core.event_handler.log_command[0m [1;30mDEBUG[0m [32mInvoked command in '/mnt/f/NITS/ANAV/main/ros2_Ws/src/my_robot_controller' returned '0': PYTHONPATH=/mnt/f/NITS/ANAV/main/build/my_robot_controller/prefix_override:/usr/lib/python3/dist-packages/colcon_core/task/python/colcon_distutils_commands:/mnt/f/NITS/ANAV/main/install/my_robot_controller/lib/python3.10/site-packages:${PYTHONPATH} /usr/bin/python3 -W ignore:setup.py install is deprecated -W ignore:easy_install command is deprecated setup.py egg_info --egg-base ../../../build/my_robot_controller build --build-base /mnt/f/NITS/ANAV/main/build/my_robot_controller/build install --record /mnt/f/NITS/ANAV/main/build/my_robot_controller/install.log --single-version-externally-managed install_data[0m
[9.990s] [34mcolcon.colcon_core.environment[0m [1;30mLevel 1[0m checking '/mnt/f/NITS/ANAV/main/install/my_robot_controller' for CMake module files
[10.047s] [34mcolcon.colcon_core.environment[0m [1;30mLevel 1[0m checking '/mnt/f/NITS/ANAV/main/install/my_robot_controller' for CMake config files
[10.102s] [34mcolcon.colcon_core.environment[0m [1;30mLevel 1[0m checking '/mnt/f/NITS/ANAV/main/install/my_robot_controller/lib'
[10.105s] [34mcolcon.colcon_core.environment[0m [1;30mLevel 1[0m checking '/mnt/f/NITS/ANAV/main/install/my_robot_controller/bin'
[10.106s] [34mcolcon.colcon_core.environment[0m [1;30mLevel 1[0m checking '/mnt/f/NITS/ANAV/main/install/my_robot_controller/lib/pkgconfig/my_robot_controller.pc'
[10.107s] [34mcolcon.colcon_core.environment[0m [1;30mLevel 1[0m checking '/mnt/f/NITS/ANAV/main/install/my_robot_controller/lib/python3.10/site-packages'
[10.109s] [34mcolcon.colcon_core.shell[0m [1;30mLevel 1[0m create_environment_hook('my_robot_controller', 'pythonpath')
[10.110s] [34mcolcon.colcon_core.shell[0m [1;30mINFO[0m Creating environment hook '/mnt/f/NITS/ANAV/main/install/my_robot_controller/share/my_robot_controller/hook/pythonpath.ps1'
[10.121s] [34mcolcon.colcon_core.shell[0m [1;30mINFO[0m Creating environment descriptor '/mnt/f/NITS/ANAV/main/install/my_robot_controller/share/my_robot_controller/hook/pythonpath.dsv'
[10.130s] [34mcolcon.colcon_core.shell[0m [1;30mINFO[0m Creating environment hook '/mnt/f/NITS/ANAV/main/install/my_robot_controller/share/my_robot_controller/hook/pythonpath.sh'
[10.140s] [34mcolcon.colcon_core.environment[0m [1;30mLevel 1[0m checking '/mnt/f/NITS/ANAV/main/install/my_robot_controller/bin'
[10.141s] [34mcolcon.colcon_core.environment[0m [1;30mLevel 1[0m create_environment_scripts_only(my_robot_controller)
[10.141s] [34mcolcon.colcon_core.shell[0m [1;30mINFO[0m Creating package script '/mnt/f/NITS/ANAV/main/install/my_robot_controller/share/my_robot_controller/package.ps1'
[10.149s] [34mcolcon.colcon_core.shell[0m [1;30mINFO[0m Creating package descriptor '/mnt/f/NITS/ANAV/main/install/my_robot_controller/share/my_robot_controller/package.dsv'
[10.157s] [34mcolcon.colcon_core.shell[0m [1;30mINFO[0m Creating package script '/mnt/f/NITS/ANAV/main/install/my_robot_controller/share/my_robot_controller/package.sh'
[10.166s] [34mcolcon.colcon_core.shell[0m [1;30mINFO[0m Creating package script '/mnt/f/NITS/ANAV/main/install/my_robot_controller/share/my_robot_controller/package.bash'
[10.176s] [34mcolcon.colcon_core.shell[0m [1;30mINFO[0m Creating package script '/mnt/f/NITS/ANAV/main/install/my_robot_controller/share/my_robot_controller/package.zsh'
[10.191s] [34mcolcon.colcon_core.environment[0m [1;30mLevel 1[0m create_file_with_runtime_dependencies(/mnt/f/NITS/ANAV/main/install/my_robot_controller/share/colcon-core/packages/my_robot_controller)
[10.205s] [34mcolcon.colcon_ros.task.ament_cmake.build[0m [1;30mINFO[0m Building ROS package in '/mnt/f/NITS/ANAV/main/ros2_Ws/src/my_drone_launcher' with build type 'ament_cmake'
[10.205s] [34mcolcon.colcon_cmake.task.cmake.build[0m [1;30mINFO[0m Building CMake package in '/mnt/f/NITS/ANAV/main/ros2_Ws/src/my_drone_launcher'
[10.206s] [34mcolcon.colcon_core.shell[0m [1;30mINFO[0m Skip shell extension 'powershell' for command environment: Not usable outside of PowerShell
[10.207s] [34mcolcon.colcon_core.shell[0m [1;30mDEBUG[0m [32mSkip shell extension 'dsv' for command environment[0m
[10.319s] [34mcolcon.colcon_ros.task.ament_cmake.build[0m [1;30mINFO[0m Building ROS package in '/mnt/f/NITS/ANAV/main/ros2_Ws/src/my_robot_launcher' with build type 'ament_cmake'
[10.320s] [34mcolcon.colcon_cmake.task.cmake.build[0m [1;30mINFO[0m Building CMake package in '/mnt/f/NITS/ANAV/main/ros2_Ws/src/my_robot_launcher'
[10.321s] [34mcolcon.colcon_core.shell[0m [1;30mINFO[0m Skip shell extension 'powershell' for command environment: Not usable outside of PowerShell
[10.322s] [34mcolcon.colcon_core.shell[0m [1;30mDEBUG[0m [32mSkip shell extension 'dsv' for command environment[0m
[10.661s] [34mcolcon.colcon_core.event_handler.log_command[0m [1;30mDEBUG[0m [32mInvoking command in '/mnt/f/NITS/ANAV/main/build/my_robot_launcher': AMENT_PREFIX_PATH=/mnt/f/NITS/ANAV/main/install/my_robot_controller:${AMENT_PREFIX_PATH} CMAKE_PREFIX_PATH=${CMAKE_PREFIX_PATH}:/mnt/f/NITS/ANAV/main/ros2_Ws/install/my_robot_controller:/opt/ros/humble PYTHONPATH=/mnt/f/NITS/ANAV/main/install/my_robot_controller/lib/python3.10/site-packages:${PYTHONPATH} /usr/bin/cmake /mnt/f/NITS/ANAV/main/ros2_Ws/src/my_robot_launcher -DCMAKE_INSTALL_PREFIX=/mnt/f/NITS/ANAV/main/install/my_robot_launcher[0m
[10.692s] [34mcolcon.colcon_core.event_handler.log_command[0m [1;30mDEBUG[0m [32mInvoking command in '/mnt/f/NITS/ANAV/main/build/my_drone_launcher': AMENT_PREFIX_PATH=/mnt/f/NITS/ANAV/main/install/my_robot_controller:${AMENT_PREFIX_PATH} CMAKE_PREFIX_PATH=${CMAKE_PREFIX_PATH}:/mnt/f/NITS/ANAV/main/ros2_Ws/install/my_robot_controller:/opt/ros/humble PYTHONPATH=/mnt/f/NITS/ANAV/main/install/my_robot_controller/lib/python3.10/site-packages:${PYTHONPATH} /usr/bin/cmake /mnt/f/NITS/ANAV/main/ros2_Ws/src/my_drone_launcher -DCMAKE_INSTALL_PREFIX=/mnt/f/NITS/ANAV/main/install/my_drone_launcher[0m
[19.996s] [34mcolcon.colcon_core.event_handler.log_command[0m [1;30mDEBUG[0m [32mInvoked command in '/mnt/f/NITS/ANAV/main/build/my_robot_launcher' returned '0': AMENT_PREFIX_PATH=/mnt/f/NITS/ANAV/main/install/my_robot_controller:${AMENT_PREFIX_PATH} CMAKE_PREFIX_PATH=${CMAKE_PREFIX_PATH}:/mnt/f/NITS/ANAV/main/ros2_Ws/install/my_robot_controller:/opt/ros/humble PYTHONPATH=/mnt/f/NITS/ANAV/main/install/my_robot_controller/lib/python3.10/site-packages:${PYTHONPATH} /usr/bin/cmake /mnt/f/NITS/ANAV/main/ros2_Ws/src/my_robot_launcher -DCMAKE_INSTALL_PREFIX=/mnt/f/NITS/ANAV/main/install/my_robot_launcher[0m
[20.012s] [34mcolcon.colcon_core.event_handler.log_command[0m [1;30mDEBUG[0m [32mInvoking command in '/mnt/f/NITS/ANAV/main/build/my_robot_launcher': AMENT_PREFIX_PATH=/mnt/f/NITS/ANAV/main/install/my_robot_controller:${AMENT_PREFIX_PATH} CMAKE_PREFIX_PATH=${CMAKE_PREFIX_PATH}:/mnt/f/NITS/ANAV/main/ros2_Ws/install/my_robot_controller:/opt/ros/humble PYTHONPATH=/mnt/f/NITS/ANAV/main/install/my_robot_controller/lib/python3.10/site-packages:${PYTHONPATH} /usr/bin/cmake --build /mnt/f/NITS/ANAV/main/build/my_robot_launcher -- -j8 -l8[0m
[20.022s] [34mcolcon.colcon_core.event_handler.log_command[0m [1;30mDEBUG[0m [32mInvoked command in '/mnt/f/NITS/ANAV/main/build/my_drone_launcher' returned '0': AMENT_PREFIX_PATH=/mnt/f/NITS/ANAV/main/install/my_robot_controller:${AMENT_PREFIX_PATH} CMAKE_PREFIX_PATH=${CMAKE_PREFIX_PATH}:/mnt/f/NITS/ANAV/main/ros2_Ws/install/my_robot_controller:/opt/ros/humble PYTHONPATH=/mnt/f/NITS/ANAV/main/install/my_robot_controller/lib/python3.10/site-packages:${PYTHONPATH} /usr/bin/cmake /mnt/f/NITS/ANAV/main/ros2_Ws/src/my_drone_launcher -DCMAKE_INSTALL_PREFIX=/mnt/f/NITS/ANAV/main/install/my_drone_launcher[0m
[20.023s] [34mcolcon.colcon_core.event_handler.log_command[0m [1;30mDEBUG[0m [32mInvoking command in '/mnt/f/NITS/ANAV/main/build/my_drone_launcher': AMENT_PREFIX_PATH=/mnt/f/NITS/ANAV/main/install/my_robot_controller:${AMENT_PREFIX_PATH} CMAKE_PREFIX_PATH=${CMAKE_PREFIX_PATH}:/mnt/f/NITS/ANAV/main/ros2_Ws/install/my_robot_controller:/opt/ros/humble PYTHONPATH=/mnt/f/NITS/ANAV/main/install/my_robot_controller/lib/python3.10/site-packages:${PYTHONPATH} /usr/bin/cmake --build /mnt/f/NITS/ANAV/main/build/my_drone_launcher -- -j8 -l8[0m
[20.130s] [34mcolcon.colcon_core.event_handler.log_command[0m [1;30mDEBUG[0m [32mInvoked command in '/mnt/f/NITS/ANAV/main/build/my_drone_launcher' returned '0': AMENT_PREFIX_PATH=/mnt/f/NITS/ANAV/main/install/my_robot_controller:${AMENT_PREFIX_PATH} CMAKE_PREFIX_PATH=${CMAKE_PREFIX_PATH}:/mnt/f/NITS/ANAV/main/ros2_Ws/install/my_robot_controller:/opt/ros/humble PYTHONPATH=/mnt/f/NITS/ANAV/main/install/my_robot_controller/lib/python3.10/site-packages:${PYTHONPATH} /usr/bin/cmake --build /mnt/f/NITS/ANAV/main/build/my_drone_launcher -- -j8 -l8[0m
[20.272s] [34mcolcon.colcon_core.event_handler.log_command[0m [1;30mDEBUG[0m [32mInvoking command in '/mnt/f/NITS/ANAV/main/build/my_drone_launcher': AMENT_PREFIX_PATH=/mnt/f/NITS/ANAV/main/install/my_robot_controller:${AMENT_PREFIX_PATH} CMAKE_PREFIX_PATH=${CMAKE_PREFIX_PATH}:/mnt/f/NITS/ANAV/main/ros2_Ws/install/my_robot_controller:/opt/ros/humble PYTHONPATH=/mnt/f/NITS/ANAV/main/install/my_robot_controller/lib/python3.10/site-packages:${PYTHONPATH} /usr/bin/cmake --install /mnt/f/NITS/ANAV/main/build/my_drone_launcher[0m
[20.275s] [34mcolcon.colcon_core.event_handler.log_command[0m [1;30mDEBUG[0m [32mInvoked command in '/mnt/f/NITS/ANAV/main/build/my_robot_launcher' returned '0': AMENT_PREFIX_PATH=/mnt/f/NITS/ANAV/main/install/my_robot_controller:${AMENT_PREFIX_PATH} CMAKE_PREFIX_PATH=${CMAKE_PREFIX_PATH}:/mnt/f/NITS/ANAV/main/ros2_Ws/install/my_robot_controller:/opt/ros/humble PYTHONPATH=/mnt/f/NITS/ANAV/main/install/my_robot_controller/lib/python3.10/site-packages:${PYTHONPATH} /usr/bin/cmake --build /mnt/f/NITS/ANAV/main/build/my_robot_launcher -- -j8 -l8[0m
[20.343s] [34mcolcon.colcon_core.event_handler.log_command[0m [1;30mDEBUG[0m [32mInvoking command in '/mnt/f/NITS/ANAV/main/build/my_robot_launcher': AMENT_PREFIX_PATH=/mnt/f/NITS/ANAV/main/install/my_robot_controller:${AMENT_PREFIX_PATH} CMAKE_PREFIX_PATH=${CMAKE_PREFIX_PATH}:/mnt/f/NITS/ANAV/main/ros2_Ws/install/my_robot_controller:/opt/ros/humble PYTHONPATH=/mnt/f/NITS/ANAV/main/install/my_robot_controller/lib/python3.10/site-packages:${PYTHONPATH} /usr/bin/cmake --install /mnt/f/NITS/ANAV/main/build/my_robot_launcher[0m
[21.506s] [34mcolcon.colcon_core.environment[0m [1;30mLevel 1[0m create_environment_scripts_only(my_drone_launcher)
[21.506s] [34mcolcon.colcon_core.environment[0m [1;30mLevel 1[0m checking '/mnt/f/NITS/ANAV/main/install/my_drone_launcher' for CMake module files
[21.507s] [34mcolcon.colcon_core.event_handler.log_command[0m [1;30mDEBUG[0m [32mInvoked command in '/mnt/f/NITS/ANAV/main/build/my_drone_launcher' returned '0': AMENT_PREFIX_PATH=/mnt/f/NITS/ANAV/main/install/my_robot_controller:${AMENT_PREFIX_PATH} CMAKE_PREFIX_PATH=${CMAKE_PREFIX_PATH}:/mnt/f/NITS/ANAV/main/ros2_Ws/install/my_robot_controller:/opt/ros/humble PYTHONPATH=/mnt/f/NITS/ANAV/main/install/my_robot_controller/lib/python3.10/site-packages:${PYTHONPATH} /usr/bin/cmake --install /mnt/f/NITS/ANAV/main/build/my_drone_launcher[0m
[21.562s] [34mcolcon.colcon_core.environment[0m [1;30mLevel 1[0m checking '/mnt/f/NITS/ANAV/main/install/my_drone_launcher' for CMake config files
[21.599s] [34mcolcon.colcon_core.shell[0m [1;30mLevel 1[0m create_environment_hook('my_drone_launcher', 'cmake_prefix_path')
[21.600s] [34mcolcon.colcon_core.shell[0m [1;30mINFO[0m Creating environment hook '/mnt/f/NITS/ANAV/main/install/my_drone_launcher/share/my_drone_launcher/hook/cmake_prefix_path.ps1'
[21.609s] [34mcolcon.colcon_core.shell[0m [1;30mINFO[0m Creating environment descriptor '/mnt/f/NITS/ANAV/main/install/my_drone_launcher/share/my_drone_launcher/hook/cmake_prefix_path.dsv'
[21.622s] [34mcolcon.colcon_core.shell[0m [1;30mINFO[0m Creating environment hook '/mnt/f/NITS/ANAV/main/install/my_drone_launcher/share/my_drone_launcher/hook/cmake_prefix_path.sh'
[21.642s] [34mcolcon.colcon_core.environment[0m [1;30mLevel 1[0m checking '/mnt/f/NITS/ANAV/main/install/my_drone_launcher/bin'
[21.643s] [34mcolcon.colcon_core.environment[0m [1;30mLevel 1[0m checking '/mnt/f/NITS/ANAV/main/install/my_drone_launcher/lib/pkgconfig/my_drone_launcher.pc'
[21.646s] [34mcolcon.colcon_core.environment[0m [1;30mLevel 1[0m checking '/mnt/f/NITS/ANAV/main/install/my_drone_launcher/lib/python3.10/site-packages'
[21.648s] [34mcolcon.colcon_core.environment[0m [1;30mLevel 1[0m checking '/mnt/f/NITS/ANAV/main/install/my_drone_launcher/bin'
[21.651s] [34mcolcon.colcon_core.shell[0m [1;30mINFO[0m Creating package script '/mnt/f/NITS/ANAV/main/install/my_drone_launcher/share/my_drone_launcher/package.ps1'
[21.668s] [34mcolcon.colcon_core.shell[0m [1;30mINFO[0m Creating package descriptor '/mnt/f/NITS/ANAV/main/install/my_drone_launcher/share/my_drone_launcher/package.dsv'
[21.681s] [34mcolcon.colcon_core.shell[0m [1;30mINFO[0m Creating package script '/mnt/f/NITS/ANAV/main/install/my_drone_launcher/share/my_drone_launcher/package.sh'
[21.696s] [34mcolcon.colcon_core.shell[0m [1;30mINFO[0m Creating package script '/mnt/f/NITS/ANAV/main/install/my_drone_launcher/share/my_drone_launcher/package.bash'
[21.708s] [34mcolcon.colcon_core.shell[0m [1;30mINFO[0m Creating package script '/mnt/f/NITS/ANAV/main/install/my_drone_launcher/share/my_drone_launcher/package.zsh'
[21.724s] [34mcolcon.colcon_core.environment[0m [1;30mLevel 1[0m create_file_with_runtime_dependencies(/mnt/f/NITS/ANAV/main/install/my_drone_launcher/share/colcon-core/packages/my_drone_launcher)
[21.754s] [34mcolcon.colcon_core.environment[0m [1;30mLevel 1[0m create_environment_scripts_only(my_drone_launcher)
[21.755s] [34mcolcon.colcon_core.environment[0m [1;30mLevel 1[0m checking '/mnt/f/NITS/ANAV/main/install/my_drone_launcher' for CMake module files
[21.917s] [34mcolcon.colcon_core.environment[0m [1;30mLevel 1[0m checking '/mnt/f/NITS/ANAV/main/install/my_drone_launcher' for CMake config files
[21.985s] [34mcolcon.colcon_core.shell[0m [1;30mLevel 1[0m create_environment_hook('my_drone_launcher', 'cmake_prefix_path')
[21.986s] [34mcolcon.colcon_core.shell[0m [1;30mINFO[0m Creating environment hook '/mnt/f/NITS/ANAV/main/install/my_drone_launcher/share/my_drone_launcher/hook/cmake_prefix_path.ps1'
[22.001s] [34mcolcon.colcon_core.shell[0m [1;30mINFO[0m Creating environment descriptor '/mnt/f/NITS/ANAV/main/install/my_drone_launcher/share/my_drone_launcher/hook/cmake_prefix_path.dsv'
[22.016s] [34mcolcon.colcon_core.shell[0m [1;30mINFO[0m Creating environment hook '/mnt/f/NITS/ANAV/main/install/my_drone_launcher/share/my_drone_launcher/hook/cmake_prefix_path.sh'
[22.033s] [34mcolcon.colcon_core.environment[0m [1;30mLevel 1[0m checking '/mnt/f/NITS/ANAV/main/install/my_drone_launcher/bin'
[22.035s] [34mcolcon.colcon_core.environment[0m [1;30mLevel 1[0m checking '/mnt/f/NITS/ANAV/main/install/my_drone_launcher/lib/pkgconfig/my_drone_launcher.pc'
[22.036s] [34mcolcon.colcon_core.environment[0m [1;30mLevel 1[0m checking '/mnt/f/NITS/ANAV/main/install/my_drone_launcher/lib/python3.10/site-packages'
[22.038s] [34mcolcon.colcon_core.environment[0m [1;30mLevel 1[0m checking '/mnt/f/NITS/ANAV/main/install/my_drone_launcher/bin'
[22.040s] [34mcolcon.colcon_core.shell[0m [1;30mINFO[0m Creating package script '/mnt/f/NITS/ANAV/main/install/my_drone_launcher/share/my_drone_launcher/package.ps1'
[22.052s] [34mcolcon.colcon_core.shell[0m [1;30mINFO[0m Creating package descriptor '/mnt/f/NITS/ANAV/main/install/my_drone_launcher/share/my_drone_launcher/package.dsv'
[22.064s] [34mcolcon.colcon_core.shell[0m [1;30mINFO[0m Creating package script '/mnt/f/NITS/ANAV/main/install/my_drone_launcher/share/my_drone_launcher/package.sh'
[22.077s] [34mcolcon.colcon_core.shell[0m [1;30mINFO[0m Creating package script '/mnt/f/NITS/ANAV/main/install/my_drone_launcher/share/my_drone_launcher/package.bash'
[22.090s] [34mcolcon.colcon_core.shell[0m [1;30mINFO[0m Creating package script '/mnt/f/NITS/ANAV/main/install/my_drone_launcher/share/my_drone_launcher/package.zsh'
[22.104s] [34mcolcon.colcon_core.environment[0m [1;30mLevel 1[0m create_file_with_runtime_dependencies(/mnt/f/NITS/ANAV/main/install/my_drone_launcher/share/colcon-core/packages/my_drone_launcher)
[22.117s] [34mcolcon.colcon_core.environment[0m [1;30mLevel 1[0m create_environment_scripts_only(my_robot_launcher)
[22.118s] [34mcolcon.colcon_core.environment[0m [1;30mLevel 1[0m checking '/mnt/f/NITS/ANAV/main/install/my_robot_launcher' for CMake module files
[22.138s] [34mcolcon.colcon_core.event_handler.log_command[0m [1;30mDEBUG[0m [32mInvoked command in '/mnt/f/NITS/ANAV/main/build/my_robot_launcher' returned '0': AMENT_PREFIX_PATH=/mnt/f/NITS/ANAV/main/install/my_robot_controller:${AMENT_PREFIX_PATH} CMAKE_PREFIX_PATH=${CMAKE_PREFIX_PATH}:/mnt/f/NITS/ANAV/main/ros2_Ws/install/my_robot_controller:/opt/ros/humble PYTHONPATH=/mnt/f/NITS/ANAV/main/install/my_robot_controller/lib/python3.10/site-packages:${PYTHONPATH} /usr/bin/cmake --install /mnt/f/NITS/ANAV/main/build/my_robot_launcher[0m
[22.211s] [34mcolcon.colcon_core.environment[0m [1;30mLevel 1[0m checking '/mnt/f/NITS/ANAV/main/install/my_robot_launcher' for CMake config files
[22.270s] [34mcolcon.colcon_core.shell[0m [1;30mLevel 1[0m create_environment_hook('my_robot_launcher', 'cmake_prefix_path')
[22.271s] [34mcolcon.colcon_core.shell[0m [1;30mINFO[0m Creating environment hook '/mnt/f/NITS/ANAV/main/install/my_robot_launcher/share/my_robot_launcher/hook/cmake_prefix_path.ps1'
[22.283s] [34mcolcon.colcon_core.shell[0m [1;30mINFO[0m Creating environment descriptor '/mnt/f/NITS/ANAV/main/install/my_robot_launcher/share/my_robot_launcher/hook/cmake_prefix_path.dsv'
[22.297s] [34mcolcon.colcon_core.shell[0m [1;30mINFO[0m Creating environment hook '/mnt/f/NITS/ANAV/main/install/my_robot_launcher/share/my_robot_launcher/hook/cmake_prefix_path.sh'
[22.318s] [34mcolcon.colcon_core.environment[0m [1;30mLevel 1[0m checking '/mnt/f/NITS/ANAV/main/install/my_robot_launcher/bin'
[22.319s] [34mcolcon.colcon_core.environment[0m [1;30mLevel 1[0m checking '/mnt/f/NITS/ANAV/main/install/my_robot_launcher/lib/pkgconfig/my_robot_launcher.pc'
[22.321s] [34mcolcon.colcon_core.environment[0m [1;30mLevel 1[0m checking '/mnt/f/NITS/ANAV/main/install/my_robot_launcher/lib/python3.10/site-packages'
[22.322s] [34mcolcon.colcon_core.environment[0m [1;30mLevel 1[0m checking '/mnt/f/NITS/ANAV/main/install/my_robot_launcher/bin'
[22.324s] [34mcolcon.colcon_core.shell[0m [1;30mINFO[0m Creating package script '/mnt/f/NITS/ANAV/main/install/my_robot_launcher/share/my_robot_launcher/package.ps1'
[22.337s] [34mcolcon.colcon_core.shell[0m [1;30mINFO[0m Creating package descriptor '/mnt/f/NITS/ANAV/main/install/my_robot_launcher/share/my_robot_launcher/package.dsv'
[22.360s] [34mcolcon.colcon_core.shell[0m [1;30mINFO[0m Creating package script '/mnt/f/NITS/ANAV/main/install/my_robot_launcher/share/my_robot_launcher/package.sh'
[22.375s] [34mcolcon.colcon_core.shell[0m [1;30mINFO[0m Creating package script '/mnt/f/NITS/ANAV/main/install/my_robot_launcher/share/my_robot_launcher/package.bash'
[22.389s] [34mcolcon.colcon_core.shell[0m [1;30mINFO[0m Creating package script '/mnt/f/NITS/ANAV/main/install/my_robot_launcher/share/my_robot_launcher/package.zsh'
[22.402s] [34mcolcon.colcon_core.environment[0m [1;30mLevel 1[0m create_file_with_runtime_dependencies(/mnt/f/NITS/ANAV/main/install/my_robot_launcher/share/colcon-core/packages/my_robot_launcher)
[22.431s] [34mcolcon.colcon_core.environment[0m [1;30mLevel 1[0m create_environment_scripts_only(my_robot_launcher)
[22.432s] [34mcolcon.colcon_core.environment[0m [1;30mLevel 1[0m checking '/mnt/f/NITS/ANAV/main/install/my_robot_launcher' for CMake module files
[22.510s] [34mcolcon.colcon_core.environment[0m [1;30mLevel 1[0m checking '/mnt/f/NITS/ANAV/main/install/my_robot_launcher' for CMake config files
[22.574s] [34mcolcon.colcon_core.shell[0m [1;30mLevel 1[0m create_environment_hook('my_robot_launcher', 'cmake_prefix_path')
[22.575s] [34mcolcon.colcon_core.shell[0m [1;30mINFO[0m Creating environment hook '/mnt/f/NITS/ANAV/main/install/my_robot_launcher/share/my_robot_launcher/hook/cmake_prefix_path.ps1'
[22.592s] [34mcolcon.colcon_core.shell[0m [1;30mINFO[0m Creating environment descriptor '/mnt/f/NITS/ANAV/main/install/my_robot_launcher/share/my_robot_launcher/hook/cmake_prefix_path.dsv'
[22.608s] [34mcolcon.colcon_core.shell[0m [1;30mINFO[0m Creating environment hook '/mnt/f/NITS/ANAV/main/install/my_robot_launcher/share/my_robot_launcher/hook/cmake_prefix_path.sh'
[22.627s] [34mcolcon.colcon_core.environment[0m [1;30mLevel 1[0m checking '/mnt/f/NITS/ANAV/main/install/my_robot_launcher/bin'
[22.628s] [34mcolcon.colcon_core.environment[0m [1;30mLevel 1[0m checking '/mnt/f/NITS/ANAV/main/install/my_robot_launcher/lib/pkgconfig/my_robot_launcher.pc'
[22.629s] [34mcolcon.colcon_core.environment[0m [1;30mLevel 1[0m checking '/mnt/f/NITS/ANAV/main/install/my_robot_launcher/lib/python3.10/site-packages'
[22.630s] [34mcolcon.colcon_core.environment[0m [1;30mLevel 1[0m checking '/mnt/f/NITS/ANAV/main/install/my_robot_launcher/bin'
[22.632s] [34mcolcon.colcon_core.shell[0m [1;30mINFO[0m Creating package script '/mnt/f/NITS/ANAV/main/install/my_robot_launcher/share/my_robot_launcher/package.ps1'
[22.642s] [34mcolcon.colcon_core.shell[0m [1;30mINFO[0m Creating package descriptor '/mnt/f/NITS/ANAV/main/install/my_robot_launcher/share/my_robot_launcher/package.dsv'
[22.654s] [34mcolcon.colcon_core.shell[0m [1;30mINFO[0m Creating package script '/mnt/f/NITS/ANAV/main/install/my_robot_launcher/share/my_robot_launcher/package.sh'
[22.665s] [34mcolcon.colcon_core.shell[0m [1;30mINFO[0m Creating package script '/mnt/f/NITS/ANAV/main/install/my_robot_launcher/share/my_robot_launcher/package.bash'
[22.677s] [34mcolcon.colcon_core.shell[0m [1;30mINFO[0m Creating package script '/mnt/f/NITS/ANAV/main/install/my_robot_launcher/share/my_robot_launcher/package.zsh'
[22.690s] [34mcolcon.colcon_core.environment[0m [1;30mLevel 1[0m create_file_with_runtime_dependencies(/mnt/f/NITS/ANAV/main/install/my_robot_launcher/share/colcon-core/packages/my_robot_launcher)
[22.705s] [34mcolcon.colcon_parallel_executor.executor.parallel[0m [1;30mDEBUG[0m [32mclosing loop[0m
[22.706s] [34mcolcon.colcon_parallel_executor.executor.parallel[0m [1;30mDEBUG[0m [32mloop closed[0m
[22.707s] [34mcolcon.colcon_parallel_executor.executor.parallel[0m [1;30mDEBUG[0m [32mrun_until_complete finished with '0'[0m
[22.709s] [34mcolcon.colcon_core.event_reactor[0m [1;30mDEBUG[0m [32mjoining thread[0m
[22.811s] [34mcolcon.colcon_core.plugin_system[0m [1;30mINFO[0m Skipping extension 'colcon_notification.desktop_notification.notify_send': Could not find 'notify-send'
[22.812s] [34mcolcon.colcon_core.plugin_system[0m [1;30mINFO[0m Skipping extension 'colcon_notification.desktop_notification.terminal_notifier': Not used on non-Darwin systems
[22.812s] [34mcolcon.colcon_core.plugin_system[0m [1;30mINFO[0m Skipping extension 'colcon_notification.desktop_notification.win32': Not used on non-Windows systems
[22.812s] [34mcolcon.colcon_notification.desktop_notification[0m [1;30mINFO[0m Sending desktop notification using 'notify2'
[22.828s] [34mcolcon.colcon_notification.desktop_notification.notify2[0m [1;30mDEBUG[0m [32mFailed to initialize notify2: org.freedesktop.DBus.Error.FileNotFound: Failed to connect to socket /run/user/1000/bus: No such file or directory[0m
[22.830s] [34mcolcon.colcon_core.event_reactor[0m [1;30mDEBUG[0m [32mjoined thread[0m
[22.831s] [34mcolcon.colcon_core.shell[0m [1;30mINFO[0m Creating prefix script '/mnt/f/NITS/ANAV/main/install/local_setup.ps1'
[22.845s] [34mcolcon.colcon_core.shell[0m [1;30mINFO[0m Creating prefix util module '/mnt/f/NITS/ANAV/main/install/_local_setup_util_ps1.py'
[22.856s] [34mcolcon.colcon_core.shell[0m [1;30mINFO[0m Creating prefix chain script '/mnt/f/NITS/ANAV/main/install/setup.ps1'
[22.898s] [34mcolcon.colcon_core.shell[0m [1;30mINFO[0m Creating prefix script '/mnt/f/NITS/ANAV/main/install/local_setup.sh'
[22.903s] [34mcolcon.colcon_core.shell[0m [1;30mINFO[0m Creating prefix util module '/mnt/f/NITS/ANAV/main/install/_local_setup_util_sh.py'
[22.909s] [34mcolcon.colcon_core.shell[0m [1;30mINFO[0m Creating prefix chain script '/mnt/f/NITS/ANAV/main/install/setup.sh'
[22.945s] [34mcolcon.colcon_core.shell[0m [1;30mINFO[0m Creating prefix script '/mnt/f/NITS/ANAV/main/install/local_setup.bash'
[22.951s] [34mcolcon.colcon_core.shell[0m [1;30mINFO[0m Creating prefix chain script '/mnt/f/NITS/ANAV/main/install/setup.bash'
[22.986s] [34mcolcon.colcon_core.shell[0m [1;30mINFO[0m Creating prefix script '/mnt/f/NITS/ANAV/main/install/local_setup.zsh'
[22.990s] [34mcolcon.colcon_core.shell[0m [1;30mINFO[0m Creating prefix chain script '/mnt/f/NITS/ANAV/main/install/setup.zsh'
