[0.581s] [34mcolcon[0m [1;30mDEBUG[0m [32mCommand line arguments: ['/usr/bin/colcon', 'build', '--packages-select', 'boundary_mapper', 'boundary_mapper_launcher'][0m
[0.582s] [34mcolcon[0m [1;30mDEBUG[0m [32mParsed command line arguments: Namespace(log_base=None, log_level=None, verb_name='build', build_base='build', install_base='install', merge_install=False, symlink_install=False, test_result_base=None, continue_on_error=False, executor='parallel', parallel_workers=8, event_handlers=None, ignore_user_meta=False, metas=['./colcon.meta'], base_paths=['.'], packages_ignore=None, packages_ignore_regex=None, paths=None, packages_up_to=None, packages_up_to_regex=None, packages_above=None, packages_above_and_dependencies=None, packages_above_depth=None, packages_select_by_dep=None, packages_skip_by_dep=None, packages_skip_up_to=None, packages_select_build_failed=False, packages_skip_build_finished=False, packages_select_test_failures=False, packages_skip_test_passed=False, packages_select=['boundary_mapper', 'boundary_mapper_launcher'], packages_skip=None, packages_select_regex=None, packages_skip_regex=None, packages_start=None, packages_end=None, allow_overriding=[], cmake_args=None, cmake_target=None, cmake_target_skip_unavailable=False, cmake_clean_cache=False, cmake_clean_first=False, cmake_force_configure=False, ament_cmake_args=None, catkin_cmake_args=None, catkin_skip_building_tests=False, verb_parser=<colcon_defaults.argument_parser.defaults.DefaultArgumentsDecorator object at 0x7185ce8f9480>, verb_extension=<colcon_core.verb.build.BuildVerb object at 0x7185ce8f8fa0>, main=<bound method BuildVerb.main of <colcon_core.verb.build.BuildVerb object at 0x7185ce8f8fa0>>)[0m
[1.037s] [34mcolcon.colcon_core.package_discovery[0m [1;30mLevel 1[0m discover_packages(colcon_meta) check parameters
[1.037s] [34mcolcon.colcon_core.package_discovery[0m [1;30mLevel 1[0m discover_packages(recursive) check parameters
[1.038s] [34mcolcon.colcon_core.package_discovery[0m [1;30mLevel 1[0m discover_packages(ignore) check parameters
[1.038s] [34mcolcon.colcon_core.package_discovery[0m [1;30mLevel 1[0m discover_packages(path) check parameters
[1.038s] [34mcolcon.colcon_core.package_discovery[0m [1;30mLevel 1[0m discover_packages(colcon_meta) discover
[1.038s] [34mcolcon.colcon_core.package_discovery[0m [1;30mLevel 1[0m discover_packages(recursive) discover
[1.038s] [34mcolcon.colcon_core.package_discovery[0m [1;30mINFO[0m Crawling recursively for packages in '/mnt/f/NITS/ANAV/main'
[1.040s] [34mcolcon.colcon_core.package_identification[0m [1;30mLevel 1[0m _identify(.) by extensions ['ignore', 'ignore_ament_install']
[1.040s] [34mcolcon.colcon_core.package_identification[0m [1;30mLevel 1[0m _identify(.) by extension 'ignore'
[1.040s] [34mcolcon.colcon_core.package_identification[0m [1;30mLevel 1[0m _identify(.) by extension 'ignore_ament_install'
[1.041s] [34mcolcon.colcon_core.package_identification[0m [1;30mLevel 1[0m _identify(.) by extensions ['colcon_pkg']
[1.041s] [34mcolcon.colcon_core.package_identification[0m [1;30mLevel 1[0m _identify(.) by extension 'colcon_pkg'
[1.041s] [34mcolcon.colcon_core.package_identification[0m [1;30mLevel 1[0m _identify(.) by extensions ['colcon_meta']
[1.041s] [34mcolcon.colcon_core.package_identification[0m [1;30mLevel 1[0m _identify(.) by extension 'colcon_meta'
[1.042s] [34mcolcon.colcon_core.package_identification[0m [1;30mLevel 1[0m _identify(.) by extensions ['ros']
[1.042s] [34mcolcon.colcon_core.package_identification[0m [1;30mLevel 1[0m _identify(.) by extension 'ros'
[1.060s] [34mcolcon.colcon_core.package_identification[0m [1;30mLevel 1[0m _identify(.) by extensions ['cmake', 'python']
[1.061s] [34mcolcon.colcon_core.package_identification[0m [1;30mLevel 1[0m _identify(.) by extension 'cmake'
[1.061s] [34mcolcon.colcon_core.package_identification[0m [1;30mLevel 1[0m _identify(.) by extension 'python'
[1.062s] [34mcolcon.colcon_core.package_identification[0m [1;30mLevel 1[0m _identify(.) by extensions ['python_setup_py']
[1.062s] [34mcolcon.colcon_core.package_identification[0m [1;30mLevel 1[0m _identify(.) by extension 'python_setup_py'
[1.065s] [34mcolcon.colcon_core.package_identification[0m [1;30mLevel 1[0m _identify(ML) by extensions ['ignore', 'ignore_ament_install']
[1.065s] [34mcolcon.colcon_core.package_identification[0m [1;30mLevel 1[0m _identify(ML) by extension 'ignore'
[1.066s] [34mcolcon.colcon_core.package_identification[0m [1;30mLevel 1[0m _identify(ML) by extension 'ignore_ament_install'
[1.067s] [34mcolcon.colcon_core.package_identification[0m [1;30mLevel 1[0m _identify(ML) by extensions ['colcon_pkg']
[1.067s] [34mcolcon.colcon_core.package_identification[0m [1;30mLevel 1[0m _identify(ML) by extension 'colcon_pkg'
[1.068s] [34mcolcon.colcon_core.package_identification[0m [1;30mLevel 1[0m _identify(ML) by extensions ['colcon_meta']
[1.068s] [34mcolcon.colcon_core.package_identification[0m [1;30mLevel 1[0m _identify(ML) by extension 'colcon_meta'
[1.069s] [34mcolcon.colcon_core.package_identification[0m [1;30mLevel 1[0m _identify(ML) by extensions ['ros']
[1.069s] [34mcolcon.colcon_core.package_identification[0m [1;30mLevel 1[0m _identify(ML) by extension 'ros'
[1.071s] [34mcolcon.colcon_core.package_identification[0m [1;30mLevel 1[0m _identify(ML) by extensions ['cmake', 'python']
[1.072s] [34mcolcon.colcon_core.package_identification[0m [1;30mLevel 1[0m _identify(ML) by extension 'cmake'
[1.072s] [34mcolcon.colcon_core.package_identification[0m [1;30mLevel 1[0m _identify(ML) by extension 'python'
[1.073s] [34mcolcon.colcon_core.package_identification[0m [1;30mLevel 1[0m _identify(ML) by extensions ['python_setup_py']
[1.073s] [34mcolcon.colcon_core.package_identification[0m [1;30mLevel 1[0m _identify(ML) by extension 'python_setup_py'
[1.076s] [34mcolcon.colcon_core.package_identification[0m [1;30mLevel 1[0m _identify(build) by extensions ['ignore', 'ignore_ament_install']
[1.076s] [34mcolcon.colcon_core.package_identification[0m [1;30mLevel 1[0m _identify(build) by extension 'ignore'
[1.077s] [34mcolcon.colcon_core.package_identification[0m [1;30mLevel 1[0m _identify(build) ignored
[1.078s] [34mcolcon.colcon_core.package_identification[0m [1;30mLevel 1[0m _identify(frontend) by extensions ['ignore', 'ignore_ament_install']
[1.079s] [34mcolcon.colcon_core.package_identification[0m [1;30mLevel 1[0m _identify(frontend) by extension 'ignore'
[1.079s] [34mcolcon.colcon_core.package_identification[0m [1;30mLevel 1[0m _identify(frontend) by extension 'ignore_ament_install'
[1.080s] [34mcolcon.colcon_core.package_identification[0m [1;30mLevel 1[0m _identify(frontend) by extensions ['colcon_pkg']
[1.080s] [34mcolcon.colcon_core.package_identification[0m [1;30mLevel 1[0m _identify(frontend) by extension 'colcon_pkg'
[1.081s] [34mcolcon.colcon_core.package_identification[0m [1;30mLevel 1[0m _identify(frontend) by extensions ['colcon_meta']
[1.081s] [34mcolcon.colcon_core.package_identification[0m [1;30mLevel 1[0m _identify(frontend) by extension 'colcon_meta'
[1.082s] [34mcolcon.colcon_core.package_identification[0m [1;30mLevel 1[0m _identify(frontend) by extensions ['ros']
[1.082s] [34mcolcon.colcon_core.package_identification[0m [1;30mLevel 1[0m _identify(frontend) by extension 'ros'
[1.084s] [34mcolcon.colcon_core.package_identification[0m [1;30mLevel 1[0m _identify(frontend) by extensions ['cmake', 'python']
[1.084s] [34mcolcon.colcon_core.package_identification[0m [1;30mLevel 1[0m _identify(frontend) by extension 'cmake'
[1.085s] [34mcolcon.colcon_core.package_identification[0m [1;30mLevel 1[0m _identify(frontend) by extension 'python'
[1.086s] [34mcolcon.colcon_core.package_identification[0m [1;30mLevel 1[0m _identify(frontend) by extensions ['python_setup_py']
[1.086s] [34mcolcon.colcon_core.package_identification[0m [1;30mLevel 1[0m _identify(frontend) by extension 'python_setup_py'
[1.090s] [34mcolcon.colcon_core.package_identification[0m [1;30mLevel 1[0m _identify(frontend/static) by extensions ['ignore', 'ignore_ament_install']
[1.090s] [34mcolcon.colcon_core.package_identification[0m [1;30mLevel 1[0m _identify(frontend/static) by extension 'ignore'
[1.091s] [34mcolcon.colcon_core.package_identification[0m [1;30mLevel 1[0m _identify(frontend/static) by extension 'ignore_ament_install'
[1.092s] [34mcolcon.colcon_core.package_identification[0m [1;30mLevel 1[0m _identify(frontend/static) by extensions ['colcon_pkg']
[1.092s] [34mcolcon.colcon_core.package_identification[0m [1;30mLevel 1[0m _identify(frontend/static) by extension 'colcon_pkg'
[1.093s] [34mcolcon.colcon_core.package_identification[0m [1;30mLevel 1[0m _identify(frontend/static) by extensions ['colcon_meta']
[1.093s] [34mcolcon.colcon_core.package_identification[0m [1;30mLevel 1[0m _identify(frontend/static) by extension 'colcon_meta'
[1.095s] [34mcolcon.colcon_core.package_identification[0m [1;30mLevel 1[0m _identify(frontend/static) by extensions ['ros']
[1.095s] [34mcolcon.colcon_core.package_identification[0m [1;30mLevel 1[0m _identify(frontend/static) by extension 'ros'
[1.099s] [34mcolcon.colcon_core.package_identification[0m [1;30mLevel 1[0m _identify(frontend/static) by extensions ['cmake', 'python']
[1.099s] [34mcolcon.colcon_core.package_identification[0m [1;30mLevel 1[0m _identify(frontend/static) by extension 'cmake'
[1.100s] [34mcolcon.colcon_core.package_identification[0m [1;30mLevel 1[0m _identify(frontend/static) by extension 'python'
[1.101s] [34mcolcon.colcon_core.package_identification[0m [1;30mLevel 1[0m _identify(frontend/static) by extensions ['python_setup_py']
[1.101s] [34mcolcon.colcon_core.package_identification[0m [1;30mLevel 1[0m _identify(frontend/static) by extension 'python_setup_py'
[1.106s] [34mcolcon.colcon_core.package_identification[0m [1;30mLevel 1[0m _identify(frontend/static/others) by extensions ['ignore', 'ignore_ament_install']
[1.106s] [34mcolcon.colcon_core.package_identification[0m [1;30mLevel 1[0m _identify(frontend/static/others) by extension 'ignore'
[1.108s] [34mcolcon.colcon_core.package_identification[0m [1;30mLevel 1[0m _identify(frontend/static/others) by extension 'ignore_ament_install'
[1.110s] [34mcolcon.colcon_core.package_identification[0m [1;30mLevel 1[0m _identify(frontend/static/others) by extensions ['colcon_pkg']
[1.110s] [34mcolcon.colcon_core.package_identification[0m [1;30mLevel 1[0m _identify(frontend/static/others) by extension 'colcon_pkg'
[1.111s] [34mcolcon.colcon_core.package_identification[0m [1;30mLevel 1[0m _identify(frontend/static/others) by extensions ['colcon_meta']
[1.111s] [34mcolcon.colcon_core.package_identification[0m [1;30mLevel 1[0m _identify(frontend/static/others) by extension 'colcon_meta'
[1.114s] [34mcolcon.colcon_core.package_identification[0m [1;30mLevel 1[0m _identify(frontend/static/others) by extensions ['ros']
[1.114s] [34mcolcon.colcon_core.package_identification[0m [1;30mLevel 1[0m _identify(frontend/static/others) by extension 'ros'
[1.120s] [34mcolcon.colcon_core.package_identification[0m [1;30mLevel 1[0m _identify(frontend/static/others) by extensions ['cmake', 'python']
[1.120s] [34mcolcon.colcon_core.package_identification[0m [1;30mLevel 1[0m _identify(frontend/static/others) by extension 'cmake'
[1.122s] [34mcolcon.colcon_core.package_identification[0m [1;30mLevel 1[0m _identify(frontend/static/others) by extension 'python'
[1.123s] [34mcolcon.colcon_core.package_identification[0m [1;30mLevel 1[0m _identify(frontend/static/others) by extensions ['python_setup_py']
[1.124s] [34mcolcon.colcon_core.package_identification[0m [1;30mLevel 1[0m _identify(frontend/static/others) by extension 'python_setup_py'
[1.129s] [34mcolcon.colcon_core.package_identification[0m [1;30mLevel 1[0m _identify(frontend/static/src) by extensions ['ignore', 'ignore_ament_install']
[1.130s] [34mcolcon.colcon_core.package_identification[0m [1;30mLevel 1[0m _identify(frontend/static/src) by extension 'ignore'
[1.131s] [34mcolcon.colcon_core.package_identification[0m [1;30mLevel 1[0m _identify(frontend/static/src) by extension 'ignore_ament_install'
[1.135s] [34mcolcon.colcon_core.package_identification[0m [1;30mLevel 1[0m _identify(frontend/static/src) by extensions ['colcon_pkg']
[1.135s] [34mcolcon.colcon_core.package_identification[0m [1;30mLevel 1[0m _identify(frontend/static/src) by extension 'colcon_pkg'
[1.137s] [34mcolcon.colcon_core.package_identification[0m [1;30mLevel 1[0m _identify(frontend/static/src) by extensions ['colcon_meta']
[1.137s] [34mcolcon.colcon_core.package_identification[0m [1;30mLevel 1[0m _identify(frontend/static/src) by extension 'colcon_meta'
[1.140s] [34mcolcon.colcon_core.package_identification[0m [1;30mLevel 1[0m _identify(frontend/static/src) by extensions ['ros']
[1.141s] [34mcolcon.colcon_core.package_identification[0m [1;30mLevel 1[0m _identify(frontend/static/src) by extension 'ros'
[1.147s] [34mcolcon.colcon_core.package_identification[0m [1;30mLevel 1[0m _identify(frontend/static/src) by extensions ['cmake', 'python']
[1.147s] [34mcolcon.colcon_core.package_identification[0m [1;30mLevel 1[0m _identify(frontend/static/src) by extension 'cmake'
[1.148s] [34mcolcon.colcon_core.package_identification[0m [1;30mLevel 1[0m _identify(frontend/static/src) by extension 'python'
[1.150s] [34mcolcon.colcon_core.package_identification[0m [1;30mLevel 1[0m _identify(frontend/static/src) by extensions ['python_setup_py']
[1.150s] [34mcolcon.colcon_core.package_identification[0m [1;30mLevel 1[0m _identify(frontend/static/src) by extension 'python_setup_py'
[1.154s] [34mcolcon.colcon_core.package_identification[0m [1;30mLevel 1[0m _identify(install) by extensions ['ignore', 'ignore_ament_install']
[1.154s] [34mcolcon.colcon_core.package_identification[0m [1;30mLevel 1[0m _identify(install) by extension 'ignore'
[1.155s] [34mcolcon.colcon_core.package_identification[0m [1;30mLevel 1[0m _identify(install) ignored
[1.159s] [34mcolcon.colcon_core.package_identification[0m [1;30mLevel 1[0m _identify(log) by extensions ['ignore', 'ignore_ament_install']
[1.159s] [34mcolcon.colcon_core.package_identification[0m [1;30mLevel 1[0m _identify(log) by extension 'ignore'
[1.160s] [34mcolcon.colcon_core.package_identification[0m [1;30mLevel 1[0m _identify(log) ignored
[1.162s] [34mcolcon.colcon_core.package_identification[0m [1;30mLevel 1[0m _identify(node_modules) by extensions ['ignore', 'ignore_ament_install']
[1.163s] [34mcolcon.colcon_core.package_identification[0m [1;30mLevel 1[0m _identify(node_modules) by extension 'ignore'
[1.164s] [34mcolcon.colcon_core.package_identification[0m [1;30mLevel 1[0m _identify(node_modules) by extension 'ignore_ament_install'
[1.167s] [34mcolcon.colcon_core.package_identification[0m [1;30mLevel 1[0m _identify(node_modules) by extensions ['colcon_pkg']
[1.167s] [34mcolcon.colcon_core.package_identification[0m [1;30mLevel 1[0m _identify(node_modules) by extension 'colcon_pkg'
[1.168s] [34mcolcon.colcon_core.package_identification[0m [1;30mLevel 1[0m _identify(node_modules) by extensions ['colcon_meta']
[1.169s] [34mcolcon.colcon_core.package_identification[0m [1;30mLevel 1[0m _identify(node_modules) by extension 'colcon_meta'
[1.169s] [34mcolcon.colcon_core.package_identification[0m [1;30mLevel 1[0m _identify(node_modules) by extensions ['ros']
[1.170s] [34mcolcon.colcon_core.package_identification[0m [1;30mLevel 1[0m _identify(node_modules) by extension 'ros'
[1.173s] [34mcolcon.colcon_core.package_identification[0m [1;30mLevel 1[0m _identify(node_modules) by extensions ['cmake', 'python']
[1.174s] [34mcolcon.colcon_core.package_identification[0m [1;30mLevel 1[0m _identify(node_modules) by extension 'cmake'
[1.174s] [34mcolcon.colcon_core.package_identification[0m [1;30mLevel 1[0m _identify(node_modules) by extension 'python'
[1.175s] [34mcolcon.colcon_core.package_identification[0m [1;30mLevel 1[0m _identify(node_modules) by extensions ['python_setup_py']
[1.175s] [34mcolcon.colcon_core.package_identification[0m [1;30mLevel 1[0m _identify(node_modules) by extension 'python_setup_py'
[1.180s] [34mcolcon.colcon_core.package_identification[0m [1;30mLevel 1[0m _identify(node_modules/@parcel) by extensions ['ignore', 'ignore_ament_install']
[1.181s] [34mcolcon.colcon_core.package_identification[0m [1;30mLevel 1[0m _identify(node_modules/@parcel) by extension 'ignore'
[1.182s] [34mcolcon.colcon_core.package_identification[0m [1;30mLevel 1[0m _identify(node_modules/@parcel) by extension 'ignore_ament_install'
[1.184s] [34mcolcon.colcon_core.package_identification[0m [1;30mLevel 1[0m _identify(node_modules/@parcel) by extensions ['colcon_pkg']
[1.185s] [34mcolcon.colcon_core.package_identification[0m [1;30mLevel 1[0m _identify(node_modules/@parcel) by extension 'colcon_pkg'
[1.186s] [34mcolcon.colcon_core.package_identification[0m [1;30mLevel 1[0m _identify(node_modules/@parcel) by extensions ['colcon_meta']
[1.186s] [34mcolcon.colcon_core.package_identification[0m [1;30mLevel 1[0m _identify(node_modules/@parcel) by extension 'colcon_meta'
[1.187s] [34mcolcon.colcon_core.package_identification[0m [1;30mLevel 1[0m _identify(node_modules/@parcel) by extensions ['ros']
[1.187s] [34mcolcon.colcon_core.package_identification[0m [1;30mLevel 1[0m _identify(node_modules/@parcel) by extension 'ros'
[1.191s] [34mcolcon.colcon_core.package_identification[0m [1;30mLevel 1[0m _identify(node_modules/@parcel) by extensions ['cmake', 'python']
[1.191s] [34mcolcon.colcon_core.package_identification[0m [1;30mLevel 1[0m _identify(node_modules/@parcel) by extension 'cmake'
[1.192s] [34mcolcon.colcon_core.package_identification[0m [1;30mLevel 1[0m _identify(node_modules/@parcel) by extension 'python'
[1.193s] [34mcolcon.colcon_core.package_identification[0m [1;30mLevel 1[0m _identify(node_modules/@parcel) by extensions ['python_setup_py']
[1.193s] [34mcolcon.colcon_core.package_identification[0m [1;30mLevel 1[0m _identify(node_modules/@parcel) by extension 'python_setup_py'
[1.199s] [34mcolcon.colcon_core.package_identification[0m [1;30mLevel 1[0m _identify(node_modules/@parcel/watcher) by extensions ['ignore', 'ignore_ament_install']
[1.199s] [34mcolcon.colcon_core.package_identification[0m [1;30mLevel 1[0m _identify(node_modules/@parcel/watcher) by extension 'ignore'
[1.201s] [34mcolcon.colcon_core.package_identification[0m [1;30mLevel 1[0m _identify(node_modules/@parcel/watcher) by extension 'ignore_ament_install'
[1.203s] [34mcolcon.colcon_core.package_identification[0m [1;30mLevel 1[0m _identify(node_modules/@parcel/watcher) by extensions ['colcon_pkg']
[1.203s] [34mcolcon.colcon_core.package_identification[0m [1;30mLevel 1[0m _identify(node_modules/@parcel/watcher) by extension 'colcon_pkg'
[1.204s] [34mcolcon.colcon_core.package_identification[0m [1;30mLevel 1[0m _identify(node_modules/@parcel/watcher) by extensions ['colcon_meta']
[1.204s] [34mcolcon.colcon_core.package_identification[0m [1;30mLevel 1[0m _identify(node_modules/@parcel/watcher) by extension 'colcon_meta'
[1.206s] [34mcolcon.colcon_core.package_identification[0m [1;30mLevel 1[0m _identify(node_modules/@parcel/watcher) by extensions ['ros']
[1.207s] [34mcolcon.colcon_core.package_identification[0m [1;30mLevel 1[0m _identify(node_modules/@parcel/watcher) by extension 'ros'
[1.213s] [34mcolcon.colcon_core.package_identification[0m [1;30mLevel 1[0m _identify(node_modules/@parcel/watcher) by extensions ['cmake', 'python']
[1.214s] [34mcolcon.colcon_core.package_identification[0m [1;30mLevel 1[0m _identify(node_modules/@parcel/watcher) by extension 'cmake'
[1.215s] [34mcolcon.colcon_core.package_identification[0m [1;30mLevel 1[0m _identify(node_modules/@parcel/watcher) by extension 'python'
[1.216s] [34mcolcon.colcon_core.package_identification[0m [1;30mLevel 1[0m _identify(node_modules/@parcel/watcher) by extensions ['python_setup_py']
[1.216s] [34mcolcon.colcon_core.package_identification[0m [1;30mLevel 1[0m _identify(node_modules/@parcel/watcher) by extension 'python_setup_py'
[1.223s] [34mcolcon.colcon_core.package_identification[0m [1;30mLevel 1[0m _identify(node_modules/@parcel/watcher/scripts) by extensions ['ignore', 'ignore_ament_install']
[1.224s] [34mcolcon.colcon_core.package_identification[0m [1;30mLevel 1[0m _identify(node_modules/@parcel/watcher/scripts) by extension 'ignore'
[1.225s] [34mcolcon.colcon_core.package_identification[0m [1;30mLevel 1[0m _identify(node_modules/@parcel/watcher/scripts) by extension 'ignore_ament_install'
[1.230s] [34mcolcon.colcon_core.package_identification[0m [1;30mLevel 1[0m _identify(node_modules/@parcel/watcher/scripts) by extensions ['colcon_pkg']
[1.230s] [34mcolcon.colcon_core.package_identification[0m [1;30mLevel 1[0m _identify(node_modules/@parcel/watcher/scripts) by extension 'colcon_pkg'
[1.231s] [34mcolcon.colcon_core.package_identification[0m [1;30mLevel 1[0m _identify(node_modules/@parcel/watcher/scripts) by extensions ['colcon_meta']
[1.231s] [34mcolcon.colcon_core.package_identification[0m [1;30mLevel 1[0m _identify(node_modules/@parcel/watcher/scripts) by extension 'colcon_meta'
[1.235s] [34mcolcon.colcon_core.package_identification[0m [1;30mLevel 1[0m _identify(node_modules/@parcel/watcher/scripts) by extensions ['ros']
[1.235s] [34mcolcon.colcon_core.package_identification[0m [1;30mLevel 1[0m _identify(node_modules/@parcel/watcher/scripts) by extension 'ros'
[1.243s] [34mcolcon.colcon_core.package_identification[0m [1;30mLevel 1[0m _identify(node_modules/@parcel/watcher/scripts) by extensions ['cmake', 'python']
[1.244s] [34mcolcon.colcon_core.package_identification[0m [1;30mLevel 1[0m _identify(node_modules/@parcel/watcher/scripts) by extension 'cmake'
[1.245s] [34mcolcon.colcon_core.package_identification[0m [1;30mLevel 1[0m _identify(node_modules/@parcel/watcher/scripts) by extension 'python'
[1.247s] [34mcolcon.colcon_core.package_identification[0m [1;30mLevel 1[0m _identify(node_modules/@parcel/watcher/scripts) by extensions ['python_setup_py']
[1.247s] [34mcolcon.colcon_core.package_identification[0m [1;30mLevel 1[0m _identify(node_modules/@parcel/watcher/scripts) by extension 'python_setup_py'
[1.254s] [34mcolcon.colcon_core.package_identification[0m [1;30mLevel 1[0m _identify(node_modules/@parcel/watcher/src) by extensions ['ignore', 'ignore_ament_install']
[1.254s] [34mcolcon.colcon_core.package_identification[0m [1;30mLevel 1[0m _identify(node_modules/@parcel/watcher/src) by extension 'ignore'
[1.257s] [34mcolcon.colcon_core.package_identification[0m [1;30mLevel 1[0m _identify(node_modules/@parcel/watcher/src) by extension 'ignore_ament_install'
[1.261s] [34mcolcon.colcon_core.package_identification[0m [1;30mLevel 1[0m _identify(node_modules/@parcel/watcher/src) by extensions ['colcon_pkg']
[1.261s] [34mcolcon.colcon_core.package_identification[0m [1;30mLevel 1[0m _identify(node_modules/@parcel/watcher/src) by extension 'colcon_pkg'
[1.263s] [34mcolcon.colcon_core.package_identification[0m [1;30mLevel 1[0m _identify(node_modules/@parcel/watcher/src) by extensions ['colcon_meta']
[1.263s] [34mcolcon.colcon_core.package_identification[0m [1;30mLevel 1[0m _identify(node_modules/@parcel/watcher/src) by extension 'colcon_meta'
[1.267s] [34mcolcon.colcon_core.package_identification[0m [1;30mLevel 1[0m _identify(node_modules/@parcel/watcher/src) by extensions ['ros']
[1.267s] [34mcolcon.colcon_core.package_identification[0m [1;30mLevel 1[0m _identify(node_modules/@parcel/watcher/src) by extension 'ros'
[1.276s] [34mcolcon.colcon_core.package_identification[0m [1;30mLevel 1[0m _identify(node_modules/@parcel/watcher/src) by extensions ['cmake', 'python']
[1.276s] [34mcolcon.colcon_core.package_identification[0m [1;30mLevel 1[0m _identify(node_modules/@parcel/watcher/src) by extension 'cmake'
[1.278s] [34mcolcon.colcon_core.package_identification[0m [1;30mLevel 1[0m _identify(node_modules/@parcel/watcher/src) by extension 'python'
[1.279s] [34mcolcon.colcon_core.package_identification[0m [1;30mLevel 1[0m _identify(node_modules/@parcel/watcher/src) by extensions ['python_setup_py']
[1.279s] [34mcolcon.colcon_core.package_identification[0m [1;30mLevel 1[0m _identify(node_modules/@parcel/watcher/src) by extension 'python_setup_py'
[1.289s] [34mcolcon.colcon_core.package_identification[0m [1;30mLevel 1[0m _identify(node_modules/@parcel/watcher/src/kqueue) by extensions ['ignore', 'ignore_ament_install']
[1.289s] [34mcolcon.colcon_core.package_identification[0m [1;30mLevel 1[0m _identify(node_modules/@parcel/watcher/src/kqueue) by extension 'ignore'
[1.291s] [34mcolcon.colcon_core.package_identification[0m [1;30mLevel 1[0m _identify(node_modules/@parcel/watcher/src/kqueue) by extension 'ignore_ament_install'
[1.294s] [34mcolcon.colcon_core.package_identification[0m [1;30mLevel 1[0m _identify(node_modules/@parcel/watcher/src/kqueue) by extensions ['colcon_pkg']
[1.295s] [34mcolcon.colcon_core.package_identification[0m [1;30mLevel 1[0m _identify(node_modules/@parcel/watcher/src/kqueue) by extension 'colcon_pkg'
[1.296s] [34mcolcon.colcon_core.package_identification[0m [1;30mLevel 1[0m _identify(node_modules/@parcel/watcher/src/kqueue) by extensions ['colcon_meta']
[1.297s] [34mcolcon.colcon_core.package_identification[0m [1;30mLevel 1[0m _identify(node_modules/@parcel/watcher/src/kqueue) by extension 'colcon_meta'
[1.302s] [34mcolcon.colcon_core.package_identification[0m [1;30mLevel 1[0m _identify(node_modules/@parcel/watcher/src/kqueue) by extensions ['ros']
[1.302s] [34mcolcon.colcon_core.package_identification[0m [1;30mLevel 1[0m _identify(node_modules/@parcel/watcher/src/kqueue) by extension 'ros'
[1.311s] [34mcolcon.colcon_core.package_identification[0m [1;30mLevel 1[0m _identify(node_modules/@parcel/watcher/src/kqueue) by extensions ['cmake', 'python']
[1.311s] [34mcolcon.colcon_core.package_identification[0m [1;30mLevel 1[0m _identify(node_modules/@parcel/watcher/src/kqueue) by extension 'cmake'
[1.313s] [34mcolcon.colcon_core.package_identification[0m [1;30mLevel 1[0m _identify(node_modules/@parcel/watcher/src/kqueue) by extension 'python'
[1.315s] [34mcolcon.colcon_core.package_identification[0m [1;30mLevel 1[0m _identify(node_modules/@parcel/watcher/src/kqueue) by extensions ['python_setup_py']
[1.315s] [34mcolcon.colcon_core.package_identification[0m [1;30mLevel 1[0m _identify(node_modules/@parcel/watcher/src/kqueue) by extension 'python_setup_py'
[1.327s] [34mcolcon.colcon_core.package_identification[0m [1;30mLevel 1[0m _identify(node_modules/@parcel/watcher/src/linux) by extensions ['ignore', 'ignore_ament_install']
[1.327s] [34mcolcon.colcon_core.package_identification[0m [1;30mLevel 1[0m _identify(node_modules/@parcel/watcher/src/linux) by extension 'ignore'
[1.329s] [34mcolcon.colcon_core.package_identification[0m [1;30mLevel 1[0m _identify(node_modules/@parcel/watcher/src/linux) by extension 'ignore_ament_install'
[1.333s] [34mcolcon.colcon_core.package_identification[0m [1;30mLevel 1[0m _identify(node_modules/@parcel/watcher/src/linux) by extensions ['colcon_pkg']
[1.333s] [34mcolcon.colcon_core.package_identification[0m [1;30mLevel 1[0m _identify(node_modules/@parcel/watcher/src/linux) by extension 'colcon_pkg'
[1.336s] [34mcolcon.colcon_core.package_identification[0m [1;30mLevel 1[0m _identify(node_modules/@parcel/watcher/src/linux) by extensions ['colcon_meta']
[1.336s] [34mcolcon.colcon_core.package_identification[0m [1;30mLevel 1[0m _identify(node_modules/@parcel/watcher/src/linux) by extension 'colcon_meta'
[1.342s] [34mcolcon.colcon_core.package_identification[0m [1;30mLevel 1[0m _identify(node_modules/@parcel/watcher/src/linux) by extensions ['ros']
[1.342s] [34mcolcon.colcon_core.package_identification[0m [1;30mLevel 1[0m _identify(node_modules/@parcel/watcher/src/linux) by extension 'ros'
[1.353s] [34mcolcon.colcon_core.package_identification[0m [1;30mLevel 1[0m _identify(node_modules/@parcel/watcher/src/linux) by extensions ['cmake', 'python']
[1.353s] [34mcolcon.colcon_core.package_identification[0m [1;30mLevel 1[0m _identify(node_modules/@parcel/watcher/src/linux) by extension 'cmake'
[1.356s] [34mcolcon.colcon_core.package_identification[0m [1;30mLevel 1[0m _identify(node_modules/@parcel/watcher/src/linux) by extension 'python'
[1.358s] [34mcolcon.colcon_core.package_identification[0m [1;30mLevel 1[0m _identify(node_modules/@parcel/watcher/src/linux) by extensions ['python_setup_py']
[1.358s] [34mcolcon.colcon_core.package_identification[0m [1;30mLevel 1[0m _identify(node_modules/@parcel/watcher/src/linux) by extension 'python_setup_py'
[1.369s] [34mcolcon.colcon_core.package_identification[0m [1;30mLevel 1[0m _identify(node_modules/@parcel/watcher/src/macos) by extensions ['ignore', 'ignore_ament_install']
[1.369s] [34mcolcon.colcon_core.package_identification[0m [1;30mLevel 1[0m _identify(node_modules/@parcel/watcher/src/macos) by extension 'ignore'
[1.372s] [34mcolcon.colcon_core.package_identification[0m [1;30mLevel 1[0m _identify(node_modules/@parcel/watcher/src/macos) by extension 'ignore_ament_install'
[1.376s] [34mcolcon.colcon_core.package_identification[0m [1;30mLevel 1[0m _identify(node_modules/@parcel/watcher/src/macos) by extensions ['colcon_pkg']
[1.377s] [34mcolcon.colcon_core.package_identification[0m [1;30mLevel 1[0m _identify(node_modules/@parcel/watcher/src/macos) by extension 'colcon_pkg'
[1.379s] [34mcolcon.colcon_core.package_identification[0m [1;30mLevel 1[0m _identify(node_modules/@parcel/watcher/src/macos) by extensions ['colcon_meta']
[1.380s] [34mcolcon.colcon_core.package_identification[0m [1;30mLevel 1[0m _identify(node_modules/@parcel/watcher/src/macos) by extension 'colcon_meta'
[1.386s] [34mcolcon.colcon_core.package_identification[0m [1;30mLevel 1[0m _identify(node_modules/@parcel/watcher/src/macos) by extensions ['ros']
[1.386s] [34mcolcon.colcon_core.package_identification[0m [1;30mLevel 1[0m _identify(node_modules/@parcel/watcher/src/macos) by extension 'ros'
[1.397s] [34mcolcon.colcon_core.package_identification[0m [1;30mLevel 1[0m _identify(node_modules/@parcel/watcher/src/macos) by extensions ['cmake', 'python']
[1.397s] [34mcolcon.colcon_core.package_identification[0m [1;30mLevel 1[0m _identify(node_modules/@parcel/watcher/src/macos) by extension 'cmake'
[1.399s] [34mcolcon.colcon_core.package_identification[0m [1;30mLevel 1[0m _identify(node_modules/@parcel/watcher/src/macos) by extension 'python'
[1.401s] [34mcolcon.colcon_core.package_identification[0m [1;30mLevel 1[0m _identify(node_modules/@parcel/watcher/src/macos) by extensions ['python_setup_py']
[1.401s] [34mcolcon.colcon_core.package_identification[0m [1;30mLevel 1[0m _identify(node_modules/@parcel/watcher/src/macos) by extension 'python_setup_py'
[1.413s] [34mcolcon.colcon_core.package_identification[0m [1;30mLevel 1[0m _identify(node_modules/@parcel/watcher/src/shared) by extensions ['ignore', 'ignore_ament_install']
[1.413s] [34mcolcon.colcon_core.package_identification[0m [1;30mLevel 1[0m _identify(node_modules/@parcel/watcher/src/shared) by extension 'ignore'
[1.416s] [34mcolcon.colcon_core.package_identification[0m [1;30mLevel 1[0m _identify(node_modules/@parcel/watcher/src/shared) by extension 'ignore_ament_install'
[1.422s] [34mcolcon.colcon_core.package_identification[0m [1;30mLevel 1[0m _identify(node_modules/@parcel/watcher/src/shared) by extensions ['colcon_pkg']
[1.422s] [34mcolcon.colcon_core.package_identification[0m [1;30mLevel 1[0m _identify(node_modules/@parcel/watcher/src/shared) by extension 'colcon_pkg'
[1.425s] [34mcolcon.colcon_core.package_identification[0m [1;30mLevel 1[0m _identify(node_modules/@parcel/watcher/src/shared) by extensions ['colcon_meta']
[1.425s] [34mcolcon.colcon_core.package_identification[0m [1;30mLevel 1[0m _identify(node_modules/@parcel/watcher/src/shared) by extension 'colcon_meta'
[1.432s] [34mcolcon.colcon_core.package_identification[0m [1;30mLevel 1[0m _identify(node_modules/@parcel/watcher/src/shared) by extensions ['ros']
[1.432s] [34mcolcon.colcon_core.package_identification[0m [1;30mLevel 1[0m _identify(node_modules/@parcel/watcher/src/shared) by extension 'ros'
[1.442s] [34mcolcon.colcon_core.package_identification[0m [1;30mLevel 1[0m _identify(node_modules/@parcel/watcher/src/shared) by extensions ['cmake', 'python']
[1.442s] [34mcolcon.colcon_core.package_identification[0m [1;30mLevel 1[0m _identify(node_modules/@parcel/watcher/src/shared) by extension 'cmake'
[1.444s] [34mcolcon.colcon_core.package_identification[0m [1;30mLevel 1[0m _identify(node_modules/@parcel/watcher/src/shared) by extension 'python'
[1.446s] [34mcolcon.colcon_core.package_identification[0m [1;30mLevel 1[0m _identify(node_modules/@parcel/watcher/src/shared) by extensions ['python_setup_py']
[1.446s] [34mcolcon.colcon_core.package_identification[0m [1;30mLevel 1[0m _identify(node_modules/@parcel/watcher/src/shared) by extension 'python_setup_py'
[1.457s] [34mcolcon.colcon_core.package_identification[0m [1;30mLevel 1[0m _identify(node_modules/@parcel/watcher/src/unix) by extensions ['ignore', 'ignore_ament_install']
[1.458s] [34mcolcon.colcon_core.package_identification[0m [1;30mLevel 1[0m _identify(node_modules/@parcel/watcher/src/unix) by extension 'ignore'
[1.460s] [34mcolcon.colcon_core.package_identification[0m [1;30mLevel 1[0m _identify(node_modules/@parcel/watcher/src/unix) by extension 'ignore_ament_install'
[1.464s] [34mcolcon.colcon_core.package_identification[0m [1;30mLevel 1[0m _identify(node_modules/@parcel/watcher/src/unix) by extensions ['colcon_pkg']
[1.464s] [34mcolcon.colcon_core.package_identification[0m [1;30mLevel 1[0m _identify(node_modules/@parcel/watcher/src/unix) by extension 'colcon_pkg'
[1.466s] [34mcolcon.colcon_core.package_identification[0m [1;30mLevel 1[0m _identify(node_modules/@parcel/watcher/src/unix) by extensions ['colcon_meta']
[1.466s] [34mcolcon.colcon_core.package_identification[0m [1;30mLevel 1[0m _identify(node_modules/@parcel/watcher/src/unix) by extension 'colcon_meta'
[1.473s] [34mcolcon.colcon_core.package_identification[0m [1;30mLevel 1[0m _identify(node_modules/@parcel/watcher/src/unix) by extensions ['ros']
[1.473s] [34mcolcon.colcon_core.package_identification[0m [1;30mLevel 1[0m _identify(node_modules/@parcel/watcher/src/unix) by extension 'ros'
[1.482s] [34mcolcon.colcon_core.package_identification[0m [1;30mLevel 1[0m _identify(node_modules/@parcel/watcher/src/unix) by extensions ['cmake', 'python']
[1.483s] [34mcolcon.colcon_core.package_identification[0m [1;30mLevel 1[0m _identify(node_modules/@parcel/watcher/src/unix) by extension 'cmake'
[1.485s] [34mcolcon.colcon_core.package_identification[0m [1;30mLevel 1[0m _identify(node_modules/@parcel/watcher/src/unix) by extension 'python'
[1.487s] [34mcolcon.colcon_core.package_identification[0m [1;30mLevel 1[0m _identify(node_modules/@parcel/watcher/src/unix) by extensions ['python_setup_py']
[1.487s] [34mcolcon.colcon_core.package_identification[0m [1;30mLevel 1[0m _identify(node_modules/@parcel/watcher/src/unix) by extension 'python_setup_py'
[1.496s] [34mcolcon.colcon_core.package_identification[0m [1;30mLevel 1[0m _identify(node_modules/@parcel/watcher/src/wasm) by extensions ['ignore', 'ignore_ament_install']
[1.497s] [34mcolcon.colcon_core.package_identification[0m [1;30mLevel 1[0m _identify(node_modules/@parcel/watcher/src/wasm) by extension 'ignore'
[1.499s] [34mcolcon.colcon_core.package_identification[0m [1;30mLevel 1[0m _identify(node_modules/@parcel/watcher/src/wasm) by extension 'ignore_ament_install'
[1.502s] [34mcolcon.colcon_core.package_identification[0m [1;30mLevel 1[0m _identify(node_modules/@parcel/watcher/src/wasm) by extensions ['colcon_pkg']
[1.503s] [34mcolcon.colcon_core.package_identification[0m [1;30mLevel 1[0m _identify(node_modules/@parcel/watcher/src/wasm) by extension 'colcon_pkg'
[1.504s] [34mcolcon.colcon_core.package_identification[0m [1;30mLevel 1[0m _identify(node_modules/@parcel/watcher/src/wasm) by extensions ['colcon_meta']
[1.505s] [34mcolcon.colcon_core.package_identification[0m [1;30mLevel 1[0m _identify(node_modules/@parcel/watcher/src/wasm) by extension 'colcon_meta'
[1.510s] [34mcolcon.colcon_core.package_identification[0m [1;30mLevel 1[0m _identify(node_modules/@parcel/watcher/src/wasm) by extensions ['ros']
[1.510s] [34mcolcon.colcon_core.package_identification[0m [1;30mLevel 1[0m _identify(node_modules/@parcel/watcher/src/wasm) by extension 'ros'
[1.519s] [34mcolcon.colcon_core.package_identification[0m [1;30mLevel 1[0m _identify(node_modules/@parcel/watcher/src/wasm) by extensions ['cmake', 'python']
[1.519s] [34mcolcon.colcon_core.package_identification[0m [1;30mLevel 1[0m _identify(node_modules/@parcel/watcher/src/wasm) by extension 'cmake'
[1.521s] [34mcolcon.colcon_core.package_identification[0m [1;30mLevel 1[0m _identify(node_modules/@parcel/watcher/src/wasm) by extension 'python'
[1.522s] [34mcolcon.colcon_core.package_identification[0m [1;30mLevel 1[0m _identify(node_modules/@parcel/watcher/src/wasm) by extensions ['python_setup_py']
[1.523s] [34mcolcon.colcon_core.package_identification[0m [1;30mLevel 1[0m _identify(node_modules/@parcel/watcher/src/wasm) by extension 'python_setup_py'
[1.532s] [34mcolcon.colcon_core.package_identification[0m [1;30mLevel 1[0m _identify(node_modules/@parcel/watcher/src/watchman) by extensions ['ignore', 'ignore_ament_install']
[1.532s] [34mcolcon.colcon_core.package_identification[0m [1;30mLevel 1[0m _identify(node_modules/@parcel/watcher/src/watchman) by extension 'ignore'
[1.534s] [34mcolcon.colcon_core.package_identification[0m [1;30mLevel 1[0m _identify(node_modules/@parcel/watcher/src/watchman) by extension 'ignore_ament_install'
[1.537s] [34mcolcon.colcon_core.package_identification[0m [1;30mLevel 1[0m _identify(node_modules/@parcel/watcher/src/watchman) by extensions ['colcon_pkg']
[1.538s] [34mcolcon.colcon_core.package_identification[0m [1;30mLevel 1[0m _identify(node_modules/@parcel/watcher/src/watchman) by extension 'colcon_pkg'
[1.539s] [34mcolcon.colcon_core.package_identification[0m [1;30mLevel 1[0m _identify(node_modules/@parcel/watcher/src/watchman) by extensions ['colcon_meta']
[1.540s] [34mcolcon.colcon_core.package_identification[0m [1;30mLevel 1[0m _identify(node_modules/@parcel/watcher/src/watchman) by extension 'colcon_meta'
[1.545s] [34mcolcon.colcon_core.package_identification[0m [1;30mLevel 1[0m _identify(node_modules/@parcel/watcher/src/watchman) by extensions ['ros']
[1.545s] [34mcolcon.colcon_core.package_identification[0m [1;30mLevel 1[0m _identify(node_modules/@parcel/watcher/src/watchman) by extension 'ros'
[1.553s] [34mcolcon.colcon_core.package_identification[0m [1;30mLevel 1[0m _identify(node_modules/@parcel/watcher/src/watchman) by extensions ['cmake', 'python']
[1.554s] [34mcolcon.colcon_core.package_identification[0m [1;30mLevel 1[0m _identify(node_modules/@parcel/watcher/src/watchman) by extension 'cmake'
[1.556s] [34mcolcon.colcon_core.package_identification[0m [1;30mLevel 1[0m _identify(node_modules/@parcel/watcher/src/watchman) by extension 'python'
[1.558s] [34mcolcon.colcon_core.package_identification[0m [1;30mLevel 1[0m _identify(node_modules/@parcel/watcher/src/watchman) by extensions ['python_setup_py']
[1.558s] [34mcolcon.colcon_core.package_identification[0m [1;30mLevel 1[0m _identify(node_modules/@parcel/watcher/src/watchman) by extension 'python_setup_py'
[1.567s] [34mcolcon.colcon_core.package_identification[0m [1;30mLevel 1[0m _identify(node_modules/@parcel/watcher/src/windows) by extensions ['ignore', 'ignore_ament_install']
[1.568s] [34mcolcon.colcon_core.package_identification[0m [1;30mLevel 1[0m _identify(node_modules/@parcel/watcher/src/windows) by extension 'ignore'
[1.569s] [34mcolcon.colcon_core.package_identification[0m [1;30mLevel 1[0m _identify(node_modules/@parcel/watcher/src/windows) by extension 'ignore_ament_install'
[1.573s] [34mcolcon.colcon_core.package_identification[0m [1;30mLevel 1[0m _identify(node_modules/@parcel/watcher/src/windows) by extensions ['colcon_pkg']
[1.573s] [34mcolcon.colcon_core.package_identification[0m [1;30mLevel 1[0m _identify(node_modules/@parcel/watcher/src/windows) by extension 'colcon_pkg'
[1.575s] [34mcolcon.colcon_core.package_identification[0m [1;30mLevel 1[0m _identify(node_modules/@parcel/watcher/src/windows) by extensions ['colcon_meta']
[1.575s] [34mcolcon.colcon_core.package_identification[0m [1;30mLevel 1[0m _identify(node_modules/@parcel/watcher/src/windows) by extension 'colcon_meta'
[1.581s] [34mcolcon.colcon_core.package_identification[0m [1;30mLevel 1[0m _identify(node_modules/@parcel/watcher/src/windows) by extensions ['ros']
[1.581s] [34mcolcon.colcon_core.package_identification[0m [1;30mLevel 1[0m _identify(node_modules/@parcel/watcher/src/windows) by extension 'ros'
[1.591s] [34mcolcon.colcon_core.package_identification[0m [1;30mLevel 1[0m _identify(node_modules/@parcel/watcher/src/windows) by extensions ['cmake', 'python']
[1.591s] [34mcolcon.colcon_core.package_identification[0m [1;30mLevel 1[0m _identify(node_modules/@parcel/watcher/src/windows) by extension 'cmake'
[1.594s] [34mcolcon.colcon_core.package_identification[0m [1;30mLevel 1[0m _identify(node_modules/@parcel/watcher/src/windows) by extension 'python'
[1.598s] [34mcolcon.colcon_core.package_identification[0m [1;30mLevel 1[0m _identify(node_modules/@parcel/watcher/src/windows) by extensions ['python_setup_py']
[1.599s] [34mcolcon.colcon_core.package_identification[0m [1;30mLevel 1[0m _identify(node_modules/@parcel/watcher/src/windows) by extension 'python_setup_py'
[1.607s] [34mcolcon.colcon_core.package_identification[0m [1;30mLevel 1[0m _identify(node_modules/@parcel/watcher-win32-x64) by extensions ['ignore', 'ignore_ament_install']
[1.607s] [34mcolcon.colcon_core.package_identification[0m [1;30mLevel 1[0m _identify(node_modules/@parcel/watcher-win32-x64) by extension 'ignore'
[1.609s] [34mcolcon.colcon_core.package_identification[0m [1;30mLevel 1[0m _identify(node_modules/@parcel/watcher-win32-x64) by extension 'ignore_ament_install'
[1.613s] [34mcolcon.colcon_core.package_identification[0m [1;30mLevel 1[0m _identify(node_modules/@parcel/watcher-win32-x64) by extensions ['colcon_pkg']
[1.614s] [34mcolcon.colcon_core.package_identification[0m [1;30mLevel 1[0m _identify(node_modules/@parcel/watcher-win32-x64) by extension 'colcon_pkg'
[1.616s] [34mcolcon.colcon_core.package_identification[0m [1;30mLevel 1[0m _identify(node_modules/@parcel/watcher-win32-x64) by extensions ['colcon_meta']
[1.616s] [34mcolcon.colcon_core.package_identification[0m [1;30mLevel 1[0m _identify(node_modules/@parcel/watcher-win32-x64) by extension 'colcon_meta'
[1.619s] [34mcolcon.colcon_core.package_identification[0m [1;30mLevel 1[0m _identify(node_modules/@parcel/watcher-win32-x64) by extensions ['ros']
[1.619s] [34mcolcon.colcon_core.package_identification[0m [1;30mLevel 1[0m _identify(node_modules/@parcel/watcher-win32-x64) by extension 'ros'
[1.627s] [34mcolcon.colcon_core.package_identification[0m [1;30mLevel 1[0m _identify(node_modules/@parcel/watcher-win32-x64) by extensions ['cmake', 'python']
[1.627s] [34mcolcon.colcon_core.package_identification[0m [1;30mLevel 1[0m _identify(node_modules/@parcel/watcher-win32-x64) by extension 'cmake'
[1.628s] [34mcolcon.colcon_core.package_identification[0m [1;30mLevel 1[0m _identify(node_modules/@parcel/watcher-win32-x64) by extension 'python'
[1.630s] [34mcolcon.colcon_core.package_identification[0m [1;30mLevel 1[0m _identify(node_modules/@parcel/watcher-win32-x64) by extensions ['python_setup_py']
[1.630s] [34mcolcon.colcon_core.package_identification[0m [1;30mLevel 1[0m _identify(node_modules/@parcel/watcher-win32-x64) by extension 'python_setup_py'
[1.635s] [34mcolcon.colcon_core.package_identification[0m [1;30mLevel 1[0m _identify(node_modules/@tailwindcss) by extensions ['ignore', 'ignore_ament_install']
[1.635s] [34mcolcon.colcon_core.package_identification[0m [1;30mLevel 1[0m _identify(node_modules/@tailwindcss) by extension 'ignore'
[1.637s] [34mcolcon.colcon_core.package_identification[0m [1;30mLevel 1[0m _identify(node_modules/@tailwindcss) by extension 'ignore_ament_install'
[1.640s] [34mcolcon.colcon_core.package_identification[0m [1;30mLevel 1[0m _identify(node_modules/@tailwindcss) by extensions ['colcon_pkg']
[1.640s] [34mcolcon.colcon_core.package_identification[0m [1;30mLevel 1[0m _identify(node_modules/@tailwindcss) by extension 'colcon_pkg'
[1.642s] [34mcolcon.colcon_core.package_identification[0m [1;30mLevel 1[0m _identify(node_modules/@tailwindcss) by extensions ['colcon_meta']
[1.643s] [34mcolcon.colcon_core.package_identification[0m [1;30mLevel 1[0m _identify(node_modules/@tailwindcss) by extension 'colcon_meta'
[1.645s] [34mcolcon.colcon_core.package_identification[0m [1;30mLevel 1[0m _identify(node_modules/@tailwindcss) by extensions ['ros']
[1.645s] [34mcolcon.colcon_core.package_identification[0m [1;30mLevel 1[0m _identify(node_modules/@tailwindcss) by extension 'ros'
[1.650s] [34mcolcon.colcon_core.package_identification[0m [1;30mLevel 1[0m _identify(node_modules/@tailwindcss) by extensions ['cmake', 'python']
[1.650s] [34mcolcon.colcon_core.package_identification[0m [1;30mLevel 1[0m _identify(node_modules/@tailwindcss) by extension 'cmake'
[1.651s] [34mcolcon.colcon_core.package_identification[0m [1;30mLevel 1[0m _identify(node_modules/@tailwindcss) by extension 'python'
[1.653s] [34mcolcon.colcon_core.package_identification[0m [1;30mLevel 1[0m _identify(node_modules/@tailwindcss) by extensions ['python_setup_py']
[1.654s] [34mcolcon.colcon_core.package_identification[0m [1;30mLevel 1[0m _identify(node_modules/@tailwindcss) by extension 'python_setup_py'
[1.662s] [34mcolcon.colcon_core.package_identification[0m [1;30mLevel 1[0m _identify(node_modules/@tailwindcss/cli) by extensions ['ignore', 'ignore_ament_install']
[1.663s] [34mcolcon.colcon_core.package_identification[0m [1;30mLevel 1[0m _identify(node_modules/@tailwindcss/cli) by extension 'ignore'
[1.664s] [34mcolcon.colcon_core.package_identification[0m [1;30mLevel 1[0m _identify(node_modules/@tailwindcss/cli) by extension 'ignore_ament_install'
[1.668s] [34mcolcon.colcon_core.package_identification[0m [1;30mLevel 1[0m _identify(node_modules/@tailwindcss/cli) by extensions ['colcon_pkg']
[1.668s] [34mcolcon.colcon_core.package_identification[0m [1;30mLevel 1[0m _identify(node_modules/@tailwindcss/cli) by extension 'colcon_pkg'
[1.671s] [34mcolcon.colcon_core.package_identification[0m [1;30mLevel 1[0m _identify(node_modules/@tailwindcss/cli) by extensions ['colcon_meta']
[1.671s] [34mcolcon.colcon_core.package_identification[0m [1;30mLevel 1[0m _identify(node_modules/@tailwindcss/cli) by extension 'colcon_meta'
[1.675s] [34mcolcon.colcon_core.package_identification[0m [1;30mLevel 1[0m _identify(node_modules/@tailwindcss/cli) by extensions ['ros']
[1.675s] [34mcolcon.colcon_core.package_identification[0m [1;30mLevel 1[0m _identify(node_modules/@tailwindcss/cli) by extension 'ros'
[1.682s] [34mcolcon.colcon_core.package_identification[0m [1;30mLevel 1[0m _identify(node_modules/@tailwindcss/cli) by extensions ['cmake', 'python']
[1.682s] [34mcolcon.colcon_core.package_identification[0m [1;30mLevel 1[0m _identify(node_modules/@tailwindcss/cli) by extension 'cmake'
[1.684s] [34mcolcon.colcon_core.package_identification[0m [1;30mLevel 1[0m _identify(node_modules/@tailwindcss/cli) by extension 'python'
[1.686s] [34mcolcon.colcon_core.package_identification[0m [1;30mLevel 1[0m _identify(node_modules/@tailwindcss/cli) by extensions ['python_setup_py']
[1.687s] [34mcolcon.colcon_core.package_identification[0m [1;30mLevel 1[0m _identify(node_modules/@tailwindcss/cli) by extension 'python_setup_py'
[1.696s] [34mcolcon.colcon_core.package_identification[0m [1;30mLevel 1[0m _identify(node_modules/@tailwindcss/cli/dist) by extensions ['ignore', 'ignore_ament_install']
[1.697s] [34mcolcon.colcon_core.package_identification[0m [1;30mLevel 1[0m _identify(node_modules/@tailwindcss/cli/dist) by extension 'ignore'
[1.699s] [34mcolcon.colcon_core.package_identification[0m [1;30mLevel 1[0m _identify(node_modules/@tailwindcss/cli/dist) by extension 'ignore_ament_install'
[1.704s] [34mcolcon.colcon_core.package_identification[0m [1;30mLevel 1[0m _identify(node_modules/@tailwindcss/cli/dist) by extensions ['colcon_pkg']
[1.705s] [34mcolcon.colcon_core.package_identification[0m [1;30mLevel 1[0m _identify(node_modules/@tailwindcss/cli/dist) by extension 'colcon_pkg'
[1.707s] [34mcolcon.colcon_core.package_identification[0m [1;30mLevel 1[0m _identify(node_modules/@tailwindcss/cli/dist) by extensions ['colcon_meta']
[1.707s] [34mcolcon.colcon_core.package_identification[0m [1;30mLevel 1[0m _identify(node_modules/@tailwindcss/cli/dist) by extension 'colcon_meta'
[1.714s] [34mcolcon.colcon_core.package_identification[0m [1;30mLevel 1[0m _identify(node_modules/@tailwindcss/cli/dist) by extensions ['ros']
[1.714s] [34mcolcon.colcon_core.package_identification[0m [1;30mLevel 1[0m _identify(node_modules/@tailwindcss/cli/dist) by extension 'ros'
[1.723s] [34mcolcon.colcon_core.package_identification[0m [1;30mLevel 1[0m _identify(node_modules/@tailwindcss/cli/dist) by extensions ['cmake', 'python']
[1.723s] [34mcolcon.colcon_core.package_identification[0m [1;30mLevel 1[0m _identify(node_modules/@tailwindcss/cli/dist) by extension 'cmake'
[1.725s] [34mcolcon.colcon_core.package_identification[0m [1;30mLevel 1[0m _identify(node_modules/@tailwindcss/cli/dist) by extension 'python'
[1.726s] [34mcolcon.colcon_core.package_identification[0m [1;30mLevel 1[0m _identify(node_modules/@tailwindcss/cli/dist) by extensions ['python_setup_py']
[1.727s] [34mcolcon.colcon_core.package_identification[0m [1;30mLevel 1[0m _identify(node_modules/@tailwindcss/cli/dist) by extension 'python_setup_py'
[1.735s] [34mcolcon.colcon_core.package_identification[0m [1;30mLevel 1[0m _identify(node_modules/@tailwindcss/node) by extensions ['ignore', 'ignore_ament_install']
[1.736s] [34mcolcon.colcon_core.package_identification[0m [1;30mLevel 1[0m _identify(node_modules/@tailwindcss/node) by extension 'ignore'
[1.737s] [34mcolcon.colcon_core.package_identification[0m [1;30mLevel 1[0m _identify(node_modules/@tailwindcss/node) by extension 'ignore_ament_install'
[1.740s] [34mcolcon.colcon_core.package_identification[0m [1;30mLevel 1[0m _identify(node_modules/@tailwindcss/node) by extensions ['colcon_pkg']
[1.740s] [34mcolcon.colcon_core.package_identification[0m [1;30mLevel 1[0m _identify(node_modules/@tailwindcss/node) by extension 'colcon_pkg'
[1.741s] [34mcolcon.colcon_core.package_identification[0m [1;30mLevel 1[0m _identify(node_modules/@tailwindcss/node) by extensions ['colcon_meta']
[1.742s] [34mcolcon.colcon_core.package_identification[0m [1;30mLevel 1[0m _identify(node_modules/@tailwindcss/node) by extension 'colcon_meta'
[1.745s] [34mcolcon.colcon_core.package_identification[0m [1;30mLevel 1[0m _identify(node_modules/@tailwindcss/node) by extensions ['ros']
[1.746s] [34mcolcon.colcon_core.package_identification[0m [1;30mLevel 1[0m _identify(node_modules/@tailwindcss/node) by extension 'ros'
[1.753s] [34mcolcon.colcon_core.package_identification[0m [1;30mLevel 1[0m _identify(node_modules/@tailwindcss/node) by extensions ['cmake', 'python']
[1.753s] [34mcolcon.colcon_core.package_identification[0m [1;30mLevel 1[0m _identify(node_modules/@tailwindcss/node) by extension 'cmake'
[1.755s] [34mcolcon.colcon_core.package_identification[0m [1;30mLevel 1[0m _identify(node_modules/@tailwindcss/node) by extension 'python'
[1.756s] [34mcolcon.colcon_core.package_identification[0m [1;30mLevel 1[0m _identify(node_modules/@tailwindcss/node) by extensions ['python_setup_py']
[1.756s] [34mcolcon.colcon_core.package_identification[0m [1;30mLevel 1[0m _identify(node_modules/@tailwindcss/node) by extension 'python_setup_py'
[1.767s] [34mcolcon.colcon_core.package_identification[0m [1;30mLevel 1[0m _identify(node_modules/@tailwindcss/node/dist) by extensions ['ignore', 'ignore_ament_install']
[1.767s] [34mcolcon.colcon_core.package_identification[0m [1;30mLevel 1[0m _identify(node_modules/@tailwindcss/node/dist) by extension 'ignore'
[1.770s] [34mcolcon.colcon_core.package_identification[0m [1;30mLevel 1[0m _identify(node_modules/@tailwindcss/node/dist) by extension 'ignore_ament_install'
[1.773s] [34mcolcon.colcon_core.package_identification[0m [1;30mLevel 1[0m _identify(node_modules/@tailwindcss/node/dist) by extensions ['colcon_pkg']
[1.773s] [34mcolcon.colcon_core.package_identification[0m [1;30mLevel 1[0m _identify(node_modules/@tailwindcss/node/dist) by extension 'colcon_pkg'
[1.776s] [34mcolcon.colcon_core.package_identification[0m [1;30mLevel 1[0m _identify(node_modules/@tailwindcss/node/dist) by extensions ['colcon_meta']
[1.776s] [34mcolcon.colcon_core.package_identification[0m [1;30mLevel 1[0m _identify(node_modules/@tailwindcss/node/dist) by extension 'colcon_meta'
[1.782s] [34mcolcon.colcon_core.package_identification[0m [1;30mLevel 1[0m _identify(node_modules/@tailwindcss/node/dist) by extensions ['ros']
[1.782s] [34mcolcon.colcon_core.package_identification[0m [1;30mLevel 1[0m _identify(node_modules/@tailwindcss/node/dist) by extension 'ros'
[1.790s] [34mcolcon.colcon_core.package_identification[0m [1;30mLevel 1[0m _identify(node_modules/@tailwindcss/node/dist) by extensions ['cmake', 'python']
[1.790s] [34mcolcon.colcon_core.package_identification[0m [1;30mLevel 1[0m _identify(node_modules/@tailwindcss/node/dist) by extension 'cmake'
[1.792s] [34mcolcon.colcon_core.package_identification[0m [1;30mLevel 1[0m _identify(node_modules/@tailwindcss/node/dist) by extension 'python'
[1.794s] [34mcolcon.colcon_core.package_identification[0m [1;30mLevel 1[0m _identify(node_modules/@tailwindcss/node/dist) by extensions ['python_setup_py']
[1.794s] [34mcolcon.colcon_core.package_identification[0m [1;30mLevel 1[0m _identify(node_modules/@tailwindcss/node/dist) by extension 'python_setup_py'
[1.800s] [34mcolcon.colcon_core.package_identification[0m [1;30mLevel 1[0m _identify(node_modules/@tailwindcss/oxide) by extensions ['ignore', 'ignore_ament_install']
[1.801s] [34mcolcon.colcon_core.package_identification[0m [1;30mLevel 1[0m _identify(node_modules/@tailwindcss/oxide) by extension 'ignore'
[1.802s] [34mcolcon.colcon_core.package_identification[0m [1;30mLevel 1[0m _identify(node_modules/@tailwindcss/oxide) by extension 'ignore_ament_install'
[1.804s] [34mcolcon.colcon_core.package_identification[0m [1;30mLevel 1[0m _identify(node_modules/@tailwindcss/oxide) by extensions ['colcon_pkg']
[1.804s] [34mcolcon.colcon_core.package_identification[0m [1;30mLevel 1[0m _identify(node_modules/@tailwindcss/oxide) by extension 'colcon_pkg'
[1.806s] [34mcolcon.colcon_core.package_identification[0m [1;30mLevel 1[0m _identify(node_modules/@tailwindcss/oxide) by extensions ['colcon_meta']
[1.806s] [34mcolcon.colcon_core.package_identification[0m [1;30mLevel 1[0m _identify(node_modules/@tailwindcss/oxide) by extension 'colcon_meta'
[1.810s] [34mcolcon.colcon_core.package_identification[0m [1;30mLevel 1[0m _identify(node_modules/@tailwindcss/oxide) by extensions ['ros']
[1.810s] [34mcolcon.colcon_core.package_identification[0m [1;30mLevel 1[0m _identify(node_modules/@tailwindcss/oxide) by extension 'ros'
[1.816s] [34mcolcon.colcon_core.package_identification[0m [1;30mLevel 1[0m _identify(node_modules/@tailwindcss/oxide) by extensions ['cmake', 'python']
[1.816s] [34mcolcon.colcon_core.package_identification[0m [1;30mLevel 1[0m _identify(node_modules/@tailwindcss/oxide) by extension 'cmake'
[1.818s] [34mcolcon.colcon_core.package_identification[0m [1;30mLevel 1[0m _identify(node_modules/@tailwindcss/oxide) by extension 'python'
[1.819s] [34mcolcon.colcon_core.package_identification[0m [1;30mLevel 1[0m _identify(node_modules/@tailwindcss/oxide) by extensions ['python_setup_py']
[1.819s] [34mcolcon.colcon_core.package_identification[0m [1;30mLevel 1[0m _identify(node_modules/@tailwindcss/oxide) by extension 'python_setup_py'
[1.827s] [34mcolcon.colcon_core.package_identification[0m [1;30mLevel 1[0m _identify(node_modules/@tailwindcss/oxide-win32-x64-msvc) by extensions ['ignore', 'ignore_ament_install']
[1.827s] [34mcolcon.colcon_core.package_identification[0m [1;30mLevel 1[0m _identify(node_modules/@tailwindcss/oxide-win32-x64-msvc) by extension 'ignore'
[1.828s] [34mcolcon.colcon_core.package_identification[0m [1;30mLevel 1[0m _identify(node_modules/@tailwindcss/oxide-win32-x64-msvc) by extension 'ignore_ament_install'
[1.831s] [34mcolcon.colcon_core.package_identification[0m [1;30mLevel 1[0m _identify(node_modules/@tailwindcss/oxide-win32-x64-msvc) by extensions ['colcon_pkg']
[1.831s] [34mcolcon.colcon_core.package_identification[0m [1;30mLevel 1[0m _identify(node_modules/@tailwindcss/oxide-win32-x64-msvc) by extension 'colcon_pkg'
[1.832s] [34mcolcon.colcon_core.package_identification[0m [1;30mLevel 1[0m _identify(node_modules/@tailwindcss/oxide-win32-x64-msvc) by extensions ['colcon_meta']
[1.833s] [34mcolcon.colcon_core.package_identification[0m [1;30mLevel 1[0m _identify(node_modules/@tailwindcss/oxide-win32-x64-msvc) by extension 'colcon_meta'
[1.836s] [34mcolcon.colcon_core.package_identification[0m [1;30mLevel 1[0m _identify(node_modules/@tailwindcss/oxide-win32-x64-msvc) by extensions ['ros']
[1.836s] [34mcolcon.colcon_core.package_identification[0m [1;30mLevel 1[0m _identify(node_modules/@tailwindcss/oxide-win32-x64-msvc) by extension 'ros'
[1.844s] [34mcolcon.colcon_core.package_identification[0m [1;30mLevel 1[0m _identify(node_modules/@tailwindcss/oxide-win32-x64-msvc) by extensions ['cmake', 'python']
[1.844s] [34mcolcon.colcon_core.package_identification[0m [1;30mLevel 1[0m _identify(node_modules/@tailwindcss/oxide-win32-x64-msvc) by extension 'cmake'
[1.845s] [34mcolcon.colcon_core.package_identification[0m [1;30mLevel 1[0m _identify(node_modules/@tailwindcss/oxide-win32-x64-msvc) by extension 'python'
[1.847s] [34mcolcon.colcon_core.package_identification[0m [1;30mLevel 1[0m _identify(node_modules/@tailwindcss/oxide-win32-x64-msvc) by extensions ['python_setup_py']
[1.847s] [34mcolcon.colcon_core.package_identification[0m [1;30mLevel 1[0m _identify(node_modules/@tailwindcss/oxide-win32-x64-msvc) by extension 'python_setup_py'
[1.853s] [34mcolcon.colcon_core.package_identification[0m [1;30mLevel 1[0m _identify(node_modules/braces) by extensions ['ignore', 'ignore_ament_install']
[1.854s] [34mcolcon.colcon_core.package_identification[0m [1;30mLevel 1[0m _identify(node_modules/braces) by extension 'ignore'
[1.856s] [34mcolcon.colcon_core.package_identification[0m [1;30mLevel 1[0m _identify(node_modules/braces) by extension 'ignore_ament_install'
[1.859s] [34mcolcon.colcon_core.package_identification[0m [1;30mLevel 1[0m _identify(node_modules/braces) by extensions ['colcon_pkg']
[1.859s] [34mcolcon.colcon_core.package_identification[0m [1;30mLevel 1[0m _identify(node_modules/braces) by extension 'colcon_pkg'
[1.860s] [34mcolcon.colcon_core.package_identification[0m [1;30mLevel 1[0m _identify(node_modules/braces) by extensions ['colcon_meta']
[1.861s] [34mcolcon.colcon_core.package_identification[0m [1;30mLevel 1[0m _identify(node_modules/braces) by extension 'colcon_meta'
[1.862s] [34mcolcon.colcon_core.package_identification[0m [1;30mLevel 1[0m _identify(node_modules/braces) by extensions ['ros']
[1.863s] [34mcolcon.colcon_core.package_identification[0m [1;30mLevel 1[0m _identify(node_modules/braces) by extension 'ros'
[1.868s] [34mcolcon.colcon_core.package_identification[0m [1;30mLevel 1[0m _identify(node_modules/braces) by extensions ['cmake', 'python']
[1.869s] [34mcolcon.colcon_core.package_identification[0m [1;30mLevel 1[0m _identify(node_modules/braces) by extension 'cmake'
[1.870s] [34mcolcon.colcon_core.package_identification[0m [1;30mLevel 1[0m _identify(node_modules/braces) by extension 'python'
[1.872s] [34mcolcon.colcon_core.package_identification[0m [1;30mLevel 1[0m _identify(node_modules/braces) by extensions ['python_setup_py']
[1.872s] [34mcolcon.colcon_core.package_identification[0m [1;30mLevel 1[0m _identify(node_modules/braces) by extension 'python_setup_py'
[1.880s] [34mcolcon.colcon_core.package_identification[0m [1;30mLevel 1[0m _identify(node_modules/braces/lib) by extensions ['ignore', 'ignore_ament_install']
[1.880s] [34mcolcon.colcon_core.package_identification[0m [1;30mLevel 1[0m _identify(node_modules/braces/lib) by extension 'ignore'
[1.881s] [34mcolcon.colcon_core.package_identification[0m [1;30mLevel 1[0m _identify(node_modules/braces/lib) by extension 'ignore_ament_install'
[1.885s] [34mcolcon.colcon_core.package_identification[0m [1;30mLevel 1[0m _identify(node_modules/braces/lib) by extensions ['colcon_pkg']
[1.885s] [34mcolcon.colcon_core.package_identification[0m [1;30mLevel 1[0m _identify(node_modules/braces/lib) by extension 'colcon_pkg'
[1.887s] [34mcolcon.colcon_core.package_identification[0m [1;30mLevel 1[0m _identify(node_modules/braces/lib) by extensions ['colcon_meta']
[1.887s] [34mcolcon.colcon_core.package_identification[0m [1;30mLevel 1[0m _identify(node_modules/braces/lib) by extension 'colcon_meta'
[1.890s] [34mcolcon.colcon_core.package_identification[0m [1;30mLevel 1[0m _identify(node_modules/braces/lib) by extensions ['ros']
[1.890s] [34mcolcon.colcon_core.package_identification[0m [1;30mLevel 1[0m _identify(node_modules/braces/lib) by extension 'ros'
[1.896s] [34mcolcon.colcon_core.package_identification[0m [1;30mLevel 1[0m _identify(node_modules/braces/lib) by extensions ['cmake', 'python']
[1.896s] [34mcolcon.colcon_core.package_identification[0m [1;30mLevel 1[0m _identify(node_modules/braces/lib) by extension 'cmake'
[1.897s] [34mcolcon.colcon_core.package_identification[0m [1;30mLevel 1[0m _identify(node_modules/braces/lib) by extension 'python'
[1.900s] [34mcolcon.colcon_core.package_identification[0m [1;30mLevel 1[0m _identify(node_modules/braces/lib) by extensions ['python_setup_py']
[1.900s] [34mcolcon.colcon_core.package_identification[0m [1;30mLevel 1[0m _identify(node_modules/braces/lib) by extension 'python_setup_py'
[1.905s] [34mcolcon.colcon_core.package_identification[0m [1;30mLevel 1[0m _identify(node_modules/detect-libc) by extensions ['ignore', 'ignore_ament_install']
[1.905s] [34mcolcon.colcon_core.package_identification[0m [1;30mLevel 1[0m _identify(node_modules/detect-libc) by extension 'ignore'
[1.906s] [34mcolcon.colcon_core.package_identification[0m [1;30mLevel 1[0m _identify(node_modules/detect-libc) by extension 'ignore_ament_install'
[1.908s] [34mcolcon.colcon_core.package_identification[0m [1;30mLevel 1[0m _identify(node_modules/detect-libc) by extensions ['colcon_pkg']
[1.908s] [34mcolcon.colcon_core.package_identification[0m [1;30mLevel 1[0m _identify(node_modules/detect-libc) by extension 'colcon_pkg'
[1.909s] [34mcolcon.colcon_core.package_identification[0m [1;30mLevel 1[0m _identify(node_modules/detect-libc) by extensions ['colcon_meta']
[1.910s] [34mcolcon.colcon_core.package_identification[0m [1;30mLevel 1[0m _identify(node_modules/detect-libc) by extension 'colcon_meta'
[1.911s] [34mcolcon.colcon_core.package_identification[0m [1;30mLevel 1[0m _identify(node_modules/detect-libc) by extensions ['ros']
[1.911s] [34mcolcon.colcon_core.package_identification[0m [1;30mLevel 1[0m _identify(node_modules/detect-libc) by extension 'ros'
[1.918s] [34mcolcon.colcon_core.package_identification[0m [1;30mLevel 1[0m _identify(node_modules/detect-libc) by extensions ['cmake', 'python']
[1.918s] [34mcolcon.colcon_core.package_identification[0m [1;30mLevel 1[0m _identify(node_modules/detect-libc) by extension 'cmake'
[1.919s] [34mcolcon.colcon_core.package_identification[0m [1;30mLevel 1[0m _identify(node_modules/detect-libc) by extension 'python'
[1.920s] [34mcolcon.colcon_core.package_identification[0m [1;30mLevel 1[0m _identify(node_modules/detect-libc) by extensions ['python_setup_py']
[1.920s] [34mcolcon.colcon_core.package_identification[0m [1;30mLevel 1[0m _identify(node_modules/detect-libc) by extension 'python_setup_py'
[1.926s] [34mcolcon.colcon_core.package_identification[0m [1;30mLevel 1[0m _identify(node_modules/detect-libc/bin) by extensions ['ignore', 'ignore_ament_install']
[1.926s] [34mcolcon.colcon_core.package_identification[0m [1;30mLevel 1[0m _identify(node_modules/detect-libc/bin) by extension 'ignore'
[1.929s] [34mcolcon.colcon_core.package_identification[0m [1;30mLevel 1[0m _identify(node_modules/detect-libc/bin) by extension 'ignore_ament_install'
[1.934s] [34mcolcon.colcon_core.package_identification[0m [1;30mLevel 1[0m _identify(node_modules/detect-libc/bin) by extensions ['colcon_pkg']
[1.934s] [34mcolcon.colcon_core.package_identification[0m [1;30mLevel 1[0m _identify(node_modules/detect-libc/bin) by extension 'colcon_pkg'
[1.936s] [34mcolcon.colcon_core.package_identification[0m [1;30mLevel 1[0m _identify(node_modules/detect-libc/bin) by extensions ['colcon_meta']
[1.936s] [34mcolcon.colcon_core.package_identification[0m [1;30mLevel 1[0m _identify(node_modules/detect-libc/bin) by extension 'colcon_meta'
[1.939s] [34mcolcon.colcon_core.package_identification[0m [1;30mLevel 1[0m _identify(node_modules/detect-libc/bin) by extensions ['ros']
[1.939s] [34mcolcon.colcon_core.package_identification[0m [1;30mLevel 1[0m _identify(node_modules/detect-libc/bin) by extension 'ros'
[1.947s] [34mcolcon.colcon_core.package_identification[0m [1;30mLevel 1[0m _identify(node_modules/detect-libc/bin) by extensions ['cmake', 'python']
[1.948s] [34mcolcon.colcon_core.package_identification[0m [1;30mLevel 1[0m _identify(node_modules/detect-libc/bin) by extension 'cmake'
[1.949s] [34mcolcon.colcon_core.package_identification[0m [1;30mLevel 1[0m _identify(node_modules/detect-libc/bin) by extension 'python'
[1.950s] [34mcolcon.colcon_core.package_identification[0m [1;30mLevel 1[0m _identify(node_modules/detect-libc/bin) by extensions ['python_setup_py']
[1.950s] [34mcolcon.colcon_core.package_identification[0m [1;30mLevel 1[0m _identify(node_modules/detect-libc/bin) by extension 'python_setup_py'
[1.956s] [34mcolcon.colcon_core.package_identification[0m [1;30mLevel 1[0m _identify(node_modules/detect-libc/lib) by extensions ['ignore', 'ignore_ament_install']
[1.956s] [34mcolcon.colcon_core.package_identification[0m [1;30mLevel 1[0m _identify(node_modules/detect-libc/lib) by extension 'ignore'
[1.958s] [34mcolcon.colcon_core.package_identification[0m [1;30mLevel 1[0m _identify(node_modules/detect-libc/lib) by extension 'ignore_ament_install'
[1.961s] [34mcolcon.colcon_core.package_identification[0m [1;30mLevel 1[0m _identify(node_modules/detect-libc/lib) by extensions ['colcon_pkg']
[1.961s] [34mcolcon.colcon_core.package_identification[0m [1;30mLevel 1[0m _identify(node_modules/detect-libc/lib) by extension 'colcon_pkg'
[1.963s] [34mcolcon.colcon_core.package_identification[0m [1;30mLevel 1[0m _identify(node_modules/detect-libc/lib) by extensions ['colcon_meta']
[1.963s] [34mcolcon.colcon_core.package_identification[0m [1;30mLevel 1[0m _identify(node_modules/detect-libc/lib) by extension 'colcon_meta'
[1.965s] [34mcolcon.colcon_core.package_identification[0m [1;30mLevel 1[0m _identify(node_modules/detect-libc/lib) by extensions ['ros']
[1.966s] [34mcolcon.colcon_core.package_identification[0m [1;30mLevel 1[0m _identify(node_modules/detect-libc/lib) by extension 'ros'
[1.972s] [34mcolcon.colcon_core.package_identification[0m [1;30mLevel 1[0m _identify(node_modules/detect-libc/lib) by extensions ['cmake', 'python']
[1.973s] [34mcolcon.colcon_core.package_identification[0m [1;30mLevel 1[0m _identify(node_modules/detect-libc/lib) by extension 'cmake'
[1.975s] [34mcolcon.colcon_core.package_identification[0m [1;30mLevel 1[0m _identify(node_modules/detect-libc/lib) by extension 'python'
[1.977s] [34mcolcon.colcon_core.package_identification[0m [1;30mLevel 1[0m _identify(node_modules/detect-libc/lib) by extensions ['python_setup_py']
[1.977s] [34mcolcon.colcon_core.package_identification[0m [1;30mLevel 1[0m _identify(node_modules/detect-libc/lib) by extension 'python_setup_py'
[1.982s] [34mcolcon.colcon_core.package_identification[0m [1;30mLevel 1[0m _identify(node_modules/enhanced-resolve) by extensions ['ignore', 'ignore_ament_install']
[1.983s] [34mcolcon.colcon_core.package_identification[0m [1;30mLevel 1[0m _identify(node_modules/enhanced-resolve) by extension 'ignore'
[1.984s] [34mcolcon.colcon_core.package_identification[0m [1;30mLevel 1[0m _identify(node_modules/enhanced-resolve) by extension 'ignore_ament_install'
[1.986s] [34mcolcon.colcon_core.package_identification[0m [1;30mLevel 1[0m _identify(node_modules/enhanced-resolve) by extensions ['colcon_pkg']
[1.986s] [34mcolcon.colcon_core.package_identification[0m [1;30mLevel 1[0m _identify(node_modules/enhanced-resolve) by extension 'colcon_pkg'
[1.987s] [34mcolcon.colcon_core.package_identification[0m [1;30mLevel 1[0m _identify(node_modules/enhanced-resolve) by extensions ['colcon_meta']
[1.987s] [34mcolcon.colcon_core.package_identification[0m [1;30mLevel 1[0m _identify(node_modules/enhanced-resolve) by extension 'colcon_meta'
[1.989s] [34mcolcon.colcon_core.package_identification[0m [1;30mLevel 1[0m _identify(node_modules/enhanced-resolve) by extensions ['ros']
[1.989s] [34mcolcon.colcon_core.package_identification[0m [1;30mLevel 1[0m _identify(node_modules/enhanced-resolve) by extension 'ros'
[1.994s] [34mcolcon.colcon_core.package_identification[0m [1;30mLevel 1[0m _identify(node_modules/enhanced-resolve) by extensions ['cmake', 'python']
[1.994s] [34mcolcon.colcon_core.package_identification[0m [1;30mLevel 1[0m _identify(node_modules/enhanced-resolve) by extension 'cmake'
[1.996s] [34mcolcon.colcon_core.package_identification[0m [1;30mLevel 1[0m _identify(node_modules/enhanced-resolve) by extension 'python'
[1.997s] [34mcolcon.colcon_core.package_identification[0m [1;30mLevel 1[0m _identify(node_modules/enhanced-resolve) by extensions ['python_setup_py']
[1.997s] [34mcolcon.colcon_core.package_identification[0m [1;30mLevel 1[0m _identify(node_modules/enhanced-resolve) by extension 'python_setup_py'
[2.004s] [34mcolcon.colcon_core.package_identification[0m [1;30mLevel 1[0m _identify(node_modules/enhanced-resolve/lib) by extensions ['ignore', 'ignore_ament_install']
[2.005s] [34mcolcon.colcon_core.package_identification[0m [1;30mLevel 1[0m _identify(node_modules/enhanced-resolve/lib) by extension 'ignore'
[2.007s] [34mcolcon.colcon_core.package_identification[0m [1;30mLevel 1[0m _identify(node_modules/enhanced-resolve/lib) by extension 'ignore_ament_install'
[2.012s] [34mcolcon.colcon_core.package_identification[0m [1;30mLevel 1[0m _identify(node_modules/enhanced-resolve/lib) by extensions ['colcon_pkg']
[2.012s] [34mcolcon.colcon_core.package_identification[0m [1;30mLevel 1[0m _identify(node_modules/enhanced-resolve/lib) by extension 'colcon_pkg'
[2.014s] [34mcolcon.colcon_core.package_identification[0m [1;30mLevel 1[0m _identify(node_modules/enhanced-resolve/lib) by extensions ['colcon_meta']
[2.014s] [34mcolcon.colcon_core.package_identification[0m [1;30mLevel 1[0m _identify(node_modules/enhanced-resolve/lib) by extension 'colcon_meta'
[2.017s] [34mcolcon.colcon_core.package_identification[0m [1;30mLevel 1[0m _identify(node_modules/enhanced-resolve/lib) by extensions ['ros']
[2.018s] [34mcolcon.colcon_core.package_identification[0m [1;30mLevel 1[0m _identify(node_modules/enhanced-resolve/lib) by extension 'ros'
[2.030s] [34mcolcon.colcon_core.package_identification[0m [1;30mLevel 1[0m _identify(node_modules/enhanced-resolve/lib) by extensions ['cmake', 'python']
[2.030s] [34mcolcon.colcon_core.package_identification[0m [1;30mLevel 1[0m _identify(node_modules/enhanced-resolve/lib) by extension 'cmake'
[2.032s] [34mcolcon.colcon_core.package_identification[0m [1;30mLevel 1[0m _identify(node_modules/enhanced-resolve/lib) by extension 'python'
[2.034s] [34mcolcon.colcon_core.package_identification[0m [1;30mLevel 1[0m _identify(node_modules/enhanced-resolve/lib) by extensions ['python_setup_py']
[2.035s] [34mcolcon.colcon_core.package_identification[0m [1;30mLevel 1[0m _identify(node_modules/enhanced-resolve/lib) by extension 'python_setup_py'
[2.048s] [34mcolcon.colcon_core.package_identification[0m [1;30mLevel 1[0m _identify(node_modules/enhanced-resolve/lib/util) by extensions ['ignore', 'ignore_ament_install']
[2.049s] [34mcolcon.colcon_core.package_identification[0m [1;30mLevel 1[0m _identify(node_modules/enhanced-resolve/lib/util) by extension 'ignore'
[2.051s] [34mcolcon.colcon_core.package_identification[0m [1;30mLevel 1[0m _identify(node_modules/enhanced-resolve/lib/util) by extension 'ignore_ament_install'
[2.055s] [34mcolcon.colcon_core.package_identification[0m [1;30mLevel 1[0m _identify(node_modules/enhanced-resolve/lib/util) by extensions ['colcon_pkg']
[2.055s] [34mcolcon.colcon_core.package_identification[0m [1;30mLevel 1[0m _identify(node_modules/enhanced-resolve/lib/util) by extension 'colcon_pkg'
[2.056s] [34mcolcon.colcon_core.package_identification[0m [1;30mLevel 1[0m _identify(node_modules/enhanced-resolve/lib/util) by extensions ['colcon_meta']
[2.056s] [34mcolcon.colcon_core.package_identification[0m [1;30mLevel 1[0m _identify(node_modules/enhanced-resolve/lib/util) by extension 'colcon_meta'
[2.060s] [34mcolcon.colcon_core.package_identification[0m [1;30mLevel 1[0m _identify(node_modules/enhanced-resolve/lib/util) by extensions ['ros']
[2.060s] [34mcolcon.colcon_core.package_identification[0m [1;30mLevel 1[0m _identify(node_modules/enhanced-resolve/lib/util) by extension 'ros'
[2.068s] [34mcolcon.colcon_core.package_identification[0m [1;30mLevel 1[0m _identify(node_modules/enhanced-resolve/lib/util) by extensions ['cmake', 'python']
[2.068s] [34mcolcon.colcon_core.package_identification[0m [1;30mLevel 1[0m _identify(node_modules/enhanced-resolve/lib/util) by extension 'cmake'
[2.070s] [34mcolcon.colcon_core.package_identification[0m [1;30mLevel 1[0m _identify(node_modules/enhanced-resolve/lib/util) by extension 'python'
[2.071s] [34mcolcon.colcon_core.package_identification[0m [1;30mLevel 1[0m _identify(node_modules/enhanced-resolve/lib/util) by extensions ['python_setup_py']
[2.072s] [34mcolcon.colcon_core.package_identification[0m [1;30mLevel 1[0m _identify(node_modules/enhanced-resolve/lib/util) by extension 'python_setup_py'
[2.075s] [34mcolcon.colcon_core.package_identification[0m [1;30mLevel 1[0m _identify(node_modules/fill-range) by extensions ['ignore', 'ignore_ament_install']
[2.075s] [34mcolcon.colcon_core.package_identification[0m [1;30mLevel 1[0m _identify(node_modules/fill-range) by extension 'ignore'
[2.076s] [34mcolcon.colcon_core.package_identification[0m [1;30mLevel 1[0m _identify(node_modules/fill-range) by extension 'ignore_ament_install'
[2.078s] [34mcolcon.colcon_core.package_identification[0m [1;30mLevel 1[0m _identify(node_modules/fill-range) by extensions ['colcon_pkg']
[2.078s] [34mcolcon.colcon_core.package_identification[0m [1;30mLevel 1[0m _identify(node_modules/fill-range) by extension 'colcon_pkg'
[2.079s] [34mcolcon.colcon_core.package_identification[0m [1;30mLevel 1[0m _identify(node_modules/fill-range) by extensions ['colcon_meta']
[2.079s] [34mcolcon.colcon_core.package_identification[0m [1;30mLevel 1[0m _identify(node_modules/fill-range) by extension 'colcon_meta'
[2.081s] [34mcolcon.colcon_core.package_identification[0m [1;30mLevel 1[0m _identify(node_modules/fill-range) by extensions ['ros']
[2.081s] [34mcolcon.colcon_core.package_identification[0m [1;30mLevel 1[0m _identify(node_modules/fill-range) by extension 'ros'
[2.086s] [34mcolcon.colcon_core.package_identification[0m [1;30mLevel 1[0m _identify(node_modules/fill-range) by extensions ['cmake', 'python']
[2.086s] [34mcolcon.colcon_core.package_identification[0m [1;30mLevel 1[0m _identify(node_modules/fill-range) by extension 'cmake'
[2.087s] [34mcolcon.colcon_core.package_identification[0m [1;30mLevel 1[0m _identify(node_modules/fill-range) by extension 'python'
[2.088s] [34mcolcon.colcon_core.package_identification[0m [1;30mLevel 1[0m _identify(node_modules/fill-range) by extensions ['python_setup_py']
[2.089s] [34mcolcon.colcon_core.package_identification[0m [1;30mLevel 1[0m _identify(node_modules/fill-range) by extension 'python_setup_py'
[2.092s] [34mcolcon.colcon_core.package_identification[0m [1;30mLevel 1[0m _identify(node_modules/graceful-fs) by extensions ['ignore', 'ignore_ament_install']
[2.092s] [34mcolcon.colcon_core.package_identification[0m [1;30mLevel 1[0m _identify(node_modules/graceful-fs) by extension 'ignore'
[2.093s] [34mcolcon.colcon_core.package_identification[0m [1;30mLevel 1[0m _identify(node_modules/graceful-fs) by extension 'ignore_ament_install'
[2.095s] [34mcolcon.colcon_core.package_identification[0m [1;30mLevel 1[0m _identify(node_modules/graceful-fs) by extensions ['colcon_pkg']
[2.095s] [34mcolcon.colcon_core.package_identification[0m [1;30mLevel 1[0m _identify(node_modules/graceful-fs) by extension 'colcon_pkg'
[2.097s] [34mcolcon.colcon_core.package_identification[0m [1;30mLevel 1[0m _identify(node_modules/graceful-fs) by extensions ['colcon_meta']
[2.097s] [34mcolcon.colcon_core.package_identification[0m [1;30mLevel 1[0m _identify(node_modules/graceful-fs) by extension 'colcon_meta'
[2.099s] [34mcolcon.colcon_core.package_identification[0m [1;30mLevel 1[0m _identify(node_modules/graceful-fs) by extensions ['ros']
[2.099s] [34mcolcon.colcon_core.package_identification[0m [1;30mLevel 1[0m _identify(node_modules/graceful-fs) by extension 'ros'
[2.103s] [34mcolcon.colcon_core.package_identification[0m [1;30mLevel 1[0m _identify(node_modules/graceful-fs) by extensions ['cmake', 'python']
[2.103s] [34mcolcon.colcon_core.package_identification[0m [1;30mLevel 1[0m _identify(node_modules/graceful-fs) by extension 'cmake'
[2.104s] [34mcolcon.colcon_core.package_identification[0m [1;30mLevel 1[0m _identify(node_modules/graceful-fs) by extension 'python'
[2.105s] [34mcolcon.colcon_core.package_identification[0m [1;30mLevel 1[0m _identify(node_modules/graceful-fs) by extensions ['python_setup_py']
[2.105s] [34mcolcon.colcon_core.package_identification[0m [1;30mLevel 1[0m _identify(node_modules/graceful-fs) by extension 'python_setup_py'
[2.109s] [34mcolcon.colcon_core.package_identification[0m [1;30mLevel 1[0m _identify(node_modules/is-extglob) by extensions ['ignore', 'ignore_ament_install']
[2.109s] [34mcolcon.colcon_core.package_identification[0m [1;30mLevel 1[0m _identify(node_modules/is-extglob) by extension 'ignore'
[2.110s] [34mcolcon.colcon_core.package_identification[0m [1;30mLevel 1[0m _identify(node_modules/is-extglob) by extension 'ignore_ament_install'
[2.113s] [34mcolcon.colcon_core.package_identification[0m [1;30mLevel 1[0m _identify(node_modules/is-extglob) by extensions ['colcon_pkg']
[2.113s] [34mcolcon.colcon_core.package_identification[0m [1;30mLevel 1[0m _identify(node_modules/is-extglob) by extension 'colcon_pkg'
[2.114s] [34mcolcon.colcon_core.package_identification[0m [1;30mLevel 1[0m _identify(node_modules/is-extglob) by extensions ['colcon_meta']
[2.114s] [34mcolcon.colcon_core.package_identification[0m [1;30mLevel 1[0m _identify(node_modules/is-extglob) by extension 'colcon_meta'
[2.116s] [34mcolcon.colcon_core.package_identification[0m [1;30mLevel 1[0m _identify(node_modules/is-extglob) by extensions ['ros']
[2.116s] [34mcolcon.colcon_core.package_identification[0m [1;30mLevel 1[0m _identify(node_modules/is-extglob) by extension 'ros'
[2.120s] [34mcolcon.colcon_core.package_identification[0m [1;30mLevel 1[0m _identify(node_modules/is-extglob) by extensions ['cmake', 'python']
[2.120s] [34mcolcon.colcon_core.package_identification[0m [1;30mLevel 1[0m _identify(node_modules/is-extglob) by extension 'cmake'
[2.121s] [34mcolcon.colcon_core.package_identification[0m [1;30mLevel 1[0m _identify(node_modules/is-extglob) by extension 'python'
[2.122s] [34mcolcon.colcon_core.package_identification[0m [1;30mLevel 1[0m _identify(node_modules/is-extglob) by extensions ['python_setup_py']
[2.122s] [34mcolcon.colcon_core.package_identification[0m [1;30mLevel 1[0m _identify(node_modules/is-extglob) by extension 'python_setup_py'
[2.126s] [34mcolcon.colcon_core.package_identification[0m [1;30mLevel 1[0m _identify(node_modules/is-glob) by extensions ['ignore', 'ignore_ament_install']
[2.126s] [34mcolcon.colcon_core.package_identification[0m [1;30mLevel 1[0m _identify(node_modules/is-glob) by extension 'ignore'
[2.127s] [34mcolcon.colcon_core.package_identification[0m [1;30mLevel 1[0m _identify(node_modules/is-glob) by extension 'ignore_ament_install'
[2.130s] [34mcolcon.colcon_core.package_identification[0m [1;30mLevel 1[0m _identify(node_modules/is-glob) by extensions ['colcon_pkg']
[2.130s] [34mcolcon.colcon_core.package_identification[0m [1;30mLevel 1[0m _identify(node_modules/is-glob) by extension 'colcon_pkg'
[2.131s] [34mcolcon.colcon_core.package_identification[0m [1;30mLevel 1[0m _identify(node_modules/is-glob) by extensions ['colcon_meta']
[2.131s] [34mcolcon.colcon_core.package_identification[0m [1;30mLevel 1[0m _identify(node_modules/is-glob) by extension 'colcon_meta'
[2.133s] [34mcolcon.colcon_core.package_identification[0m [1;30mLevel 1[0m _identify(node_modules/is-glob) by extensions ['ros']
[2.133s] [34mcolcon.colcon_core.package_identification[0m [1;30mLevel 1[0m _identify(node_modules/is-glob) by extension 'ros'
[2.137s] [34mcolcon.colcon_core.package_identification[0m [1;30mLevel 1[0m _identify(node_modules/is-glob) by extensions ['cmake', 'python']
[2.137s] [34mcolcon.colcon_core.package_identification[0m [1;30mLevel 1[0m _identify(node_modules/is-glob) by extension 'cmake'
[2.138s] [34mcolcon.colcon_core.package_identification[0m [1;30mLevel 1[0m _identify(node_modules/is-glob) by extension 'python'
[2.139s] [34mcolcon.colcon_core.package_identification[0m [1;30mLevel 1[0m _identify(node_modules/is-glob) by extensions ['python_setup_py']
[2.139s] [34mcolcon.colcon_core.package_identification[0m [1;30mLevel 1[0m _identify(node_modules/is-glob) by extension 'python_setup_py'
[2.144s] [34mcolcon.colcon_core.package_identification[0m [1;30mLevel 1[0m _identify(node_modules/is-number) by extensions ['ignore', 'ignore_ament_install']
[2.144s] [34mcolcon.colcon_core.package_identification[0m [1;30mLevel 1[0m _identify(node_modules/is-number) by extension 'ignore'
[2.145s] [34mcolcon.colcon_core.package_identification[0m [1;30mLevel 1[0m _identify(node_modules/is-number) by extension 'ignore_ament_install'
[2.147s] [34mcolcon.colcon_core.package_identification[0m [1;30mLevel 1[0m _identify(node_modules/is-number) by extensions ['colcon_pkg']
[2.147s] [34mcolcon.colcon_core.package_identification[0m [1;30mLevel 1[0m _identify(node_modules/is-number) by extension 'colcon_pkg'
[2.148s] [34mcolcon.colcon_core.package_identification[0m [1;30mLevel 1[0m _identify(node_modules/is-number) by extensions ['colcon_meta']
[2.148s] [34mcolcon.colcon_core.package_identification[0m [1;30mLevel 1[0m _identify(node_modules/is-number) by extension 'colcon_meta'
[2.150s] [34mcolcon.colcon_core.package_identification[0m [1;30mLevel 1[0m _identify(node_modules/is-number) by extensions ['ros']
[2.150s] [34mcolcon.colcon_core.package_identification[0m [1;30mLevel 1[0m _identify(node_modules/is-number) by extension 'ros'
[2.154s] [34mcolcon.colcon_core.package_identification[0m [1;30mLevel 1[0m _identify(node_modules/is-number) by extensions ['cmake', 'python']
[2.154s] [34mcolcon.colcon_core.package_identification[0m [1;30mLevel 1[0m _identify(node_modules/is-number) by extension 'cmake'
[2.155s] [34mcolcon.colcon_core.package_identification[0m [1;30mLevel 1[0m _identify(node_modules/is-number) by extension 'python'
[2.156s] [34mcolcon.colcon_core.package_identification[0m [1;30mLevel 1[0m _identify(node_modules/is-number) by extensions ['python_setup_py']
[2.156s] [34mcolcon.colcon_core.package_identification[0m [1;30mLevel 1[0m _identify(node_modules/is-number) by extension 'python_setup_py'
[2.161s] [34mcolcon.colcon_core.package_identification[0m [1;30mLevel 1[0m _identify(node_modules/jiti) by extensions ['ignore', 'ignore_ament_install']
[2.161s] [34mcolcon.colcon_core.package_identification[0m [1;30mLevel 1[0m _identify(node_modules/jiti) by extension 'ignore'
[2.162s] [34mcolcon.colcon_core.package_identification[0m [1;30mLevel 1[0m _identify(node_modules/jiti) by extension 'ignore_ament_install'
[2.164s] [34mcolcon.colcon_core.package_identification[0m [1;30mLevel 1[0m _identify(node_modules/jiti) by extensions ['colcon_pkg']
[2.164s] [34mcolcon.colcon_core.package_identification[0m [1;30mLevel 1[0m _identify(node_modules/jiti) by extension 'colcon_pkg'
[2.165s] [34mcolcon.colcon_core.package_identification[0m [1;30mLevel 1[0m _identify(node_modules/jiti) by extensions ['colcon_meta']
[2.165s] [34mcolcon.colcon_core.package_identification[0m [1;30mLevel 1[0m _identify(node_modules/jiti) by extension 'colcon_meta'
[2.166s] [34mcolcon.colcon_core.package_identification[0m [1;30mLevel 1[0m _identify(node_modules/jiti) by extensions ['ros']
[2.167s] [34mcolcon.colcon_core.package_identification[0m [1;30mLevel 1[0m _identify(node_modules/jiti) by extension 'ros'
[2.170s] [34mcolcon.colcon_core.package_identification[0m [1;30mLevel 1[0m _identify(node_modules/jiti) by extensions ['cmake', 'python']
[2.170s] [34mcolcon.colcon_core.package_identification[0m [1;30mLevel 1[0m _identify(node_modules/jiti) by extension 'cmake'
[2.171s] [34mcolcon.colcon_core.package_identification[0m [1;30mLevel 1[0m _identify(node_modules/jiti) by extension 'python'
[2.173s] [34mcolcon.colcon_core.package_identification[0m [1;30mLevel 1[0m _identify(node_modules/jiti) by extensions ['python_setup_py']
[2.173s] [34mcolcon.colcon_core.package_identification[0m [1;30mLevel 1[0m _identify(node_modules/jiti) by extension 'python_setup_py'
[2.179s] [34mcolcon.colcon_core.package_identification[0m [1;30mLevel 1[0m _identify(node_modules/jiti/dist) by extensions ['ignore', 'ignore_ament_install']
[2.179s] [34mcolcon.colcon_core.package_identification[0m [1;30mLevel 1[0m _identify(node_modules/jiti/dist) by extension 'ignore'
[2.180s] [34mcolcon.colcon_core.package_identification[0m [1;30mLevel 1[0m _identify(node_modules/jiti/dist) by extension 'ignore_ament_install'
[2.183s] [34mcolcon.colcon_core.package_identification[0m [1;30mLevel 1[0m _identify(node_modules/jiti/dist) by extensions ['colcon_pkg']
[2.183s] [34mcolcon.colcon_core.package_identification[0m [1;30mLevel 1[0m _identify(node_modules/jiti/dist) by extension 'colcon_pkg'
[2.184s] [34mcolcon.colcon_core.package_identification[0m [1;30mLevel 1[0m _identify(node_modules/jiti/dist) by extensions ['colcon_meta']
[2.184s] [34mcolcon.colcon_core.package_identification[0m [1;30mLevel 1[0m _identify(node_modules/jiti/dist) by extension 'colcon_meta'
[2.186s] [34mcolcon.colcon_core.package_identification[0m [1;30mLevel 1[0m _identify(node_modules/jiti/dist) by extensions ['ros']
[2.186s] [34mcolcon.colcon_core.package_identification[0m [1;30mLevel 1[0m _identify(node_modules/jiti/dist) by extension 'ros'
[2.193s] [34mcolcon.colcon_core.package_identification[0m [1;30mLevel 1[0m _identify(node_modules/jiti/dist) by extensions ['cmake', 'python']
[2.193s] [34mcolcon.colcon_core.package_identification[0m [1;30mLevel 1[0m _identify(node_modules/jiti/dist) by extension 'cmake'
[2.194s] [34mcolcon.colcon_core.package_identification[0m [1;30mLevel 1[0m _identify(node_modules/jiti/dist) by extension 'python'
[2.196s] [34mcolcon.colcon_core.package_identification[0m [1;30mLevel 1[0m _identify(node_modules/jiti/dist) by extensions ['python_setup_py']
[2.196s] [34mcolcon.colcon_core.package_identification[0m [1;30mLevel 1[0m _identify(node_modules/jiti/dist) by extension 'python_setup_py'
[2.201s] [34mcolcon.colcon_core.package_identification[0m [1;30mLevel 1[0m _identify(node_modules/jiti/lib) by extensions ['ignore', 'ignore_ament_install']
[2.201s] [34mcolcon.colcon_core.package_identification[0m [1;30mLevel 1[0m _identify(node_modules/jiti/lib) by extension 'ignore'
[2.202s] [34mcolcon.colcon_core.package_identification[0m [1;30mLevel 1[0m _identify(node_modules/jiti/lib) by extension 'ignore_ament_install'
[2.206s] [34mcolcon.colcon_core.package_identification[0m [1;30mLevel 1[0m _identify(node_modules/jiti/lib) by extensions ['colcon_pkg']
[2.206s] [34mcolcon.colcon_core.package_identification[0m [1;30mLevel 1[0m _identify(node_modules/jiti/lib) by extension 'colcon_pkg'
[2.208s] [34mcolcon.colcon_core.package_identification[0m [1;30mLevel 1[0m _identify(node_modules/jiti/lib) by extensions ['colcon_meta']
[2.208s] [34mcolcon.colcon_core.package_identification[0m [1;30mLevel 1[0m _identify(node_modules/jiti/lib) by extension 'colcon_meta'
[2.211s] [34mcolcon.colcon_core.package_identification[0m [1;30mLevel 1[0m _identify(node_modules/jiti/lib) by extensions ['ros']
[2.211s] [34mcolcon.colcon_core.package_identification[0m [1;30mLevel 1[0m _identify(node_modules/jiti/lib) by extension 'ros'
[2.216s] [34mcolcon.colcon_core.package_identification[0m [1;30mLevel 1[0m _identify(node_modules/jiti/lib) by extensions ['cmake', 'python']
[2.216s] [34mcolcon.colcon_core.package_identification[0m [1;30mLevel 1[0m _identify(node_modules/jiti/lib) by extension 'cmake'
[2.217s] [34mcolcon.colcon_core.package_identification[0m [1;30mLevel 1[0m _identify(node_modules/jiti/lib) by extension 'python'
[2.219s] [34mcolcon.colcon_core.package_identification[0m [1;30mLevel 1[0m _identify(node_modules/jiti/lib) by extensions ['python_setup_py']
[2.219s] [34mcolcon.colcon_core.package_identification[0m [1;30mLevel 1[0m _identify(node_modules/jiti/lib) by extension 'python_setup_py'
[2.224s] [34mcolcon.colcon_core.package_identification[0m [1;30mLevel 1[0m _identify(node_modules/lightningcss) by extensions ['ignore', 'ignore_ament_install']
[2.224s] [34mcolcon.colcon_core.package_identification[0m [1;30mLevel 1[0m _identify(node_modules/lightningcss) by extension 'ignore'
[2.225s] [34mcolcon.colcon_core.package_identification[0m [1;30mLevel 1[0m _identify(node_modules/lightningcss) by extension 'ignore_ament_install'
[2.226s] [34mcolcon.colcon_core.package_identification[0m [1;30mLevel 1[0m _identify(node_modules/lightningcss) by extensions ['colcon_pkg']
[2.226s] [34mcolcon.colcon_core.package_identification[0m [1;30mLevel 1[0m _identify(node_modules/lightningcss) by extension 'colcon_pkg'
[2.227s] [34mcolcon.colcon_core.package_identification[0m [1;30mLevel 1[0m _identify(node_modules/lightningcss) by extensions ['colcon_meta']
[2.227s] [34mcolcon.colcon_core.package_identification[0m [1;30mLevel 1[0m _identify(node_modules/lightningcss) by extension 'colcon_meta'
[2.228s] [34mcolcon.colcon_core.package_identification[0m [1;30mLevel 1[0m _identify(node_modules/lightningcss) by extensions ['ros']
[2.229s] [34mcolcon.colcon_core.package_identification[0m [1;30mLevel 1[0m _identify(node_modules/lightningcss) by extension 'ros'
[2.233s] [34mcolcon.colcon_core.package_identification[0m [1;30mLevel 1[0m _identify(node_modules/lightningcss) by extensions ['cmake', 'python']
[2.234s] [34mcolcon.colcon_core.package_identification[0m [1;30mLevel 1[0m _identify(node_modules/lightningcss) by extension 'cmake'
[2.235s] [34mcolcon.colcon_core.package_identification[0m [1;30mLevel 1[0m _identify(node_modules/lightningcss) by extension 'python'
[2.237s] [34mcolcon.colcon_core.package_identification[0m [1;30mLevel 1[0m _identify(node_modules/lightningcss) by extensions ['python_setup_py']
[2.238s] [34mcolcon.colcon_core.package_identification[0m [1;30mLevel 1[0m _identify(node_modules/lightningcss) by extension 'python_setup_py'
[2.245s] [34mcolcon.colcon_core.package_identification[0m [1;30mLevel 1[0m _identify(node_modules/lightningcss/node) by extensions ['ignore', 'ignore_ament_install']
[2.246s] [34mcolcon.colcon_core.package_identification[0m [1;30mLevel 1[0m _identify(node_modules/lightningcss/node) by extension 'ignore'
[2.247s] [34mcolcon.colcon_core.package_identification[0m [1;30mLevel 1[0m _identify(node_modules/lightningcss/node) by extension 'ignore_ament_install'
[2.250s] [34mcolcon.colcon_core.package_identification[0m [1;30mLevel 1[0m _identify(node_modules/lightningcss/node) by extensions ['colcon_pkg']
[2.251s] [34mcolcon.colcon_core.package_identification[0m [1;30mLevel 1[0m _identify(node_modules/lightningcss/node) by extension 'colcon_pkg'
[2.252s] [34mcolcon.colcon_core.package_identification[0m [1;30mLevel 1[0m _identify(node_modules/lightningcss/node) by extensions ['colcon_meta']
[2.253s] [34mcolcon.colcon_core.package_identification[0m [1;30mLevel 1[0m _identify(node_modules/lightningcss/node) by extension 'colcon_meta'
[2.255s] [34mcolcon.colcon_core.package_identification[0m [1;30mLevel 1[0m _identify(node_modules/lightningcss/node) by extensions ['ros']
[2.255s] [34mcolcon.colcon_core.package_identification[0m [1;30mLevel 1[0m _identify(node_modules/lightningcss/node) by extension 'ros'
[2.262s] [34mcolcon.colcon_core.package_identification[0m [1;30mLevel 1[0m _identify(node_modules/lightningcss/node) by extensions ['cmake', 'python']
[2.262s] [34mcolcon.colcon_core.package_identification[0m [1;30mLevel 1[0m _identify(node_modules/lightningcss/node) by extension 'cmake'
[2.263s] [34mcolcon.colcon_core.package_identification[0m [1;30mLevel 1[0m _identify(node_modules/lightningcss/node) by extension 'python'
[2.265s] [34mcolcon.colcon_core.package_identification[0m [1;30mLevel 1[0m _identify(node_modules/lightningcss/node) by extensions ['python_setup_py']
[2.266s] [34mcolcon.colcon_core.package_identification[0m [1;30mLevel 1[0m _identify(node_modules/lightningcss/node) by extension 'python_setup_py'
[2.272s] [34mcolcon.colcon_core.package_identification[0m [1;30mLevel 1[0m _identify(node_modules/lightningcss/node_modules) by extensions ['ignore', 'ignore_ament_install']
[2.272s] [34mcolcon.colcon_core.package_identification[0m [1;30mLevel 1[0m _identify(node_modules/lightningcss/node_modules) by extension 'ignore'
[2.274s] [34mcolcon.colcon_core.package_identification[0m [1;30mLevel 1[0m _identify(node_modules/lightningcss/node_modules) by extension 'ignore_ament_install'
[2.276s] [34mcolcon.colcon_core.package_identification[0m [1;30mLevel 1[0m _identify(node_modules/lightningcss/node_modules) by extensions ['colcon_pkg']
[2.276s] [34mcolcon.colcon_core.package_identification[0m [1;30mLevel 1[0m _identify(node_modules/lightningcss/node_modules) by extension 'colcon_pkg'
[2.278s] [34mcolcon.colcon_core.package_identification[0m [1;30mLevel 1[0m _identify(node_modules/lightningcss/node_modules) by extensions ['colcon_meta']
[2.278s] [34mcolcon.colcon_core.package_identification[0m [1;30mLevel 1[0m _identify(node_modules/lightningcss/node_modules) by extension 'colcon_meta'
[2.281s] [34mcolcon.colcon_core.package_identification[0m [1;30mLevel 1[0m _identify(node_modules/lightningcss/node_modules) by extensions ['ros']
[2.282s] [34mcolcon.colcon_core.package_identification[0m [1;30mLevel 1[0m _identify(node_modules/lightningcss/node_modules) by extension 'ros'
[2.288s] [34mcolcon.colcon_core.package_identification[0m [1;30mLevel 1[0m _identify(node_modules/lightningcss/node_modules) by extensions ['cmake', 'python']
[2.289s] [34mcolcon.colcon_core.package_identification[0m [1;30mLevel 1[0m _identify(node_modules/lightningcss/node_modules) by extension 'cmake'
[2.290s] [34mcolcon.colcon_core.package_identification[0m [1;30mLevel 1[0m _identify(node_modules/lightningcss/node_modules) by extension 'python'
[2.291s] [34mcolcon.colcon_core.package_identification[0m [1;30mLevel 1[0m _identify(node_modules/lightningcss/node_modules) by extensions ['python_setup_py']
[2.292s] [34mcolcon.colcon_core.package_identification[0m [1;30mLevel 1[0m _identify(node_modules/lightningcss/node_modules) by extension 'python_setup_py'
[2.300s] [34mcolcon.colcon_core.package_identification[0m [1;30mLevel 1[0m _identify(node_modules/lightningcss/node_modules/detect-libc) by extensions ['ignore', 'ignore_ament_install']
[2.301s] [34mcolcon.colcon_core.package_identification[0m [1;30mLevel 1[0m _identify(node_modules/lightningcss/node_modules/detect-libc) by extension 'ignore'
[2.302s] [34mcolcon.colcon_core.package_identification[0m [1;30mLevel 1[0m _identify(node_modules/lightningcss/node_modules/detect-libc) by extension 'ignore_ament_install'
[2.306s] [34mcolcon.colcon_core.package_identification[0m [1;30mLevel 1[0m _identify(node_modules/lightningcss/node_modules/detect-libc) by extensions ['colcon_pkg']
[2.306s] [34mcolcon.colcon_core.package_identification[0m [1;30mLevel 1[0m _identify(node_modules/lightningcss/node_modules/detect-libc) by extension 'colcon_pkg'
[2.307s] [34mcolcon.colcon_core.package_identification[0m [1;30mLevel 1[0m _identify(node_modules/lightningcss/node_modules/detect-libc) by extensions ['colcon_meta']
[2.308s] [34mcolcon.colcon_core.package_identification[0m [1;30mLevel 1[0m _identify(node_modules/lightningcss/node_modules/detect-libc) by extension 'colcon_meta'
[2.316s] [34mcolcon.colcon_core.package_identification[0m [1;30mLevel 1[0m _identify(node_modules/lightningcss/node_modules/detect-libc) by extensions ['ros']
[2.316s] [34mcolcon.colcon_core.package_identification[0m [1;30mLevel 1[0m _identify(node_modules/lightningcss/node_modules/detect-libc) by extension 'ros'
[2.326s] [34mcolcon.colcon_core.package_identification[0m [1;30mLevel 1[0m _identify(node_modules/lightningcss/node_modules/detect-libc) by extensions ['cmake', 'python']
[2.327s] [34mcolcon.colcon_core.package_identification[0m [1;30mLevel 1[0m _identify(node_modules/lightningcss/node_modules/detect-libc) by extension 'cmake'
[2.330s] [34mcolcon.colcon_core.package_identification[0m [1;30mLevel 1[0m _identify(node_modules/lightningcss/node_modules/detect-libc) by extension 'python'
[2.332s] [34mcolcon.colcon_core.package_identification[0m [1;30mLevel 1[0m _identify(node_modules/lightningcss/node_modules/detect-libc) by extensions ['python_setup_py']
[2.332s] [34mcolcon.colcon_core.package_identification[0m [1;30mLevel 1[0m _identify(node_modules/lightningcss/node_modules/detect-libc) by extension 'python_setup_py'
[2.344s] [34mcolcon.colcon_core.package_identification[0m [1;30mLevel 1[0m _identify(node_modules/lightningcss/node_modules/detect-libc/lib) by extensions ['ignore', 'ignore_ament_install']
[2.344s] [34mcolcon.colcon_core.package_identification[0m [1;30mLevel 1[0m _identify(node_modules/lightningcss/node_modules/detect-libc/lib) by extension 'ignore'
[2.346s] [34mcolcon.colcon_core.package_identification[0m [1;30mLevel 1[0m _identify(node_modules/lightningcss/node_modules/detect-libc/lib) by extension 'ignore_ament_install'
[2.350s] [34mcolcon.colcon_core.package_identification[0m [1;30mLevel 1[0m _identify(node_modules/lightningcss/node_modules/detect-libc/lib) by extensions ['colcon_pkg']
[2.350s] [34mcolcon.colcon_core.package_identification[0m [1;30mLevel 1[0m _identify(node_modules/lightningcss/node_modules/detect-libc/lib) by extension 'colcon_pkg'
[2.352s] [34mcolcon.colcon_core.package_identification[0m [1;30mLevel 1[0m _identify(node_modules/lightningcss/node_modules/detect-libc/lib) by extensions ['colcon_meta']
[2.352s] [34mcolcon.colcon_core.package_identification[0m [1;30mLevel 1[0m _identify(node_modules/lightningcss/node_modules/detect-libc/lib) by extension 'colcon_meta'
[2.359s] [34mcolcon.colcon_core.package_identification[0m [1;30mLevel 1[0m _identify(node_modules/lightningcss/node_modules/detect-libc/lib) by extensions ['ros']
[2.360s] [34mcolcon.colcon_core.package_identification[0m [1;30mLevel 1[0m _identify(node_modules/lightningcss/node_modules/detect-libc/lib) by extension 'ros'
[2.370s] [34mcolcon.colcon_core.package_identification[0m [1;30mLevel 1[0m _identify(node_modules/lightningcss/node_modules/detect-libc/lib) by extensions ['cmake', 'python']
[2.370s] [34mcolcon.colcon_core.package_identification[0m [1;30mLevel 1[0m _identify(node_modules/lightningcss/node_modules/detect-libc/lib) by extension 'cmake'
[2.373s] [34mcolcon.colcon_core.package_identification[0m [1;30mLevel 1[0m _identify(node_modules/lightningcss/node_modules/detect-libc/lib) by extension 'python'
[2.376s] [34mcolcon.colcon_core.package_identification[0m [1;30mLevel 1[0m _identify(node_modules/lightningcss/node_modules/detect-libc/lib) by extensions ['python_setup_py']
[2.376s] [34mcolcon.colcon_core.package_identification[0m [1;30mLevel 1[0m _identify(node_modules/lightningcss/node_modules/detect-libc/lib) by extension 'python_setup_py'
[2.381s] [34mcolcon.colcon_core.package_identification[0m [1;30mLevel 1[0m _identify(node_modules/lightningcss-win32-x64-msvc) by extensions ['ignore', 'ignore_ament_install']
[2.382s] [34mcolcon.colcon_core.package_identification[0m [1;30mLevel 1[0m _identify(node_modules/lightningcss-win32-x64-msvc) by extension 'ignore'
[2.383s] [34mcolcon.colcon_core.package_identification[0m [1;30mLevel 1[0m _identify(node_modules/lightningcss-win32-x64-msvc) by extension 'ignore_ament_install'
[2.384s] [34mcolcon.colcon_core.package_identification[0m [1;30mLevel 1[0m _identify(node_modules/lightningcss-win32-x64-msvc) by extensions ['colcon_pkg']
[2.384s] [34mcolcon.colcon_core.package_identification[0m [1;30mLevel 1[0m _identify(node_modules/lightningcss-win32-x64-msvc) by extension 'colcon_pkg'
[2.386s] [34mcolcon.colcon_core.package_identification[0m [1;30mLevel 1[0m _identify(node_modules/lightningcss-win32-x64-msvc) by extensions ['colcon_meta']
[2.386s] [34mcolcon.colcon_core.package_identification[0m [1;30mLevel 1[0m _identify(node_modules/lightningcss-win32-x64-msvc) by extension 'colcon_meta'
[2.388s] [34mcolcon.colcon_core.package_identification[0m [1;30mLevel 1[0m _identify(node_modules/lightningcss-win32-x64-msvc) by extensions ['ros']
[2.388s] [34mcolcon.colcon_core.package_identification[0m [1;30mLevel 1[0m _identify(node_modules/lightningcss-win32-x64-msvc) by extension 'ros'
[2.392s] [34mcolcon.colcon_core.package_identification[0m [1;30mLevel 1[0m _identify(node_modules/lightningcss-win32-x64-msvc) by extensions ['cmake', 'python']
[2.392s] [34mcolcon.colcon_core.package_identification[0m [1;30mLevel 1[0m _identify(node_modules/lightningcss-win32-x64-msvc) by extension 'cmake'
[2.393s] [34mcolcon.colcon_core.package_identification[0m [1;30mLevel 1[0m _identify(node_modules/lightningcss-win32-x64-msvc) by extension 'python'
[2.394s] [34mcolcon.colcon_core.package_identification[0m [1;30mLevel 1[0m _identify(node_modules/lightningcss-win32-x64-msvc) by extensions ['python_setup_py']
[2.394s] [34mcolcon.colcon_core.package_identification[0m [1;30mLevel 1[0m _identify(node_modules/lightningcss-win32-x64-msvc) by extension 'python_setup_py'
[2.398s] [34mcolcon.colcon_core.package_identification[0m [1;30mLevel 1[0m _identify(node_modules/micromatch) by extensions ['ignore', 'ignore_ament_install']
[2.398s] [34mcolcon.colcon_core.package_identification[0m [1;30mLevel 1[0m _identify(node_modules/micromatch) by extension 'ignore'
[2.399s] [34mcolcon.colcon_core.package_identification[0m [1;30mLevel 1[0m _identify(node_modules/micromatch) by extension 'ignore_ament_install'
[2.400s] [34mcolcon.colcon_core.package_identification[0m [1;30mLevel 1[0m _identify(node_modules/micromatch) by extensions ['colcon_pkg']
[2.400s] [34mcolcon.colcon_core.package_identification[0m [1;30mLevel 1[0m _identify(node_modules/micromatch) by extension 'colcon_pkg'
[2.401s] [34mcolcon.colcon_core.package_identification[0m [1;30mLevel 1[0m _identify(node_modules/micromatch) by extensions ['colcon_meta']
[2.402s] [34mcolcon.colcon_core.package_identification[0m [1;30mLevel 1[0m _identify(node_modules/micromatch) by extension 'colcon_meta'
[2.403s] [34mcolcon.colcon_core.package_identification[0m [1;30mLevel 1[0m _identify(node_modules/micromatch) by extensions ['ros']
[2.403s] [34mcolcon.colcon_core.package_identification[0m [1;30mLevel 1[0m _identify(node_modules/micromatch) by extension 'ros'
[2.407s] [34mcolcon.colcon_core.package_identification[0m [1;30mLevel 1[0m _identify(node_modules/micromatch) by extensions ['cmake', 'python']
[2.407s] [34mcolcon.colcon_core.package_identification[0m [1;30mLevel 1[0m _identify(node_modules/micromatch) by extension 'cmake'
[2.408s] [34mcolcon.colcon_core.package_identification[0m [1;30mLevel 1[0m _identify(node_modules/micromatch) by extension 'python'
[2.409s] [34mcolcon.colcon_core.package_identification[0m [1;30mLevel 1[0m _identify(node_modules/micromatch) by extensions ['python_setup_py']
[2.409s] [34mcolcon.colcon_core.package_identification[0m [1;30mLevel 1[0m _identify(node_modules/micromatch) by extension 'python_setup_py'
[2.413s] [34mcolcon.colcon_core.package_identification[0m [1;30mLevel 1[0m _identify(node_modules/mri) by extensions ['ignore', 'ignore_ament_install']
[2.413s] [34mcolcon.colcon_core.package_identification[0m [1;30mLevel 1[0m _identify(node_modules/mri) by extension 'ignore'
[2.414s] [34mcolcon.colcon_core.package_identification[0m [1;30mLevel 1[0m _identify(node_modules/mri) by extension 'ignore_ament_install'
[2.415s] [34mcolcon.colcon_core.package_identification[0m [1;30mLevel 1[0m _identify(node_modules/mri) by extensions ['colcon_pkg']
[2.416s] [34mcolcon.colcon_core.package_identification[0m [1;30mLevel 1[0m _identify(node_modules/mri) by extension 'colcon_pkg'
[2.416s] [34mcolcon.colcon_core.package_identification[0m [1;30mLevel 1[0m _identify(node_modules/mri) by extensions ['colcon_meta']
[2.417s] [34mcolcon.colcon_core.package_identification[0m [1;30mLevel 1[0m _identify(node_modules/mri) by extension 'colcon_meta'
[2.418s] [34mcolcon.colcon_core.package_identification[0m [1;30mLevel 1[0m _identify(node_modules/mri) by extensions ['ros']
[2.418s] [34mcolcon.colcon_core.package_identification[0m [1;30mLevel 1[0m _identify(node_modules/mri) by extension 'ros'
[2.422s] [34mcolcon.colcon_core.package_identification[0m [1;30mLevel 1[0m _identify(node_modules/mri) by extensions ['cmake', 'python']
[2.422s] [34mcolcon.colcon_core.package_identification[0m [1;30mLevel 1[0m _identify(node_modules/mri) by extension 'cmake'
[2.423s] [34mcolcon.colcon_core.package_identification[0m [1;30mLevel 1[0m _identify(node_modules/mri) by extension 'python'
[2.424s] [34mcolcon.colcon_core.package_identification[0m [1;30mLevel 1[0m _identify(node_modules/mri) by extensions ['python_setup_py']
[2.424s] [34mcolcon.colcon_core.package_identification[0m [1;30mLevel 1[0m _identify(node_modules/mri) by extension 'python_setup_py'
[2.429s] [34mcolcon.colcon_core.package_identification[0m [1;30mLevel 1[0m _identify(node_modules/mri/lib) by extensions ['ignore', 'ignore_ament_install']
[2.430s] [34mcolcon.colcon_core.package_identification[0m [1;30mLevel 1[0m _identify(node_modules/mri/lib) by extension 'ignore'
[2.431s] [34mcolcon.colcon_core.package_identification[0m [1;30mLevel 1[0m _identify(node_modules/mri/lib) by extension 'ignore_ament_install'
[2.433s] [34mcolcon.colcon_core.package_identification[0m [1;30mLevel 1[0m _identify(node_modules/mri/lib) by extensions ['colcon_pkg']
[2.433s] [34mcolcon.colcon_core.package_identification[0m [1;30mLevel 1[0m _identify(node_modules/mri/lib) by extension 'colcon_pkg'
[2.435s] [34mcolcon.colcon_core.package_identification[0m [1;30mLevel 1[0m _identify(node_modules/mri/lib) by extensions ['colcon_meta']
[2.435s] [34mcolcon.colcon_core.package_identification[0m [1;30mLevel 1[0m _identify(node_modules/mri/lib) by extension 'colcon_meta'
[2.437s] [34mcolcon.colcon_core.package_identification[0m [1;30mLevel 1[0m _identify(node_modules/mri/lib) by extensions ['ros']
[2.437s] [34mcolcon.colcon_core.package_identification[0m [1;30mLevel 1[0m _identify(node_modules/mri/lib) by extension 'ros'
[2.442s] [34mcolcon.colcon_core.package_identification[0m [1;30mLevel 1[0m _identify(node_modules/mri/lib) by extensions ['cmake', 'python']
[2.442s] [34mcolcon.colcon_core.package_identification[0m [1;30mLevel 1[0m _identify(node_modules/mri/lib) by extension 'cmake'
[2.443s] [34mcolcon.colcon_core.package_identification[0m [1;30mLevel 1[0m _identify(node_modules/mri/lib) by extension 'python'
[2.444s] [34mcolcon.colcon_core.package_identification[0m [1;30mLevel 1[0m _identify(node_modules/mri/lib) by extensions ['python_setup_py']
[2.445s] [34mcolcon.colcon_core.package_identification[0m [1;30mLevel 1[0m _identify(node_modules/mri/lib) by extension 'python_setup_py'
[2.449s] [34mcolcon.colcon_core.package_identification[0m [1;30mLevel 1[0m _identify(node_modules/node-addon-api) by extensions ['ignore', 'ignore_ament_install']
[2.449s] [34mcolcon.colcon_core.package_identification[0m [1;30mLevel 1[0m _identify(node_modules/node-addon-api) by extension 'ignore'
[2.450s] [34mcolcon.colcon_core.package_identification[0m [1;30mLevel 1[0m _identify(node_modules/node-addon-api) by extension 'ignore_ament_install'
[2.452s] [34mcolcon.colcon_core.package_identification[0m [1;30mLevel 1[0m _identify(node_modules/node-addon-api) by extensions ['colcon_pkg']
[2.452s] [34mcolcon.colcon_core.package_identification[0m [1;30mLevel 1[0m _identify(node_modules/node-addon-api) by extension 'colcon_pkg'
[2.453s] [34mcolcon.colcon_core.package_identification[0m [1;30mLevel 1[0m _identify(node_modules/node-addon-api) by extensions ['colcon_meta']
[2.453s] [34mcolcon.colcon_core.package_identification[0m [1;30mLevel 1[0m _identify(node_modules/node-addon-api) by extension 'colcon_meta'
[2.454s] [34mcolcon.colcon_core.package_identification[0m [1;30mLevel 1[0m _identify(node_modules/node-addon-api) by extensions ['ros']
[2.454s] [34mcolcon.colcon_core.package_identification[0m [1;30mLevel 1[0m _identify(node_modules/node-addon-api) by extension 'ros'
[2.458s] [34mcolcon.colcon_core.package_identification[0m [1;30mLevel 1[0m _identify(node_modules/node-addon-api) by extensions ['cmake', 'python']
[2.458s] [34mcolcon.colcon_core.package_identification[0m [1;30mLevel 1[0m _identify(node_modules/node-addon-api) by extension 'cmake'
[2.459s] [34mcolcon.colcon_core.package_identification[0m [1;30mLevel 1[0m _identify(node_modules/node-addon-api) by extension 'python'
[2.460s] [34mcolcon.colcon_core.package_identification[0m [1;30mLevel 1[0m _identify(node_modules/node-addon-api) by extensions ['python_setup_py']
[2.460s] [34mcolcon.colcon_core.package_identification[0m [1;30mLevel 1[0m _identify(node_modules/node-addon-api) by extension 'python_setup_py'
[2.465s] [34mcolcon.colcon_core.package_identification[0m [1;30mLevel 1[0m _identify(node_modules/node-addon-api/tools) by extensions ['ignore', 'ignore_ament_install']
[2.465s] [34mcolcon.colcon_core.package_identification[0m [1;30mLevel 1[0m _identify(node_modules/node-addon-api/tools) by extension 'ignore'
[2.466s] [34mcolcon.colcon_core.package_identification[0m [1;30mLevel 1[0m _identify(node_modules/node-addon-api/tools) by extension 'ignore_ament_install'
[2.468s] [34mcolcon.colcon_core.package_identification[0m [1;30mLevel 1[0m _identify(node_modules/node-addon-api/tools) by extensions ['colcon_pkg']
[2.469s] [34mcolcon.colcon_core.package_identification[0m [1;30mLevel 1[0m _identify(node_modules/node-addon-api/tools) by extension 'colcon_pkg'
[2.470s] [34mcolcon.colcon_core.package_identification[0m [1;30mLevel 1[0m _identify(node_modules/node-addon-api/tools) by extensions ['colcon_meta']
[2.470s] [34mcolcon.colcon_core.package_identification[0m [1;30mLevel 1[0m _identify(node_modules/node-addon-api/tools) by extension 'colcon_meta'
[2.472s] [34mcolcon.colcon_core.package_identification[0m [1;30mLevel 1[0m _identify(node_modules/node-addon-api/tools) by extensions ['ros']
[2.472s] [34mcolcon.colcon_core.package_identification[0m [1;30mLevel 1[0m _identify(node_modules/node-addon-api/tools) by extension 'ros'
[2.477s] [34mcolcon.colcon_core.package_identification[0m [1;30mLevel 1[0m _identify(node_modules/node-addon-api/tools) by extensions ['cmake', 'python']
[2.477s] [34mcolcon.colcon_core.package_identification[0m [1;30mLevel 1[0m _identify(node_modules/node-addon-api/tools) by extension 'cmake'
[2.478s] [34mcolcon.colcon_core.package_identification[0m [1;30mLevel 1[0m _identify(node_modules/node-addon-api/tools) by extension 'python'
[2.480s] [34mcolcon.colcon_core.package_identification[0m [1;30mLevel 1[0m _identify(node_modules/node-addon-api/tools) by extensions ['python_setup_py']
[2.480s] [34mcolcon.colcon_core.package_identification[0m [1;30mLevel 1[0m _identify(node_modules/node-addon-api/tools) by extension 'python_setup_py'
[2.483s] [34mcolcon.colcon_core.package_identification[0m [1;30mLevel 1[0m _identify(node_modules/picocolors) by extensions ['ignore', 'ignore_ament_install']
[2.484s] [34mcolcon.colcon_core.package_identification[0m [1;30mLevel 1[0m _identify(node_modules/picocolors) by extension 'ignore'
[2.485s] [34mcolcon.colcon_core.package_identification[0m [1;30mLevel 1[0m _identify(node_modules/picocolors) by extension 'ignore_ament_install'
[2.486s] [34mcolcon.colcon_core.package_identification[0m [1;30mLevel 1[0m _identify(node_modules/picocolors) by extensions ['colcon_pkg']
[2.486s] [34mcolcon.colcon_core.package_identification[0m [1;30mLevel 1[0m _identify(node_modules/picocolors) by extension 'colcon_pkg'
[2.487s] [34mcolcon.colcon_core.package_identification[0m [1;30mLevel 1[0m _identify(node_modules/picocolors) by extensions ['colcon_meta']
[2.487s] [34mcolcon.colcon_core.package_identification[0m [1;30mLevel 1[0m _identify(node_modules/picocolors) by extension 'colcon_meta'
[2.488s] [34mcolcon.colcon_core.package_identification[0m [1;30mLevel 1[0m _identify(node_modules/picocolors) by extensions ['ros']
[2.489s] [34mcolcon.colcon_core.package_identification[0m [1;30mLevel 1[0m _identify(node_modules/picocolors) by extension 'ros'
[2.492s] [34mcolcon.colcon_core.package_identification[0m [1;30mLevel 1[0m _identify(node_modules/picocolors) by extensions ['cmake', 'python']
[2.492s] [34mcolcon.colcon_core.package_identification[0m [1;30mLevel 1[0m _identify(node_modules/picocolors) by extension 'cmake'
[2.493s] [34mcolcon.colcon_core.package_identification[0m [1;30mLevel 1[0m _identify(node_modules/picocolors) by extension 'python'
[2.494s] [34mcolcon.colcon_core.package_identification[0m [1;30mLevel 1[0m _identify(node_modules/picocolors) by extensions ['python_setup_py']
[2.494s] [34mcolcon.colcon_core.package_identification[0m [1;30mLevel 1[0m _identify(node_modules/picocolors) by extension 'python_setup_py'
[2.498s] [34mcolcon.colcon_core.package_identification[0m [1;30mLevel 1[0m _identify(node_modules/picomatch) by extensions ['ignore', 'ignore_ament_install']
[2.498s] [34mcolcon.colcon_core.package_identification[0m [1;30mLevel 1[0m _identify(node_modules/picomatch) by extension 'ignore'
[2.499s] [34mcolcon.colcon_core.package_identification[0m [1;30mLevel 1[0m _identify(node_modules/picomatch) by extension 'ignore_ament_install'
[2.501s] [34mcolcon.colcon_core.package_identification[0m [1;30mLevel 1[0m _identify(node_modules/picomatch) by extensions ['colcon_pkg']
[2.501s] [34mcolcon.colcon_core.package_identification[0m [1;30mLevel 1[0m _identify(node_modules/picomatch) by extension 'colcon_pkg'
[2.502s] [34mcolcon.colcon_core.package_identification[0m [1;30mLevel 1[0m _identify(node_modules/picomatch) by extensions ['colcon_meta']
[2.502s] [34mcolcon.colcon_core.package_identification[0m [1;30mLevel 1[0m _identify(node_modules/picomatch) by extension 'colcon_meta'
[2.503s] [34mcolcon.colcon_core.package_identification[0m [1;30mLevel 1[0m _identify(node_modules/picomatch) by extensions ['ros']
[2.503s] [34mcolcon.colcon_core.package_identification[0m [1;30mLevel 1[0m _identify(node_modules/picomatch) by extension 'ros'
[2.507s] [34mcolcon.colcon_core.package_identification[0m [1;30mLevel 1[0m _identify(node_modules/picomatch) by extensions ['cmake', 'python']
[2.507s] [34mcolcon.colcon_core.package_identification[0m [1;30mLevel 1[0m _identify(node_modules/picomatch) by extension 'cmake'
[2.509s] [34mcolcon.colcon_core.package_identification[0m [1;30mLevel 1[0m _identify(node_modules/picomatch) by extension 'python'
[2.510s] [34mcolcon.colcon_core.package_identification[0m [1;30mLevel 1[0m _identify(node_modules/picomatch) by extensions ['python_setup_py']
[2.510s] [34mcolcon.colcon_core.package_identification[0m [1;30mLevel 1[0m _identify(node_modules/picomatch) by extension 'python_setup_py'
[2.515s] [34mcolcon.colcon_core.package_identification[0m [1;30mLevel 1[0m _identify(node_modules/picomatch/lib) by extensions ['ignore', 'ignore_ament_install']
[2.515s] [34mcolcon.colcon_core.package_identification[0m [1;30mLevel 1[0m _identify(node_modules/picomatch/lib) by extension 'ignore'
[2.516s] [34mcolcon.colcon_core.package_identification[0m [1;30mLevel 1[0m _identify(node_modules/picomatch/lib) by extension 'ignore_ament_install'
[2.519s] [34mcolcon.colcon_core.package_identification[0m [1;30mLevel 1[0m _identify(node_modules/picomatch/lib) by extensions ['colcon_pkg']
[2.519s] [34mcolcon.colcon_core.package_identification[0m [1;30mLevel 1[0m _identify(node_modules/picomatch/lib) by extension 'colcon_pkg'
[2.520s] [34mcolcon.colcon_core.package_identification[0m [1;30mLevel 1[0m _identify(node_modules/picomatch/lib) by extensions ['colcon_meta']
[2.520s] [34mcolcon.colcon_core.package_identification[0m [1;30mLevel 1[0m _identify(node_modules/picomatch/lib) by extension 'colcon_meta'
[2.523s] [34mcolcon.colcon_core.package_identification[0m [1;30mLevel 1[0m _identify(node_modules/picomatch/lib) by extensions ['ros']
[2.523s] [34mcolcon.colcon_core.package_identification[0m [1;30mLevel 1[0m _identify(node_modules/picomatch/lib) by extension 'ros'
[2.529s] [34mcolcon.colcon_core.package_identification[0m [1;30mLevel 1[0m _identify(node_modules/picomatch/lib) by extensions ['cmake', 'python']
[2.529s] [34mcolcon.colcon_core.package_identification[0m [1;30mLevel 1[0m _identify(node_modules/picomatch/lib) by extension 'cmake'
[2.530s] [34mcolcon.colcon_core.package_identification[0m [1;30mLevel 1[0m _identify(node_modules/picomatch/lib) by extension 'python'
[2.531s] [34mcolcon.colcon_core.package_identification[0m [1;30mLevel 1[0m _identify(node_modules/picomatch/lib) by extensions ['python_setup_py']
[2.531s] [34mcolcon.colcon_core.package_identification[0m [1;30mLevel 1[0m _identify(node_modules/picomatch/lib) by extension 'python_setup_py'
[2.536s] [34mcolcon.colcon_core.package_identification[0m [1;30mLevel 1[0m _identify(node_modules/tailwindcss) by extensions ['ignore', 'ignore_ament_install']
[2.536s] [34mcolcon.colcon_core.package_identification[0m [1;30mLevel 1[0m _identify(node_modules/tailwindcss) by extension 'ignore'
[2.537s] [34mcolcon.colcon_core.package_identification[0m [1;30mLevel 1[0m _identify(node_modules/tailwindcss) by extension 'ignore_ament_install'
[2.538s] [34mcolcon.colcon_core.package_identification[0m [1;30mLevel 1[0m _identify(node_modules/tailwindcss) by extensions ['colcon_pkg']
[2.539s] [34mcolcon.colcon_core.package_identification[0m [1;30mLevel 1[0m _identify(node_modules/tailwindcss) by extension 'colcon_pkg'
[2.540s] [34mcolcon.colcon_core.package_identification[0m [1;30mLevel 1[0m _identify(node_modules/tailwindcss) by extensions ['colcon_meta']
[2.540s] [34mcolcon.colcon_core.package_identification[0m [1;30mLevel 1[0m _identify(node_modules/tailwindcss) by extension 'colcon_meta'
[2.541s] [34mcolcon.colcon_core.package_identification[0m [1;30mLevel 1[0m _identify(node_modules/tailwindcss) by extensions ['ros']
[2.542s] [34mcolcon.colcon_core.package_identification[0m [1;30mLevel 1[0m _identify(node_modules/tailwindcss) by extension 'ros'
[2.545s] [34mcolcon.colcon_core.package_identification[0m [1;30mLevel 1[0m _identify(node_modules/tailwindcss) by extensions ['cmake', 'python']
[2.545s] [34mcolcon.colcon_core.package_identification[0m [1;30mLevel 1[0m _identify(node_modules/tailwindcss) by extension 'cmake'
[2.546s] [34mcolcon.colcon_core.package_identification[0m [1;30mLevel 1[0m _identify(node_modules/tailwindcss) by extension 'python'
[2.547s] [34mcolcon.colcon_core.package_identification[0m [1;30mLevel 1[0m _identify(node_modules/tailwindcss) by extensions ['python_setup_py']
[2.547s] [34mcolcon.colcon_core.package_identification[0m [1;30mLevel 1[0m _identify(node_modules/tailwindcss) by extension 'python_setup_py'
[2.553s] [34mcolcon.colcon_core.package_identification[0m [1;30mLevel 1[0m _identify(node_modules/tailwindcss/dist) by extensions ['ignore', 'ignore_ament_install']
[2.553s] [34mcolcon.colcon_core.package_identification[0m [1;30mLevel 1[0m _identify(node_modules/tailwindcss/dist) by extension 'ignore'
[2.554s] [34mcolcon.colcon_core.package_identification[0m [1;30mLevel 1[0m _identify(node_modules/tailwindcss/dist) by extension 'ignore_ament_install'
[2.557s] [34mcolcon.colcon_core.package_identification[0m [1;30mLevel 1[0m _identify(node_modules/tailwindcss/dist) by extensions ['colcon_pkg']
[2.557s] [34mcolcon.colcon_core.package_identification[0m [1;30mLevel 1[0m _identify(node_modules/tailwindcss/dist) by extension 'colcon_pkg'
[2.558s] [34mcolcon.colcon_core.package_identification[0m [1;30mLevel 1[0m _identify(node_modules/tailwindcss/dist) by extensions ['colcon_meta']
[2.558s] [34mcolcon.colcon_core.package_identification[0m [1;30mLevel 1[0m _identify(node_modules/tailwindcss/dist) by extension 'colcon_meta'
[2.561s] [34mcolcon.colcon_core.package_identification[0m [1;30mLevel 1[0m _identify(node_modules/tailwindcss/dist) by extensions ['ros']
[2.561s] [34mcolcon.colcon_core.package_identification[0m [1;30mLevel 1[0m _identify(node_modules/tailwindcss/dist) by extension 'ros'
[2.566s] [34mcolcon.colcon_core.package_identification[0m [1;30mLevel 1[0m _identify(node_modules/tailwindcss/dist) by extensions ['cmake', 'python']
[2.567s] [34mcolcon.colcon_core.package_identification[0m [1;30mLevel 1[0m _identify(node_modules/tailwindcss/dist) by extension 'cmake'
[2.568s] [34mcolcon.colcon_core.package_identification[0m [1;30mLevel 1[0m _identify(node_modules/tailwindcss/dist) by extension 'python'
[2.569s] [34mcolcon.colcon_core.package_identification[0m [1;30mLevel 1[0m _identify(node_modules/tailwindcss/dist) by extensions ['python_setup_py']
[2.569s] [34mcolcon.colcon_core.package_identification[0m [1;30mLevel 1[0m _identify(node_modules/tailwindcss/dist) by extension 'python_setup_py'
[2.574s] [34mcolcon.colcon_core.package_identification[0m [1;30mLevel 1[0m _identify(node_modules/tapable) by extensions ['ignore', 'ignore_ament_install']
[2.574s] [34mcolcon.colcon_core.package_identification[0m [1;30mLevel 1[0m _identify(node_modules/tapable) by extension 'ignore'
[2.575s] [34mcolcon.colcon_core.package_identification[0m [1;30mLevel 1[0m _identify(node_modules/tapable) by extension 'ignore_ament_install'
[2.577s] [34mcolcon.colcon_core.package_identification[0m [1;30mLevel 1[0m _identify(node_modules/tapable) by extensions ['colcon_pkg']
[2.577s] [34mcolcon.colcon_core.package_identification[0m [1;30mLevel 1[0m _identify(node_modules/tapable) by extension 'colcon_pkg'
[2.578s] [34mcolcon.colcon_core.package_identification[0m [1;30mLevel 1[0m _identify(node_modules/tapable) by extensions ['colcon_meta']
[2.578s] [34mcolcon.colcon_core.package_identification[0m [1;30mLevel 1[0m _identify(node_modules/tapable) by extension 'colcon_meta'
[2.579s] [34mcolcon.colcon_core.package_identification[0m [1;30mLevel 1[0m _identify(node_modules/tapable) by extensions ['ros']
[2.579s] [34mcolcon.colcon_core.package_identification[0m [1;30mLevel 1[0m _identify(node_modules/tapable) by extension 'ros'
[2.583s] [34mcolcon.colcon_core.package_identification[0m [1;30mLevel 1[0m _identify(node_modules/tapable) by extensions ['cmake', 'python']
[2.583s] [34mcolcon.colcon_core.package_identification[0m [1;30mLevel 1[0m _identify(node_modules/tapable) by extension 'cmake'
[2.584s] [34mcolcon.colcon_core.package_identification[0m [1;30mLevel 1[0m _identify(node_modules/tapable) by extension 'python'
[2.585s] [34mcolcon.colcon_core.package_identification[0m [1;30mLevel 1[0m _identify(node_modules/tapable) by extensions ['python_setup_py']
[2.586s] [34mcolcon.colcon_core.package_identification[0m [1;30mLevel 1[0m _identify(node_modules/tapable) by extension 'python_setup_py'
[2.591s] [34mcolcon.colcon_core.package_identification[0m [1;30mLevel 1[0m _identify(node_modules/tapable/lib) by extensions ['ignore', 'ignore_ament_install']
[2.591s] [34mcolcon.colcon_core.package_identification[0m [1;30mLevel 1[0m _identify(node_modules/tapable/lib) by extension 'ignore'
[2.592s] [34mcolcon.colcon_core.package_identification[0m [1;30mLevel 1[0m _identify(node_modules/tapable/lib) by extension 'ignore_ament_install'
[2.595s] [34mcolcon.colcon_core.package_identification[0m [1;30mLevel 1[0m _identify(node_modules/tapable/lib) by extensions ['colcon_pkg']
[2.595s] [34mcolcon.colcon_core.package_identification[0m [1;30mLevel 1[0m _identify(node_modules/tapable/lib) by extension 'colcon_pkg'
[2.596s] [34mcolcon.colcon_core.package_identification[0m [1;30mLevel 1[0m _identify(node_modules/tapable/lib) by extensions ['colcon_meta']
[2.596s] [34mcolcon.colcon_core.package_identification[0m [1;30mLevel 1[0m _identify(node_modules/tapable/lib) by extension 'colcon_meta'
[2.598s] [34mcolcon.colcon_core.package_identification[0m [1;30mLevel 1[0m _identify(node_modules/tapable/lib) by extensions ['ros']
[2.599s] [34mcolcon.colcon_core.package_identification[0m [1;30mLevel 1[0m _identify(node_modules/tapable/lib) by extension 'ros'
[2.605s] [34mcolcon.colcon_core.package_identification[0m [1;30mLevel 1[0m _identify(node_modules/tapable/lib) by extensions ['cmake', 'python']
[2.605s] [34mcolcon.colcon_core.package_identification[0m [1;30mLevel 1[0m _identify(node_modules/tapable/lib) by extension 'cmake'
[2.606s] [34mcolcon.colcon_core.package_identification[0m [1;30mLevel 1[0m _identify(node_modules/tapable/lib) by extension 'python'
[2.607s] [34mcolcon.colcon_core.package_identification[0m [1;30mLevel 1[0m _identify(node_modules/tapable/lib) by extensions ['python_setup_py']
[2.608s] [34mcolcon.colcon_core.package_identification[0m [1;30mLevel 1[0m _identify(node_modules/tapable/lib) by extension 'python_setup_py'
[2.611s] [34mcolcon.colcon_core.package_identification[0m [1;30mLevel 1[0m _identify(node_modules/to-regex-range) by extensions ['ignore', 'ignore_ament_install']
[2.612s] [34mcolcon.colcon_core.package_identification[0m [1;30mLevel 1[0m _identify(node_modules/to-regex-range) by extension 'ignore'
[2.613s] [34mcolcon.colcon_core.package_identification[0m [1;30mLevel 1[0m _identify(node_modules/to-regex-range) by extension 'ignore_ament_install'
[2.614s] [34mcolcon.colcon_core.package_identification[0m [1;30mLevel 1[0m _identify(node_modules/to-regex-range) by extensions ['colcon_pkg']
[2.614s] [34mcolcon.colcon_core.package_identification[0m [1;30mLevel 1[0m _identify(node_modules/to-regex-range) by extension 'colcon_pkg'
[2.615s] [34mcolcon.colcon_core.package_identification[0m [1;30mLevel 1[0m _identify(node_modules/to-regex-range) by extensions ['colcon_meta']
[2.616s] [34mcolcon.colcon_core.package_identification[0m [1;30mLevel 1[0m _identify(node_modules/to-regex-range) by extension 'colcon_meta'
[2.617s] [34mcolcon.colcon_core.package_identification[0m [1;30mLevel 1[0m _identify(node_modules/to-regex-range) by extensions ['ros']
[2.618s] [34mcolcon.colcon_core.package_identification[0m [1;30mLevel 1[0m _identify(node_modules/to-regex-range) by extension 'ros'
[2.621s] [34mcolcon.colcon_core.package_identification[0m [1;30mLevel 1[0m _identify(node_modules/to-regex-range) by extensions ['cmake', 'python']
[2.622s] [34mcolcon.colcon_core.package_identification[0m [1;30mLevel 1[0m _identify(node_modules/to-regex-range) by extension 'cmake'
[2.622s] [34mcolcon.colcon_core.package_identification[0m [1;30mLevel 1[0m _identify(node_modules/to-regex-range) by extension 'python'
[2.623s] [34mcolcon.colcon_core.package_identification[0m [1;30mLevel 1[0m _identify(node_modules/to-regex-range) by extensions ['python_setup_py']
[2.624s] [34mcolcon.colcon_core.package_identification[0m [1;30mLevel 1[0m _identify(node_modules/to-regex-range) by extension 'python_setup_py'
[2.627s] [34mcolcon.colcon_core.package_identification[0m [1;30mLevel 1[0m _identify(other_codes) by extensions ['ignore', 'ignore_ament_install']
[2.627s] [34mcolcon.colcon_core.package_identification[0m [1;30mLevel 1[0m _identify(other_codes) by extension 'ignore'
[2.628s] [34mcolcon.colcon_core.package_identification[0m [1;30mLevel 1[0m _identify(other_codes) by extension 'ignore_ament_install'
[2.629s] [34mcolcon.colcon_core.package_identification[0m [1;30mLevel 1[0m _identify(other_codes) by extensions ['colcon_pkg']
[2.629s] [34mcolcon.colcon_core.package_identification[0m [1;30mLevel 1[0m _identify(other_codes) by extension 'colcon_pkg'
[2.630s] [34mcolcon.colcon_core.package_identification[0m [1;30mLevel 1[0m _identify(other_codes) by extensions ['colcon_meta']
[2.630s] [34mcolcon.colcon_core.package_identification[0m [1;30mLevel 1[0m _identify(other_codes) by extension 'colcon_meta'
[2.630s] [34mcolcon.colcon_core.package_identification[0m [1;30mLevel 1[0m _identify(other_codes) by extensions ['ros']
[2.631s] [34mcolcon.colcon_core.package_identification[0m [1;30mLevel 1[0m _identify(other_codes) by extension 'ros'
[2.633s] [34mcolcon.colcon_core.package_identification[0m [1;30mLevel 1[0m _identify(other_codes) by extensions ['cmake', 'python']
[2.633s] [34mcolcon.colcon_core.package_identification[0m [1;30mLevel 1[0m _identify(other_codes) by extension 'cmake'
[2.634s] [34mcolcon.colcon_core.package_identification[0m [1;30mLevel 1[0m _identify(other_codes) by extension 'python'
[2.635s] [34mcolcon.colcon_core.package_identification[0m [1;30mLevel 1[0m _identify(other_codes) by extensions ['python_setup_py']
[2.635s] [34mcolcon.colcon_core.package_identification[0m [1;30mLevel 1[0m _identify(other_codes) by extension 'python_setup_py'
[2.637s] [34mcolcon.colcon_core.package_identification[0m [1;30mLevel 1[0m _identify(ros2_Ws) by extensions ['ignore', 'ignore_ament_install']
[2.637s] [34mcolcon.colcon_core.package_identification[0m [1;30mLevel 1[0m _identify(ros2_Ws) by extension 'ignore'
[2.638s] [34mcolcon.colcon_core.package_identification[0m [1;30mLevel 1[0m _identify(ros2_Ws) by extension 'ignore_ament_install'
[2.639s] [34mcolcon.colcon_core.package_identification[0m [1;30mLevel 1[0m _identify(ros2_Ws) by extensions ['colcon_pkg']
[2.639s] [34mcolcon.colcon_core.package_identification[0m [1;30mLevel 1[0m _identify(ros2_Ws) by extension 'colcon_pkg'
[2.640s] [34mcolcon.colcon_core.package_identification[0m [1;30mLevel 1[0m _identify(ros2_Ws) by extensions ['colcon_meta']
[2.640s] [34mcolcon.colcon_core.package_identification[0m [1;30mLevel 1[0m _identify(ros2_Ws) by extension 'colcon_meta'
[2.640s] [34mcolcon.colcon_core.package_identification[0m [1;30mLevel 1[0m _identify(ros2_Ws) by extensions ['ros']
[2.641s] [34mcolcon.colcon_core.package_identification[0m [1;30mLevel 1[0m _identify(ros2_Ws) by extension 'ros'
[2.643s] [34mcolcon.colcon_core.package_identification[0m [1;30mLevel 1[0m _identify(ros2_Ws) by extensions ['cmake', 'python']
[2.643s] [34mcolcon.colcon_core.package_identification[0m [1;30mLevel 1[0m _identify(ros2_Ws) by extension 'cmake'
[2.643s] [34mcolcon.colcon_core.package_identification[0m [1;30mLevel 1[0m _identify(ros2_Ws) by extension 'python'
[2.644s] [34mcolcon.colcon_core.package_identification[0m [1;30mLevel 1[0m _identify(ros2_Ws) by extensions ['python_setup_py']
[2.644s] [34mcolcon.colcon_core.package_identification[0m [1;30mLevel 1[0m _identify(ros2_Ws) by extension 'python_setup_py'
[2.648s] [34mcolcon.colcon_core.package_identification[0m [1;30mLevel 1[0m _identify(ros2_Ws/build) by extensions ['ignore', 'ignore_ament_install']
[2.648s] [34mcolcon.colcon_core.package_identification[0m [1;30mLevel 1[0m _identify(ros2_Ws/build) by extension 'ignore'
[2.649s] [34mcolcon.colcon_core.package_identification[0m [1;30mLevel 1[0m _identify(ros2_Ws/build) ignored
[2.652s] [34mcolcon.colcon_core.package_identification[0m [1;30mLevel 1[0m _identify(ros2_Ws/install) by extensions ['ignore', 'ignore_ament_install']
[2.652s] [34mcolcon.colcon_core.package_identification[0m [1;30mLevel 1[0m _identify(ros2_Ws/install) by extension 'ignore'
[2.653s] [34mcolcon.colcon_core.package_identification[0m [1;30mLevel 1[0m _identify(ros2_Ws/install) ignored
[2.658s] [34mcolcon.colcon_core.package_identification[0m [1;30mLevel 1[0m _identify(ros2_Ws/log) by extensions ['ignore', 'ignore_ament_install']
[2.658s] [34mcolcon.colcon_core.package_identification[0m [1;30mLevel 1[0m _identify(ros2_Ws/log) by extension 'ignore'
[2.661s] [34mcolcon.colcon_core.package_identification[0m [1;30mLevel 1[0m _identify(ros2_Ws/log) ignored
[2.665s] [34mcolcon.colcon_core.package_identification[0m [1;30mLevel 1[0m _identify(ros2_Ws/src) by extensions ['ignore', 'ignore_ament_install']
[2.665s] [34mcolcon.colcon_core.package_identification[0m [1;30mLevel 1[0m _identify(ros2_Ws/src) by extension 'ignore'
[2.667s] [34mcolcon.colcon_core.package_identification[0m [1;30mLevel 1[0m _identify(ros2_Ws/src) by extension 'ignore_ament_install'
[2.668s] [34mcolcon.colcon_core.package_identification[0m [1;30mLevel 1[0m _identify(ros2_Ws/src) by extensions ['colcon_pkg']
[2.669s] [34mcolcon.colcon_core.package_identification[0m [1;30mLevel 1[0m _identify(ros2_Ws/src) by extension 'colcon_pkg'
[2.669s] [34mcolcon.colcon_core.package_identification[0m [1;30mLevel 1[0m _identify(ros2_Ws/src) by extensions ['colcon_meta']
[2.670s] [34mcolcon.colcon_core.package_identification[0m [1;30mLevel 1[0m _identify(ros2_Ws/src) by extension 'colcon_meta'
[2.671s] [34mcolcon.colcon_core.package_identification[0m [1;30mLevel 1[0m _identify(ros2_Ws/src) by extensions ['ros']
[2.671s] [34mcolcon.colcon_core.package_identification[0m [1;30mLevel 1[0m _identify(ros2_Ws/src) by extension 'ros'
[2.674s] [34mcolcon.colcon_core.package_identification[0m [1;30mLevel 1[0m _identify(ros2_Ws/src) by extensions ['cmake', 'python']
[2.675s] [34mcolcon.colcon_core.package_identification[0m [1;30mLevel 1[0m _identify(ros2_Ws/src) by extension 'cmake'
[2.675s] [34mcolcon.colcon_core.package_identification[0m [1;30mLevel 1[0m _identify(ros2_Ws/src) by extension 'python'
[2.677s] [34mcolcon.colcon_core.package_identification[0m [1;30mLevel 1[0m _identify(ros2_Ws/src) by extensions ['python_setup_py']
[2.677s] [34mcolcon.colcon_core.package_identification[0m [1;30mLevel 1[0m _identify(ros2_Ws/src) by extension 'python_setup_py'
[2.683s] [34mcolcon.colcon_core.package_identification[0m [1;30mLevel 1[0m _identify(ros2_Ws/src/boundary_mapper) by extensions ['ignore', 'ignore_ament_install']
[2.684s] [34mcolcon.colcon_core.package_identification[0m [1;30mLevel 1[0m _identify(ros2_Ws/src/boundary_mapper) by extension 'ignore'
[2.685s] [34mcolcon.colcon_core.package_identification[0m [1;30mLevel 1[0m _identify(ros2_Ws/src/boundary_mapper) by extension 'ignore_ament_install'
[2.687s] [34mcolcon.colcon_core.package_identification[0m [1;30mLevel 1[0m _identify(ros2_Ws/src/boundary_mapper) by extensions ['colcon_pkg']
[2.687s] [34mcolcon.colcon_core.package_identification[0m [1;30mLevel 1[0m _identify(ros2_Ws/src/boundary_mapper) by extension 'colcon_pkg'
[2.688s] [34mcolcon.colcon_core.package_identification[0m [1;30mLevel 1[0m _identify(ros2_Ws/src/boundary_mapper) by extensions ['colcon_meta']
[2.689s] [34mcolcon.colcon_core.package_identification[0m [1;30mLevel 1[0m _identify(ros2_Ws/src/boundary_mapper) by extension 'colcon_meta'
[2.691s] [34mcolcon.colcon_core.package_identification[0m [1;30mLevel 1[0m _identify(ros2_Ws/src/boundary_mapper) by extensions ['ros']
[2.691s] [34mcolcon.colcon_core.package_identification[0m [1;30mLevel 1[0m _identify(ros2_Ws/src/boundary_mapper) by extension 'ros'
[2.715s] [34mcolcon.colcon_core.package_identification[0m [1;30mDEBUG[0m [32mPackage 'ros2_Ws/src/boundary_mapper' with type 'ros.ament_python' and name 'boundary_mapper'[0m
[2.723s] [34mcolcon.colcon_core.package_identification[0m [1;30mLevel 1[0m _identify(ros2_Ws/src/boundary_mapper_launcher) by extensions ['ignore', 'ignore_ament_install']
[2.724s] [34mcolcon.colcon_core.package_identification[0m [1;30mLevel 1[0m _identify(ros2_Ws/src/boundary_mapper_launcher) by extension 'ignore'
[2.725s] [34mcolcon.colcon_core.package_identification[0m [1;30mLevel 1[0m _identify(ros2_Ws/src/boundary_mapper_launcher) by extension 'ignore_ament_install'
[2.727s] [34mcolcon.colcon_core.package_identification[0m [1;30mLevel 1[0m _identify(ros2_Ws/src/boundary_mapper_launcher) by extensions ['colcon_pkg']
[2.727s] [34mcolcon.colcon_core.package_identification[0m [1;30mLevel 1[0m _identify(ros2_Ws/src/boundary_mapper_launcher) by extension 'colcon_pkg'
[2.729s] [34mcolcon.colcon_core.package_identification[0m [1;30mLevel 1[0m _identify(ros2_Ws/src/boundary_mapper_launcher) by extensions ['colcon_meta']
[2.729s] [34mcolcon.colcon_core.package_identification[0m [1;30mLevel 1[0m _identify(ros2_Ws/src/boundary_mapper_launcher) by extension 'colcon_meta'
[2.731s] [34mcolcon.colcon_core.package_identification[0m [1;30mLevel 1[0m _identify(ros2_Ws/src/boundary_mapper_launcher) by extensions ['ros']
[2.731s] [34mcolcon.colcon_core.package_identification[0m [1;30mLevel 1[0m _identify(ros2_Ws/src/boundary_mapper_launcher) by extension 'ros'
[2.742s] [34mcolcon.colcon_core.package_identification[0m [1;30mDEBUG[0m [32mPackage 'ros2_Ws/src/boundary_mapper_launcher' with type 'ros.ament_cmake' and name 'boundary_mapper_launcher'[0m
[2.746s] [34mcolcon.colcon_core.package_identification[0m [1;30mLevel 1[0m _identify(ros2_Ws/src/my_drone_launcher) by extensions ['ignore', 'ignore_ament_install']
[2.747s] [34mcolcon.colcon_core.package_identification[0m [1;30mLevel 1[0m _identify(ros2_Ws/src/my_drone_launcher) by extension 'ignore'
[2.748s] [34mcolcon.colcon_core.package_identification[0m [1;30mLevel 1[0m _identify(ros2_Ws/src/my_drone_launcher) by extension 'ignore_ament_install'
[2.751s] [34mcolcon.colcon_core.package_identification[0m [1;30mLevel 1[0m _identify(ros2_Ws/src/my_drone_launcher) by extensions ['colcon_pkg']
[2.751s] [34mcolcon.colcon_core.package_identification[0m [1;30mLevel 1[0m _identify(ros2_Ws/src/my_drone_launcher) by extension 'colcon_pkg'
[2.753s] [34mcolcon.colcon_core.package_identification[0m [1;30mLevel 1[0m _identify(ros2_Ws/src/my_drone_launcher) by extensions ['colcon_meta']
[2.753s] [34mcolcon.colcon_core.package_identification[0m [1;30mLevel 1[0m _identify(ros2_Ws/src/my_drone_launcher) by extension 'colcon_meta'
[2.756s] [34mcolcon.colcon_core.package_identification[0m [1;30mLevel 1[0m _identify(ros2_Ws/src/my_drone_launcher) by extensions ['ros']
[2.756s] [34mcolcon.colcon_core.package_identification[0m [1;30mLevel 1[0m _identify(ros2_Ws/src/my_drone_launcher) by extension 'ros'
[2.768s] [34mcolcon.colcon_core.package_identification[0m [1;30mDEBUG[0m [32mPackage 'ros2_Ws/src/my_drone_launcher' with type 'ros.ament_cmake' and name 'my_drone_launcher'[0m
[2.773s] [34mcolcon.colcon_core.package_identification[0m [1;30mLevel 1[0m _identify(ros2_Ws/src/my_robot_controller) by extensions ['ignore', 'ignore_ament_install']
[2.773s] [34mcolcon.colcon_core.package_identification[0m [1;30mLevel 1[0m _identify(ros2_Ws/src/my_robot_controller) by extension 'ignore'
[2.774s] [34mcolcon.colcon_core.package_identification[0m [1;30mLevel 1[0m _identify(ros2_Ws/src/my_robot_controller) by extension 'ignore_ament_install'
[2.776s] [34mcolcon.colcon_core.package_identification[0m [1;30mLevel 1[0m _identify(ros2_Ws/src/my_robot_controller) by extensions ['colcon_pkg']
[2.777s] [34mcolcon.colcon_core.package_identification[0m [1;30mLevel 1[0m _identify(ros2_Ws/src/my_robot_controller) by extension 'colcon_pkg'
[2.778s] [34mcolcon.colcon_core.package_identification[0m [1;30mLevel 1[0m _identify(ros2_Ws/src/my_robot_controller) by extensions ['colcon_meta']
[2.778s] [34mcolcon.colcon_core.package_identification[0m [1;30mLevel 1[0m _identify(ros2_Ws/src/my_robot_controller) by extension 'colcon_meta'
[2.780s] [34mcolcon.colcon_core.package_identification[0m [1;30mLevel 1[0m _identify(ros2_Ws/src/my_robot_controller) by extensions ['ros']
[2.780s] [34mcolcon.colcon_core.package_identification[0m [1;30mLevel 1[0m _identify(ros2_Ws/src/my_robot_controller) by extension 'ros'
[2.793s] [34mcolcon.colcon_core.package_identification[0m [1;30mDEBUG[0m [32mPackage 'ros2_Ws/src/my_robot_controller' with type 'ros.ament_python' and name 'my_robot_controller'[0m
[2.797s] [34mcolcon.colcon_core.package_identification[0m [1;30mLevel 1[0m _identify(ros2_Ws/src/my_robot_launcher) by extensions ['ignore', 'ignore_ament_install']
[2.797s] [34mcolcon.colcon_core.package_identification[0m [1;30mLevel 1[0m _identify(ros2_Ws/src/my_robot_launcher) by extension 'ignore'
[2.799s] [34mcolcon.colcon_core.package_identification[0m [1;30mLevel 1[0m _identify(ros2_Ws/src/my_robot_launcher) by extension 'ignore_ament_install'
[2.802s] [34mcolcon.colcon_core.package_identification[0m [1;30mLevel 1[0m _identify(ros2_Ws/src/my_robot_launcher) by extensions ['colcon_pkg']
[2.802s] [34mcolcon.colcon_core.package_identification[0m [1;30mLevel 1[0m _identify(ros2_Ws/src/my_robot_launcher) by extension 'colcon_pkg'
[2.803s] [34mcolcon.colcon_core.package_identification[0m [1;30mLevel 1[0m _identify(ros2_Ws/src/my_robot_launcher) by extensions ['colcon_meta']
[2.803s] [34mcolcon.colcon_core.package_identification[0m [1;30mLevel 1[0m _identify(ros2_Ws/src/my_robot_launcher) by extension 'colcon_meta'
[2.805s] [34mcolcon.colcon_core.package_identification[0m [1;30mLevel 1[0m _identify(ros2_Ws/src/my_robot_launcher) by extensions ['ros']
[2.805s] [34mcolcon.colcon_core.package_identification[0m [1;30mLevel 1[0m _identify(ros2_Ws/src/my_robot_launcher) by extension 'ros'
[2.818s] [34mcolcon.colcon_core.package_identification[0m [1;30mDEBUG[0m [32mPackage 'ros2_Ws/src/my_robot_launcher' with type 'ros.ament_cmake' and name 'my_robot_launcher'[0m
[2.818s] [34mcolcon.colcon_core.package_discovery[0m [1;30mLevel 1[0m discover_packages(recursive) using defaults
[2.818s] [34mcolcon.colcon_core.package_discovery[0m [1;30mLevel 1[0m discover_packages(ignore) discover
[2.818s] [34mcolcon.colcon_core.package_discovery[0m [1;30mLevel 1[0m discover_packages(ignore) using defaults
[2.818s] [34mcolcon.colcon_core.package_discovery[0m [1;30mLevel 1[0m discover_packages(path) discover
[2.819s] [34mcolcon.colcon_core.package_discovery[0m [1;30mLevel 1[0m discover_packages(path) using defaults
[2.924s] [34mcolcon.colcon_core.package_selection[0m [1;30mINFO[0m Skipping not selected package 'my_robot_controller' in 'ros2_Ws/src/my_robot_controller'
[2.925s] [34mcolcon.colcon_core.package_selection[0m [1;30mINFO[0m Skipping not selected package 'my_drone_launcher' in 'ros2_Ws/src/my_drone_launcher'
[2.925s] [34mcolcon.colcon_core.package_selection[0m [1;30mINFO[0m Skipping not selected package 'my_robot_launcher' in 'ros2_Ws/src/my_robot_launcher'
[2.926s] [34mcolcon.colcon_core.package_discovery[0m [1;30mLevel 1[0m discover_packages(prefix_path) check parameters
[2.927s] [34mcolcon.colcon_core.package_discovery[0m [1;30mLevel 1[0m discover_packages(prefix_path) discover
[2.932s] [34mcolcon.colcon_ros.prefix_path.ament[0m [1;30mWARNING[0m [33mThe path '/mnt/f/NITS/ANAV/main/install/boundary_mapper_launcher' in the environment variable AMENT_PREFIX_PATH doesn't exist[0m
[2.933s] [34mcolcon.colcon_ros.prefix_path.ament[0m [1;30mWARNING[0m [33mThe path '/mnt/f/NITS/ANAV/main/install/boundary_mapper' in the environment variable AMENT_PREFIX_PATH doesn't exist[0m
[2.949s] [34mcolcon.colcon_ros.prefix_path.catkin[0m [1;30mWARNING[0m [33mThe path '/mnt/f/NITS/ANAV/main/install/boundary_mapper_launcher' in the environment variable CMAKE_PREFIX_PATH doesn't exist[0m
[2.966s] [34mcolcon.colcon_installed_package_information.package_discovery[0m [1;30mDEBUG[0m [32mFound 0 installed packages in /mnt/f/NITS/ANAV/main/install[0m
[3.009s] [34mcolcon.colcon_installed_package_information.package_discovery[0m [1;30mDEBUG[0m [32mFound 2 installed packages in /mnt/f/NITS/ANAV/main/ros2_Ws/install[0m
[3.012s] [34mcolcon.colcon_installed_package_information.package_discovery[0m [1;30mDEBUG[0m [32mFound 226 installed packages in /opt/ros/humble[0m
[3.014s] [34mcolcon.colcon_core.package_discovery[0m [1;30mLevel 1[0m discover_packages(prefix_path) using defaults
[3.112s] [34mcolcon.colcon_core.verb[0m [1;30mLevel 5[0m set package 'boundary_mapper' build argument 'cmake_args' from command line to 'None'
[3.112s] [34mcolcon.colcon_core.verb[0m [1;30mLevel 5[0m set package 'boundary_mapper' build argument 'cmake_target' from command line to 'None'
[3.112s] [34mcolcon.colcon_core.verb[0m [1;30mLevel 5[0m set package 'boundary_mapper' build argument 'cmake_target_skip_unavailable' from command line to 'False'
[3.113s] [34mcolcon.colcon_core.verb[0m [1;30mLevel 5[0m set package 'boundary_mapper' build argument 'cmake_clean_cache' from command line to 'False'
[3.113s] [34mcolcon.colcon_core.verb[0m [1;30mLevel 5[0m set package 'boundary_mapper' build argument 'cmake_clean_first' from command line to 'False'
[3.113s] [34mcolcon.colcon_core.verb[0m [1;30mLevel 5[0m set package 'boundary_mapper' build argument 'cmake_force_configure' from command line to 'False'
[3.114s] [34mcolcon.colcon_core.verb[0m [1;30mLevel 5[0m set package 'boundary_mapper' build argument 'ament_cmake_args' from command line to 'None'
[3.114s] [34mcolcon.colcon_core.verb[0m [1;30mLevel 5[0m set package 'boundary_mapper' build argument 'catkin_cmake_args' from command line to 'None'
[3.114s] [34mcolcon.colcon_core.verb[0m [1;30mLevel 5[0m set package 'boundary_mapper' build argument 'catkin_skip_building_tests' from command line to 'False'
[3.115s] [34mcolcon.colcon_core.verb[0m [1;30mDEBUG[0m [32mBuilding package 'boundary_mapper' with the following arguments: {'ament_cmake_args': None, 'build_base': '/mnt/f/NITS/ANAV/main/build/boundary_mapper', 'catkin_cmake_args': None, 'catkin_skip_building_tests': False, 'cmake_args': None, 'cmake_clean_cache': False, 'cmake_clean_first': False, 'cmake_force_configure': False, 'cmake_target': None, 'cmake_target_skip_unavailable': False, 'install_base': '/mnt/f/NITS/ANAV/main/install/boundary_mapper', 'merge_install': False, 'path': '/mnt/f/NITS/ANAV/main/ros2_Ws/src/boundary_mapper', 'symlink_install': False, 'test_result_base': None}[0m
[3.115s] [34mcolcon.colcon_core.verb[0m [1;30mLevel 5[0m set package 'boundary_mapper_launcher' build argument 'cmake_args' from command line to 'None'
[3.115s] [34mcolcon.colcon_core.verb[0m [1;30mLevel 5[0m set package 'boundary_mapper_launcher' build argument 'cmake_target' from command line to 'None'
[3.116s] [34mcolcon.colcon_core.verb[0m [1;30mLevel 5[0m set package 'boundary_mapper_launcher' build argument 'cmake_target_skip_unavailable' from command line to 'False'
[3.116s] [34mcolcon.colcon_core.verb[0m [1;30mLevel 5[0m set package 'boundary_mapper_launcher' build argument 'cmake_clean_cache' from command line to 'False'
[3.116s] [34mcolcon.colcon_core.verb[0m [1;30mLevel 5[0m set package 'boundary_mapper_launcher' build argument 'cmake_clean_first' from command line to 'False'
[3.116s] [34mcolcon.colcon_core.verb[0m [1;30mLevel 5[0m set package 'boundary_mapper_launcher' build argument 'cmake_force_configure' from command line to 'False'
[3.116s] [34mcolcon.colcon_core.verb[0m [1;30mLevel 5[0m set package 'boundary_mapper_launcher' build argument 'ament_cmake_args' from command line to 'None'
[3.117s] [34mcolcon.colcon_core.verb[0m [1;30mLevel 5[0m set package 'boundary_mapper_launcher' build argument 'catkin_cmake_args' from command line to 'None'
[3.117s] [34mcolcon.colcon_core.verb[0m [1;30mLevel 5[0m set package 'boundary_mapper_launcher' build argument 'catkin_skip_building_tests' from command line to 'False'
[3.117s] [34mcolcon.colcon_core.verb[0m [1;30mDEBUG[0m [32mBuilding package 'boundary_mapper_launcher' with the following arguments: {'ament_cmake_args': None, 'build_base': '/mnt/f/NITS/ANAV/main/build/boundary_mapper_launcher', 'catkin_cmake_args': None, 'catkin_skip_building_tests': False, 'cmake_args': None, 'cmake_clean_cache': False, 'cmake_clean_first': False, 'cmake_force_configure': False, 'cmake_target': None, 'cmake_target_skip_unavailable': False, 'install_base': '/mnt/f/NITS/ANAV/main/install/boundary_mapper_launcher', 'merge_install': False, 'path': '/mnt/f/NITS/ANAV/main/ros2_Ws/src/boundary_mapper_launcher', 'symlink_install': False, 'test_result_base': None}[0m
[3.117s] [34mcolcon.colcon_core.executor[0m [1;30mINFO[0m Executing jobs using 'parallel' executor
[3.118s] [34mcolcon.colcon_parallel_executor.executor.parallel[0m [1;30mDEBUG[0m [32mrun_until_complete[0m
[3.119s] [34mcolcon.colcon_ros.task.ament_python.build[0m [1;30mINFO[0m Building ROS package in '/mnt/f/NITS/ANAV/main/ros2_Ws/src/boundary_mapper' with build type 'ament_python'
[3.119s] [34mcolcon.colcon_core.shell[0m [1;30mLevel 1[0m create_environment_hook('boundary_mapper', 'ament_prefix_path')
[3.129s] [34mcolcon.colcon_core.plugin_system[0m [1;30mINFO[0m Skipping extension 'colcon_core.shell.bat': Not used on non-Windows systems
[3.129s] [34mcolcon.colcon_core.shell[0m [1;30mINFO[0m Creating environment hook '/mnt/f/NITS/ANAV/main/install/boundary_mapper/share/boundary_mapper/hook/ament_prefix_path.ps1'
[3.145s] [34mcolcon.colcon_core.shell[0m [1;30mINFO[0m Creating environment descriptor '/mnt/f/NITS/ANAV/main/install/boundary_mapper/share/boundary_mapper/hook/ament_prefix_path.dsv'
[3.164s] [34mcolcon.colcon_core.shell[0m [1;30mINFO[0m Creating environment hook '/mnt/f/NITS/ANAV/main/install/boundary_mapper/share/boundary_mapper/hook/ament_prefix_path.sh'
[3.185s] [34mcolcon.colcon_core.shell[0m [1;30mINFO[0m Skip shell extension 'powershell' for command environment: Not usable outside of PowerShell
[3.186s] [34mcolcon.colcon_core.shell[0m [1;30mDEBUG[0m [32mSkip shell extension 'dsv' for command environment[0m
[3.904s] [34mcolcon.colcon_core.task.python.build[0m [1;30mINFO[0m Building Python package in '/mnt/f/NITS/ANAV/main/ros2_Ws/src/boundary_mapper'
[3.904s] [34mcolcon.colcon_core.shell[0m [1;30mINFO[0m Skip shell extension 'powershell' for command environment: Not usable outside of PowerShell
[3.904s] [34mcolcon.colcon_core.shell[0m [1;30mDEBUG[0m [32mSkip shell extension 'dsv' for command environment[0m
[5.592s] [34mcolcon.colcon_core.event_handler.log_command[0m [1;30mDEBUG[0m [32mInvoking command in '/mnt/f/NITS/ANAV/main/ros2_Ws/src/boundary_mapper': PYTHONPATH=/mnt/f/NITS/ANAV/main/build/boundary_mapper/prefix_override:/usr/lib/python3/dist-packages/colcon_core/task/python/colcon_distutils_commands:/mnt/f/NITS/ANAV/main/install/boundary_mapper/lib/python3.10/site-packages:${PYTHONPATH} /usr/bin/python3 -W ignore:setup.py install is deprecated -W ignore:easy_install command is deprecated setup.py egg_info --egg-base ../../../build/boundary_mapper build --build-base /mnt/f/NITS/ANAV/main/build/boundary_mapper/build install --record /mnt/f/NITS/ANAV/main/build/boundary_mapper/install.log --single-version-externally-managed install_data[0m
[7.615s] [34mcolcon.colcon_core.event_handler.log_command[0m [1;30mDEBUG[0m [32mInvoked command in '/mnt/f/NITS/ANAV/main/ros2_Ws/src/boundary_mapper' returned '0': PYTHONPATH=/mnt/f/NITS/ANAV/main/build/boundary_mapper/prefix_override:/usr/lib/python3/dist-packages/colcon_core/task/python/colcon_distutils_commands:/mnt/f/NITS/ANAV/main/install/boundary_mapper/lib/python3.10/site-packages:${PYTHONPATH} /usr/bin/python3 -W ignore:setup.py install is deprecated -W ignore:easy_install command is deprecated setup.py egg_info --egg-base ../../../build/boundary_mapper build --build-base /mnt/f/NITS/ANAV/main/build/boundary_mapper/build install --record /mnt/f/NITS/ANAV/main/build/boundary_mapper/install.log --single-version-externally-managed install_data[0m
[7.625s] [34mcolcon.colcon_core.environment[0m [1;30mLevel 1[0m checking '/mnt/f/NITS/ANAV/main/install/boundary_mapper' for CMake module files
[7.670s] [34mcolcon.colcon_core.environment[0m [1;30mLevel 1[0m checking '/mnt/f/NITS/ANAV/main/install/boundary_mapper' for CMake config files
[7.784s] [34mcolcon.colcon_core.environment[0m [1;30mLevel 1[0m checking '/mnt/f/NITS/ANAV/main/install/boundary_mapper/lib'
[7.799s] [34mcolcon.colcon_core.environment[0m [1;30mLevel 1[0m checking '/mnt/f/NITS/ANAV/main/install/boundary_mapper/bin'
[7.800s] [34mcolcon.colcon_core.environment[0m [1;30mLevel 1[0m checking '/mnt/f/NITS/ANAV/main/install/boundary_mapper/lib/pkgconfig/boundary_mapper.pc'
[7.802s] [34mcolcon.colcon_core.environment[0m [1;30mLevel 1[0m checking '/mnt/f/NITS/ANAV/main/install/boundary_mapper/lib/python3.10/site-packages'
[7.806s] [34mcolcon.colcon_core.shell[0m [1;30mLevel 1[0m create_environment_hook('boundary_mapper', 'pythonpath')
[7.807s] [34mcolcon.colcon_core.shell[0m [1;30mINFO[0m Creating environment hook '/mnt/f/NITS/ANAV/main/install/boundary_mapper/share/boundary_mapper/hook/pythonpath.ps1'
[7.821s] [34mcolcon.colcon_core.shell[0m [1;30mINFO[0m Creating environment descriptor '/mnt/f/NITS/ANAV/main/install/boundary_mapper/share/boundary_mapper/hook/pythonpath.dsv'
[7.839s] [34mcolcon.colcon_core.shell[0m [1;30mINFO[0m Creating environment hook '/mnt/f/NITS/ANAV/main/install/boundary_mapper/share/boundary_mapper/hook/pythonpath.sh'
[7.855s] [34mcolcon.colcon_core.environment[0m [1;30mLevel 1[0m checking '/mnt/f/NITS/ANAV/main/install/boundary_mapper/bin'
[7.857s] [34mcolcon.colcon_core.environment[0m [1;30mLevel 1[0m create_environment_scripts_only(boundary_mapper)
[7.858s] [34mcolcon.colcon_core.shell[0m [1;30mINFO[0m Creating package script '/mnt/f/NITS/ANAV/main/install/boundary_mapper/share/boundary_mapper/package.ps1'
[7.870s] [34mcolcon.colcon_core.shell[0m [1;30mINFO[0m Creating package descriptor '/mnt/f/NITS/ANAV/main/install/boundary_mapper/share/boundary_mapper/package.dsv'
[7.883s] [34mcolcon.colcon_core.shell[0m [1;30mINFO[0m Creating package script '/mnt/f/NITS/ANAV/main/install/boundary_mapper/share/boundary_mapper/package.sh'
[7.898s] [34mcolcon.colcon_core.shell[0m [1;30mINFO[0m Creating package script '/mnt/f/NITS/ANAV/main/install/boundary_mapper/share/boundary_mapper/package.bash'
[7.911s] [34mcolcon.colcon_core.shell[0m [1;30mINFO[0m Creating package script '/mnt/f/NITS/ANAV/main/install/boundary_mapper/share/boundary_mapper/package.zsh'
[7.923s] [34mcolcon.colcon_core.environment[0m [1;30mLevel 1[0m create_file_with_runtime_dependencies(/mnt/f/NITS/ANAV/main/install/boundary_mapper/share/colcon-core/packages/boundary_mapper)
[7.934s] [34mcolcon.colcon_ros.task.ament_cmake.build[0m [1;30mINFO[0m Building ROS package in '/mnt/f/NITS/ANAV/main/ros2_Ws/src/boundary_mapper_launcher' with build type 'ament_cmake'
[7.934s] [34mcolcon.colcon_cmake.task.cmake.build[0m [1;30mINFO[0m Building CMake package in '/mnt/f/NITS/ANAV/main/ros2_Ws/src/boundary_mapper_launcher'
[7.935s] [34mcolcon.colcon_core.shell[0m [1;30mINFO[0m Skip shell extension 'powershell' for command environment: Not usable outside of PowerShell
[7.936s] [34mcolcon.colcon_core.shell[0m [1;30mDEBUG[0m [32mSkip shell extension 'dsv' for command environment[0m
[8.265s] [34mcolcon.colcon_core.event_handler.log_command[0m [1;30mDEBUG[0m [32mInvoking command in '/mnt/f/NITS/ANAV/main/build/boundary_mapper_launcher': AMENT_PREFIX_PATH=/mnt/f/NITS/ANAV/main/install/boundary_mapper:/mnt/f/NITS/ANAV/main/install/boundary_mapper_launcher:/mnt/f/NITS/ANAV/main/ros2_Ws/install/boundary_mapper_launcher:/mnt/f/NITS/ANAV/main/ros2_Ws/install/boundary_mapper:/opt/ros/humble CMAKE_PREFIX_PATH=${CMAKE_PREFIX_PATH}:/mnt/f/NITS/ANAV/main/install/boundary_mapper:/mnt/f/NITS/ANAV/main/ros2_Ws/install/boundary_mapper:/opt/ros/humble /usr/bin/cmake /mnt/f/NITS/ANAV/main/ros2_Ws/src/boundary_mapper_launcher -DCMAKE_INSTALL_PREFIX=/mnt/f/NITS/ANAV/main/install/boundary_mapper_launcher[0m
[16.774s] [34mcolcon.colcon_core.event_handler.log_command[0m [1;30mDEBUG[0m [32mInvoked command in '/mnt/f/NITS/ANAV/main/build/boundary_mapper_launcher' returned '0': AMENT_PREFIX_PATH=/mnt/f/NITS/ANAV/main/install/boundary_mapper:/mnt/f/NITS/ANAV/main/install/boundary_mapper_launcher:/mnt/f/NITS/ANAV/main/ros2_Ws/install/boundary_mapper_launcher:/mnt/f/NITS/ANAV/main/ros2_Ws/install/boundary_mapper:/opt/ros/humble CMAKE_PREFIX_PATH=${CMAKE_PREFIX_PATH}:/mnt/f/NITS/ANAV/main/install/boundary_mapper:/mnt/f/NITS/ANAV/main/ros2_Ws/install/boundary_mapper:/opt/ros/humble /usr/bin/cmake /mnt/f/NITS/ANAV/main/ros2_Ws/src/boundary_mapper_launcher -DCMAKE_INSTALL_PREFIX=/mnt/f/NITS/ANAV/main/install/boundary_mapper_launcher[0m
[16.785s] [34mcolcon.colcon_core.event_handler.log_command[0m [1;30mDEBUG[0m [32mInvoking command in '/mnt/f/NITS/ANAV/main/build/boundary_mapper_launcher': AMENT_PREFIX_PATH=/mnt/f/NITS/ANAV/main/install/boundary_mapper:/mnt/f/NITS/ANAV/main/install/boundary_mapper_launcher:/mnt/f/NITS/ANAV/main/ros2_Ws/install/boundary_mapper_launcher:/mnt/f/NITS/ANAV/main/ros2_Ws/install/boundary_mapper:/opt/ros/humble CMAKE_PREFIX_PATH=${CMAKE_PREFIX_PATH}:/mnt/f/NITS/ANAV/main/install/boundary_mapper:/mnt/f/NITS/ANAV/main/ros2_Ws/install/boundary_mapper:/opt/ros/humble /usr/bin/cmake --build /mnt/f/NITS/ANAV/main/build/boundary_mapper_launcher -- -j8 -l8[0m
[16.879s] [34mcolcon.colcon_core.event_handler.log_command[0m [1;30mDEBUG[0m [32mInvoked command in '/mnt/f/NITS/ANAV/main/build/boundary_mapper_launcher' returned '0': AMENT_PREFIX_PATH=/mnt/f/NITS/ANAV/main/install/boundary_mapper:/mnt/f/NITS/ANAV/main/install/boundary_mapper_launcher:/mnt/f/NITS/ANAV/main/ros2_Ws/install/boundary_mapper_launcher:/mnt/f/NITS/ANAV/main/ros2_Ws/install/boundary_mapper:/opt/ros/humble CMAKE_PREFIX_PATH=${CMAKE_PREFIX_PATH}:/mnt/f/NITS/ANAV/main/install/boundary_mapper:/mnt/f/NITS/ANAV/main/ros2_Ws/install/boundary_mapper:/opt/ros/humble /usr/bin/cmake --build /mnt/f/NITS/ANAV/main/build/boundary_mapper_launcher -- -j8 -l8[0m
[16.909s] [34mcolcon.colcon_core.event_handler.log_command[0m [1;30mDEBUG[0m [32mInvoking command in '/mnt/f/NITS/ANAV/main/build/boundary_mapper_launcher': AMENT_PREFIX_PATH=/mnt/f/NITS/ANAV/main/install/boundary_mapper:/mnt/f/NITS/ANAV/main/install/boundary_mapper_launcher:/mnt/f/NITS/ANAV/main/ros2_Ws/install/boundary_mapper_launcher:/mnt/f/NITS/ANAV/main/ros2_Ws/install/boundary_mapper:/opt/ros/humble CMAKE_PREFIX_PATH=${CMAKE_PREFIX_PATH}:/mnt/f/NITS/ANAV/main/install/boundary_mapper:/mnt/f/NITS/ANAV/main/ros2_Ws/install/boundary_mapper:/opt/ros/humble /usr/bin/cmake --install /mnt/f/NITS/ANAV/main/build/boundary_mapper_launcher[0m
[18.973s] [34mcolcon.colcon_core.environment[0m [1;30mLevel 1[0m create_environment_scripts_only(boundary_mapper_launcher)
[18.974s] [34mcolcon.colcon_core.environment[0m [1;30mLevel 1[0m checking '/mnt/f/NITS/ANAV/main/install/boundary_mapper_launcher' for CMake module files
[18.974s] [34mcolcon.colcon_core.event_handler.log_command[0m [1;30mDEBUG[0m [32mInvoked command in '/mnt/f/NITS/ANAV/main/build/boundary_mapper_launcher' returned '0': AMENT_PREFIX_PATH=/mnt/f/NITS/ANAV/main/install/boundary_mapper:/mnt/f/NITS/ANAV/main/install/boundary_mapper_launcher:/mnt/f/NITS/ANAV/main/ros2_Ws/install/boundary_mapper_launcher:/mnt/f/NITS/ANAV/main/ros2_Ws/install/boundary_mapper:/opt/ros/humble CMAKE_PREFIX_PATH=${CMAKE_PREFIX_PATH}:/mnt/f/NITS/ANAV/main/install/boundary_mapper:/mnt/f/NITS/ANAV/main/ros2_Ws/install/boundary_mapper:/opt/ros/humble /usr/bin/cmake --install /mnt/f/NITS/ANAV/main/build/boundary_mapper_launcher[0m
[19.039s] [34mcolcon.colcon_core.environment[0m [1;30mLevel 1[0m checking '/mnt/f/NITS/ANAV/main/install/boundary_mapper_launcher' for CMake config files
[19.085s] [34mcolcon.colcon_core.shell[0m [1;30mLevel 1[0m create_environment_hook('boundary_mapper_launcher', 'cmake_prefix_path')
[19.085s] [34mcolcon.colcon_core.shell[0m [1;30mINFO[0m Creating environment hook '/mnt/f/NITS/ANAV/main/install/boundary_mapper_launcher/share/boundary_mapper_launcher/hook/cmake_prefix_path.ps1'
[19.096s] [34mcolcon.colcon_core.shell[0m [1;30mINFO[0m Creating environment descriptor '/mnt/f/NITS/ANAV/main/install/boundary_mapper_launcher/share/boundary_mapper_launcher/hook/cmake_prefix_path.dsv'
[19.107s] [34mcolcon.colcon_core.shell[0m [1;30mINFO[0m Creating environment hook '/mnt/f/NITS/ANAV/main/install/boundary_mapper_launcher/share/boundary_mapper_launcher/hook/cmake_prefix_path.sh'
[19.120s] [34mcolcon.colcon_core.environment[0m [1;30mLevel 1[0m checking '/mnt/f/NITS/ANAV/main/install/boundary_mapper_launcher/bin'
[19.121s] [34mcolcon.colcon_core.environment[0m [1;30mLevel 1[0m checking '/mnt/f/NITS/ANAV/main/install/boundary_mapper_launcher/lib/pkgconfig/boundary_mapper_launcher.pc'
[19.123s] [34mcolcon.colcon_core.environment[0m [1;30mLevel 1[0m checking '/mnt/f/NITS/ANAV/main/install/boundary_mapper_launcher/lib/python3.10/site-packages'
[19.124s] [34mcolcon.colcon_core.environment[0m [1;30mLevel 1[0m checking '/mnt/f/NITS/ANAV/main/install/boundary_mapper_launcher/bin'
[19.125s] [34mcolcon.colcon_core.shell[0m [1;30mINFO[0m Creating package script '/mnt/f/NITS/ANAV/main/install/boundary_mapper_launcher/share/boundary_mapper_launcher/package.ps1'
[19.134s] [34mcolcon.colcon_core.shell[0m [1;30mINFO[0m Creating package descriptor '/mnt/f/NITS/ANAV/main/install/boundary_mapper_launcher/share/boundary_mapper_launcher/package.dsv'
[19.144s] [34mcolcon.colcon_core.shell[0m [1;30mINFO[0m Creating package script '/mnt/f/NITS/ANAV/main/install/boundary_mapper_launcher/share/boundary_mapper_launcher/package.sh'
[19.152s] [34mcolcon.colcon_core.shell[0m [1;30mINFO[0m Creating package script '/mnt/f/NITS/ANAV/main/install/boundary_mapper_launcher/share/boundary_mapper_launcher/package.bash'
[19.162s] [34mcolcon.colcon_core.shell[0m [1;30mINFO[0m Creating package script '/mnt/f/NITS/ANAV/main/install/boundary_mapper_launcher/share/boundary_mapper_launcher/package.zsh'
[19.170s] [34mcolcon.colcon_core.environment[0m [1;30mLevel 1[0m create_file_with_runtime_dependencies(/mnt/f/NITS/ANAV/main/install/boundary_mapper_launcher/share/colcon-core/packages/boundary_mapper_launcher)
[19.194s] [34mcolcon.colcon_core.environment[0m [1;30mLevel 1[0m create_environment_scripts_only(boundary_mapper_launcher)
[19.195s] [34mcolcon.colcon_core.environment[0m [1;30mLevel 1[0m checking '/mnt/f/NITS/ANAV/main/install/boundary_mapper_launcher' for CMake module files
[19.259s] [34mcolcon.colcon_core.environment[0m [1;30mLevel 1[0m checking '/mnt/f/NITS/ANAV/main/install/boundary_mapper_launcher' for CMake config files
[19.314s] [34mcolcon.colcon_core.shell[0m [1;30mLevel 1[0m create_environment_hook('boundary_mapper_launcher', 'cmake_prefix_path')
[19.315s] [34mcolcon.colcon_core.shell[0m [1;30mINFO[0m Creating environment hook '/mnt/f/NITS/ANAV/main/install/boundary_mapper_launcher/share/boundary_mapper_launcher/hook/cmake_prefix_path.ps1'
[19.331s] [34mcolcon.colcon_core.shell[0m [1;30mINFO[0m Creating environment descriptor '/mnt/f/NITS/ANAV/main/install/boundary_mapper_launcher/share/boundary_mapper_launcher/hook/cmake_prefix_path.dsv'
[19.347s] [34mcolcon.colcon_core.shell[0m [1;30mINFO[0m Creating environment hook '/mnt/f/NITS/ANAV/main/install/boundary_mapper_launcher/share/boundary_mapper_launcher/hook/cmake_prefix_path.sh'
[19.362s] [34mcolcon.colcon_core.environment[0m [1;30mLevel 1[0m checking '/mnt/f/NITS/ANAV/main/install/boundary_mapper_launcher/bin'
[19.364s] [34mcolcon.colcon_core.environment[0m [1;30mLevel 1[0m checking '/mnt/f/NITS/ANAV/main/install/boundary_mapper_launcher/lib/pkgconfig/boundary_mapper_launcher.pc'
[19.365s] [34mcolcon.colcon_core.environment[0m [1;30mLevel 1[0m checking '/mnt/f/NITS/ANAV/main/install/boundary_mapper_launcher/lib/python3.10/site-packages'
[19.366s] [34mcolcon.colcon_core.environment[0m [1;30mLevel 1[0m checking '/mnt/f/NITS/ANAV/main/install/boundary_mapper_launcher/bin'
[19.368s] [34mcolcon.colcon_core.shell[0m [1;30mINFO[0m Creating package script '/mnt/f/NITS/ANAV/main/install/boundary_mapper_launcher/share/boundary_mapper_launcher/package.ps1'
[19.380s] [34mcolcon.colcon_core.shell[0m [1;30mINFO[0m Creating package descriptor '/mnt/f/NITS/ANAV/main/install/boundary_mapper_launcher/share/boundary_mapper_launcher/package.dsv'
[19.395s] [34mcolcon.colcon_core.shell[0m [1;30mINFO[0m Creating package script '/mnt/f/NITS/ANAV/main/install/boundary_mapper_launcher/share/boundary_mapper_launcher/package.sh'
[19.406s] [34mcolcon.colcon_core.shell[0m [1;30mINFO[0m Creating package script '/mnt/f/NITS/ANAV/main/install/boundary_mapper_launcher/share/boundary_mapper_launcher/package.bash'
[19.416s] [34mcolcon.colcon_core.shell[0m [1;30mINFO[0m Creating package script '/mnt/f/NITS/ANAV/main/install/boundary_mapper_launcher/share/boundary_mapper_launcher/package.zsh'
[19.425s] [34mcolcon.colcon_core.environment[0m [1;30mLevel 1[0m create_file_with_runtime_dependencies(/mnt/f/NITS/ANAV/main/install/boundary_mapper_launcher/share/colcon-core/packages/boundary_mapper_launcher)
[19.433s] [34mcolcon.colcon_parallel_executor.executor.parallel[0m [1;30mDEBUG[0m [32mclosing loop[0m
[19.434s] [34mcolcon.colcon_parallel_executor.executor.parallel[0m [1;30mDEBUG[0m [32mloop closed[0m
[19.434s] [34mcolcon.colcon_parallel_executor.executor.parallel[0m [1;30mDEBUG[0m [32mrun_until_complete finished with '0'[0m
[19.434s] [34mcolcon.colcon_core.event_reactor[0m [1;30mDEBUG[0m [32mjoining thread[0m
[19.536s] [34mcolcon.colcon_core.plugin_system[0m [1;30mINFO[0m Skipping extension 'colcon_notification.desktop_notification.notify_send': Could not find 'notify-send'
[19.537s] [34mcolcon.colcon_core.plugin_system[0m [1;30mINFO[0m Skipping extension 'colcon_notification.desktop_notification.terminal_notifier': Not used on non-Darwin systems
[19.537s] [34mcolcon.colcon_core.plugin_system[0m [1;30mINFO[0m Skipping extension 'colcon_notification.desktop_notification.win32': Not used on non-Windows systems
[19.537s] [34mcolcon.colcon_notification.desktop_notification[0m [1;30mINFO[0m Sending desktop notification using 'notify2'
[19.538s] [34mcolcon.colcon_notification.desktop_notification.notify2[0m [1;30mDEBUG[0m [32mFailed to initialize notify2: org.freedesktop.DBus.Error.FileNotFound: Failed to connect to socket /run/user/1000/bus: No such file or directory[0m
[19.538s] [34mcolcon.colcon_core.event_reactor[0m [1;30mDEBUG[0m [32mjoined thread[0m
[19.539s] [34mcolcon.colcon_core.shell[0m [1;30mINFO[0m Creating prefix script '/mnt/f/NITS/ANAV/main/install/local_setup.ps1'
[19.544s] [34mcolcon.colcon_core.shell[0m [1;30mINFO[0m Creating prefix util module '/mnt/f/NITS/ANAV/main/install/_local_setup_util_ps1.py'
[19.551s] [34mcolcon.colcon_core.shell[0m [1;30mINFO[0m Creating prefix chain script '/mnt/f/NITS/ANAV/main/install/setup.ps1'
[19.588s] [34mcolcon.colcon_core.shell[0m [1;30mINFO[0m Creating prefix script '/mnt/f/NITS/ANAV/main/install/local_setup.sh'
[19.592s] [34mcolcon.colcon_core.shell[0m [1;30mINFO[0m Creating prefix util module '/mnt/f/NITS/ANAV/main/install/_local_setup_util_sh.py'
[19.597s] [34mcolcon.colcon_core.shell[0m [1;30mINFO[0m Creating prefix chain script '/mnt/f/NITS/ANAV/main/install/setup.sh'
[19.633s] [34mcolcon.colcon_core.shell[0m [1;30mINFO[0m Creating prefix script '/mnt/f/NITS/ANAV/main/install/local_setup.bash'
[19.638s] [34mcolcon.colcon_core.shell[0m [1;30mINFO[0m Creating prefix chain script '/mnt/f/NITS/ANAV/main/install/setup.bash'
[19.676s] [34mcolcon.colcon_core.shell[0m [1;30mINFO[0m Creating prefix script '/mnt/f/NITS/ANAV/main/install/local_setup.zsh'
[19.681s] [34mcolcon.colcon_core.shell[0m [1;30mINFO[0m Creating prefix chain script '/mnt/f/NITS/ANAV/main/install/setup.zsh'
