[0.690s] [34mcolcon[0m [1;30mDEBUG[0m [32mCommand line arguments: ['/usr/bin/colcon', 'build', '--packages-select', 'my_robot_controller'][0m
[0.690s] [34mcolcon[0m [1;30mDEBUG[0m [32mParsed command line arguments: Namespace(log_base=None, log_level=None, verb_name='build', build_base='build', install_base='install', merge_install=False, symlink_install=False, test_result_base=None, continue_on_error=False, executor='parallel', parallel_workers=8, event_handlers=None, ignore_user_meta=False, metas=['./colcon.meta'], base_paths=['.'], packages_ignore=None, packages_ignore_regex=None, paths=None, packages_up_to=None, packages_up_to_regex=None, packages_above=None, packages_above_and_dependencies=None, packages_above_depth=None, packages_select_by_dep=None, packages_skip_by_dep=None, packages_skip_up_to=None, packages_select_build_failed=False, packages_skip_build_finished=False, packages_select_test_failures=False, packages_skip_test_passed=False, packages_select=['my_robot_controller'], packages_skip=None, packages_select_regex=None, packages_skip_regex=None, packages_start=None, packages_end=None, allow_overriding=[], cmake_args=None, cmake_target=None, cmake_target_skip_unavailable=False, cmake_clean_cache=False, cmake_clean_first=False, cmake_force_configure=False, ament_cmake_args=None, catkin_cmake_args=None, catkin_skip_building_tests=False, verb_parser=<colcon_defaults.argument_parser.defaults.DefaultArgumentsDecorator object at 0x7fad39219330>, verb_extension=<colcon_core.verb.build.BuildVerb object at 0x7fad39218e50>, main=<bound method BuildVerb.main of <colcon_core.verb.build.BuildVerb object at 0x7fad39218e50>>)[0m
[1.269s] [34mcolcon.colcon_core.package_discovery[0m [1;30mLevel 1[0m discover_packages(colcon_meta) check parameters
[1.269s] [34mcolcon.colcon_core.package_discovery[0m [1;30mLevel 1[0m discover_packages(recursive) check parameters
[1.270s] [34mcolcon.colcon_core.package_discovery[0m [1;30mLevel 1[0m discover_packages(ignore) check parameters
[1.270s] [34mcolcon.colcon_core.package_discovery[0m [1;30mLevel 1[0m discover_packages(path) check parameters
[1.270s] [34mcolcon.colcon_core.package_discovery[0m [1;30mLevel 1[0m discover_packages(colcon_meta) discover
[1.270s] [34mcolcon.colcon_core.package_discovery[0m [1;30mLevel 1[0m discover_packages(recursive) discover
[1.270s] [34mcolcon.colcon_core.package_discovery[0m [1;30mINFO[0m Crawling recursively for packages in '/mnt/f/NITS/ANAV/main'
[1.272s] [34mcolcon.colcon_core.package_identification[0m [1;30mLevel 1[0m _identify(.) by extensions ['ignore', 'ignore_ament_install']
[1.272s] [34mcolcon.colcon_core.package_identification[0m [1;30mLevel 1[0m _identify(.) by extension 'ignore'
[1.273s] [34mcolcon.colcon_core.package_identification[0m [1;30mLevel 1[0m _identify(.) by extension 'ignore_ament_install'
[1.273s] [34mcolcon.colcon_core.package_identification[0m [1;30mLevel 1[0m _identify(.) by extensions ['colcon_pkg']
[1.273s] [34mcolcon.colcon_core.package_identification[0m [1;30mLevel 1[0m _identify(.) by extension 'colcon_pkg'
[1.274s] [34mcolcon.colcon_core.package_identification[0m [1;30mLevel 1[0m _identify(.) by extensions ['colcon_meta']
[1.274s] [34mcolcon.colcon_core.package_identification[0m [1;30mLevel 1[0m _identify(.) by extension 'colcon_meta'
[1.274s] [34mcolcon.colcon_core.package_identification[0m [1;30mLevel 1[0m _identify(.) by extensions ['ros']
[1.274s] [34mcolcon.colcon_core.package_identification[0m [1;30mLevel 1[0m _identify(.) by extension 'ros'
[1.311s] [34mcolcon.colcon_core.package_identification[0m [1;30mLevel 1[0m _identify(.) by extensions ['cmake', 'python']
[1.312s] [34mcolcon.colcon_core.package_identification[0m [1;30mLevel 1[0m _identify(.) by extension 'cmake'
[1.313s] [34mcolcon.colcon_core.package_identification[0m [1;30mLevel 1[0m _identify(.) by extension 'python'
[1.313s] [34mcolcon.colcon_core.package_identification[0m [1;30mLevel 1[0m _identify(.) by extensions ['python_setup_py']
[1.314s] [34mcolcon.colcon_core.package_identification[0m [1;30mLevel 1[0m _identify(.) by extension 'python_setup_py'
[1.317s] [34mcolcon.colcon_core.package_identification[0m [1;30mLevel 1[0m _identify(ML) by extensions ['ignore', 'ignore_ament_install']
[1.318s] [34mcolcon.colcon_core.package_identification[0m [1;30mLevel 1[0m _identify(ML) by extension 'ignore'
[1.318s] [34mcolcon.colcon_core.package_identification[0m [1;30mLevel 1[0m _identify(ML) by extension 'ignore_ament_install'
[1.320s] [34mcolcon.colcon_core.package_identification[0m [1;30mLevel 1[0m _identify(ML) by extensions ['colcon_pkg']
[1.320s] [34mcolcon.colcon_core.package_identification[0m [1;30mLevel 1[0m _identify(ML) by extension 'colcon_pkg'
[1.320s] [34mcolcon.colcon_core.package_identification[0m [1;30mLevel 1[0m _identify(ML) by extensions ['colcon_meta']
[1.321s] [34mcolcon.colcon_core.package_identification[0m [1;30mLevel 1[0m _identify(ML) by extension 'colcon_meta'
[1.321s] [34mcolcon.colcon_core.package_identification[0m [1;30mLevel 1[0m _identify(ML) by extensions ['ros']
[1.322s] [34mcolcon.colcon_core.package_identification[0m [1;30mLevel 1[0m _identify(ML) by extension 'ros'
[1.324s] [34mcolcon.colcon_core.package_identification[0m [1;30mLevel 1[0m _identify(ML) by extensions ['cmake', 'python']
[1.324s] [34mcolcon.colcon_core.package_identification[0m [1;30mLevel 1[0m _identify(ML) by extension 'cmake'
[1.325s] [34mcolcon.colcon_core.package_identification[0m [1;30mLevel 1[0m _identify(ML) by extension 'python'
[1.326s] [34mcolcon.colcon_core.package_identification[0m [1;30mLevel 1[0m _identify(ML) by extensions ['python_setup_py']
[1.326s] [34mcolcon.colcon_core.package_identification[0m [1;30mLevel 1[0m _identify(ML) by extension 'python_setup_py'
[1.328s] [34mcolcon.colcon_core.package_identification[0m [1;30mLevel 1[0m _identify(build) by extensions ['ignore', 'ignore_ament_install']
[1.328s] [34mcolcon.colcon_core.package_identification[0m [1;30mLevel 1[0m _identify(build) by extension 'ignore'
[1.329s] [34mcolcon.colcon_core.package_identification[0m [1;30mLevel 1[0m _identify(build) ignored
[1.331s] [34mcolcon.colcon_core.package_identification[0m [1;30mLevel 1[0m _identify(frontend) by extensions ['ignore', 'ignore_ament_install']
[1.331s] [34mcolcon.colcon_core.package_identification[0m [1;30mLevel 1[0m _identify(frontend) by extension 'ignore'
[1.332s] [34mcolcon.colcon_core.package_identification[0m [1;30mLevel 1[0m _identify(frontend) by extension 'ignore_ament_install'
[1.334s] [34mcolcon.colcon_core.package_identification[0m [1;30mLevel 1[0m _identify(frontend) by extensions ['colcon_pkg']
[1.334s] [34mcolcon.colcon_core.package_identification[0m [1;30mLevel 1[0m _identify(frontend) by extension 'colcon_pkg'
[1.335s] [34mcolcon.colcon_core.package_identification[0m [1;30mLevel 1[0m _identify(frontend) by extensions ['colcon_meta']
[1.335s] [34mcolcon.colcon_core.package_identification[0m [1;30mLevel 1[0m _identify(frontend) by extension 'colcon_meta'
[1.335s] [34mcolcon.colcon_core.package_identification[0m [1;30mLevel 1[0m _identify(frontend) by extensions ['ros']
[1.336s] [34mcolcon.colcon_core.package_identification[0m [1;30mLevel 1[0m _identify(frontend) by extension 'ros'
[1.339s] [34mcolcon.colcon_core.package_identification[0m [1;30mLevel 1[0m _identify(frontend) by extensions ['cmake', 'python']
[1.339s] [34mcolcon.colcon_core.package_identification[0m [1;30mLevel 1[0m _identify(frontend) by extension 'cmake'
[1.340s] [34mcolcon.colcon_core.package_identification[0m [1;30mLevel 1[0m _identify(frontend) by extension 'python'
[1.340s] [34mcolcon.colcon_core.package_identification[0m [1;30mLevel 1[0m _identify(frontend) by extensions ['python_setup_py']
[1.341s] [34mcolcon.colcon_core.package_identification[0m [1;30mLevel 1[0m _identify(frontend) by extension 'python_setup_py'
[1.344s] [34mcolcon.colcon_core.package_identification[0m [1;30mLevel 1[0m _identify(frontend/static) by extensions ['ignore', 'ignore_ament_install']
[1.344s] [34mcolcon.colcon_core.package_identification[0m [1;30mLevel 1[0m _identify(frontend/static) by extension 'ignore'
[1.345s] [34mcolcon.colcon_core.package_identification[0m [1;30mLevel 1[0m _identify(frontend/static) by extension 'ignore_ament_install'
[1.347s] [34mcolcon.colcon_core.package_identification[0m [1;30mLevel 1[0m _identify(frontend/static) by extensions ['colcon_pkg']
[1.347s] [34mcolcon.colcon_core.package_identification[0m [1;30mLevel 1[0m _identify(frontend/static) by extension 'colcon_pkg'
[1.348s] [34mcolcon.colcon_core.package_identification[0m [1;30mLevel 1[0m _identify(frontend/static) by extensions ['colcon_meta']
[1.348s] [34mcolcon.colcon_core.package_identification[0m [1;30mLevel 1[0m _identify(frontend/static) by extension 'colcon_meta'
[1.349s] [34mcolcon.colcon_core.package_identification[0m [1;30mLevel 1[0m _identify(frontend/static) by extensions ['ros']
[1.349s] [34mcolcon.colcon_core.package_identification[0m [1;30mLevel 1[0m _identify(frontend/static) by extension 'ros'
[1.353s] [34mcolcon.colcon_core.package_identification[0m [1;30mLevel 1[0m _identify(frontend/static) by extensions ['cmake', 'python']
[1.354s] [34mcolcon.colcon_core.package_identification[0m [1;30mLevel 1[0m _identify(frontend/static) by extension 'cmake'
[1.355s] [34mcolcon.colcon_core.package_identification[0m [1;30mLevel 1[0m _identify(frontend/static) by extension 'python'
[1.356s] [34mcolcon.colcon_core.package_identification[0m [1;30mLevel 1[0m _identify(frontend/static) by extensions ['python_setup_py']
[1.356s] [34mcolcon.colcon_core.package_identification[0m [1;30mLevel 1[0m _identify(frontend/static) by extension 'python_setup_py'
[1.362s] [34mcolcon.colcon_core.package_identification[0m [1;30mLevel 1[0m _identify(frontend/static/src) by extensions ['ignore', 'ignore_ament_install']
[1.362s] [34mcolcon.colcon_core.package_identification[0m [1;30mLevel 1[0m _identify(frontend/static/src) by extension 'ignore'
[1.363s] [34mcolcon.colcon_core.package_identification[0m [1;30mLevel 1[0m _identify(frontend/static/src) by extension 'ignore_ament_install'
[1.365s] [34mcolcon.colcon_core.package_identification[0m [1;30mLevel 1[0m _identify(frontend/static/src) by extensions ['colcon_pkg']
[1.365s] [34mcolcon.colcon_core.package_identification[0m [1;30mLevel 1[0m _identify(frontend/static/src) by extension 'colcon_pkg'
[1.367s] [34mcolcon.colcon_core.package_identification[0m [1;30mLevel 1[0m _identify(frontend/static/src) by extensions ['colcon_meta']
[1.367s] [34mcolcon.colcon_core.package_identification[0m [1;30mLevel 1[0m _identify(frontend/static/src) by extension 'colcon_meta'
[1.369s] [34mcolcon.colcon_core.package_identification[0m [1;30mLevel 1[0m _identify(frontend/static/src) by extensions ['ros']
[1.369s] [34mcolcon.colcon_core.package_identification[0m [1;30mLevel 1[0m _identify(frontend/static/src) by extension 'ros'
[1.375s] [34mcolcon.colcon_core.package_identification[0m [1;30mLevel 1[0m _identify(frontend/static/src) by extensions ['cmake', 'python']
[1.375s] [34mcolcon.colcon_core.package_identification[0m [1;30mLevel 1[0m _identify(frontend/static/src) by extension 'cmake'
[1.377s] [34mcolcon.colcon_core.package_identification[0m [1;30mLevel 1[0m _identify(frontend/static/src) by extension 'python'
[1.378s] [34mcolcon.colcon_core.package_identification[0m [1;30mLevel 1[0m _identify(frontend/static/src) by extensions ['python_setup_py']
[1.378s] [34mcolcon.colcon_core.package_identification[0m [1;30mLevel 1[0m _identify(frontend/static/src) by extension 'python_setup_py'
[1.381s] [34mcolcon.colcon_core.package_identification[0m [1;30mLevel 1[0m _identify(install) by extensions ['ignore', 'ignore_ament_install']
[1.382s] [34mcolcon.colcon_core.package_identification[0m [1;30mLevel 1[0m _identify(install) by extension 'ignore'
[1.382s] [34mcolcon.colcon_core.package_identification[0m [1;30mLevel 1[0m _identify(install) ignored
[1.385s] [34mcolcon.colcon_core.package_identification[0m [1;30mLevel 1[0m _identify(log) by extensions ['ignore', 'ignore_ament_install']
[1.385s] [34mcolcon.colcon_core.package_identification[0m [1;30mLevel 1[0m _identify(log) by extension 'ignore'
[1.386s] [34mcolcon.colcon_core.package_identification[0m [1;30mLevel 1[0m _identify(log) ignored
[1.388s] [34mcolcon.colcon_core.package_identification[0m [1;30mLevel 1[0m _identify(node_modules) by extensions ['ignore', 'ignore_ament_install']
[1.388s] [34mcolcon.colcon_core.package_identification[0m [1;30mLevel 1[0m _identify(node_modules) by extension 'ignore'
[1.389s] [34mcolcon.colcon_core.package_identification[0m [1;30mLevel 1[0m _identify(node_modules) by extension 'ignore_ament_install'
[1.390s] [34mcolcon.colcon_core.package_identification[0m [1;30mLevel 1[0m _identify(node_modules) by extensions ['colcon_pkg']
[1.390s] [34mcolcon.colcon_core.package_identification[0m [1;30mLevel 1[0m _identify(node_modules) by extension 'colcon_pkg'
[1.390s] [34mcolcon.colcon_core.package_identification[0m [1;30mLevel 1[0m _identify(node_modules) by extensions ['colcon_meta']
[1.391s] [34mcolcon.colcon_core.package_identification[0m [1;30mLevel 1[0m _identify(node_modules) by extension 'colcon_meta'
[1.391s] [34mcolcon.colcon_core.package_identification[0m [1;30mLevel 1[0m _identify(node_modules) by extensions ['ros']
[1.391s] [34mcolcon.colcon_core.package_identification[0m [1;30mLevel 1[0m _identify(node_modules) by extension 'ros'
[1.394s] [34mcolcon.colcon_core.package_identification[0m [1;30mLevel 1[0m _identify(node_modules) by extensions ['cmake', 'python']
[1.394s] [34mcolcon.colcon_core.package_identification[0m [1;30mLevel 1[0m _identify(node_modules) by extension 'cmake'
[1.395s] [34mcolcon.colcon_core.package_identification[0m [1;30mLevel 1[0m _identify(node_modules) by extension 'python'
[1.395s] [34mcolcon.colcon_core.package_identification[0m [1;30mLevel 1[0m _identify(node_modules) by extensions ['python_setup_py']
[1.395s] [34mcolcon.colcon_core.package_identification[0m [1;30mLevel 1[0m _identify(node_modules) by extension 'python_setup_py'
[1.399s] [34mcolcon.colcon_core.package_identification[0m [1;30mLevel 1[0m _identify(node_modules/@parcel) by extensions ['ignore', 'ignore_ament_install']
[1.399s] [34mcolcon.colcon_core.package_identification[0m [1;30mLevel 1[0m _identify(node_modules/@parcel) by extension 'ignore'
[1.400s] [34mcolcon.colcon_core.package_identification[0m [1;30mLevel 1[0m _identify(node_modules/@parcel) by extension 'ignore_ament_install'
[1.401s] [34mcolcon.colcon_core.package_identification[0m [1;30mLevel 1[0m _identify(node_modules/@parcel) by extensions ['colcon_pkg']
[1.401s] [34mcolcon.colcon_core.package_identification[0m [1;30mLevel 1[0m _identify(node_modules/@parcel) by extension 'colcon_pkg'
[1.402s] [34mcolcon.colcon_core.package_identification[0m [1;30mLevel 1[0m _identify(node_modules/@parcel) by extensions ['colcon_meta']
[1.403s] [34mcolcon.colcon_core.package_identification[0m [1;30mLevel 1[0m _identify(node_modules/@parcel) by extension 'colcon_meta'
[1.404s] [34mcolcon.colcon_core.package_identification[0m [1;30mLevel 1[0m _identify(node_modules/@parcel) by extensions ['ros']
[1.404s] [34mcolcon.colcon_core.package_identification[0m [1;30mLevel 1[0m _identify(node_modules/@parcel) by extension 'ros'
[1.408s] [34mcolcon.colcon_core.package_identification[0m [1;30mLevel 1[0m _identify(node_modules/@parcel) by extensions ['cmake', 'python']
[1.408s] [34mcolcon.colcon_core.package_identification[0m [1;30mLevel 1[0m _identify(node_modules/@parcel) by extension 'cmake'
[1.409s] [34mcolcon.colcon_core.package_identification[0m [1;30mLevel 1[0m _identify(node_modules/@parcel) by extension 'python'
[1.410s] [34mcolcon.colcon_core.package_identification[0m [1;30mLevel 1[0m _identify(node_modules/@parcel) by extensions ['python_setup_py']
[1.410s] [34mcolcon.colcon_core.package_identification[0m [1;30mLevel 1[0m _identify(node_modules/@parcel) by extension 'python_setup_py'
[1.415s] [34mcolcon.colcon_core.package_identification[0m [1;30mLevel 1[0m _identify(node_modules/@parcel/watcher) by extensions ['ignore', 'ignore_ament_install']
[1.416s] [34mcolcon.colcon_core.package_identification[0m [1;30mLevel 1[0m _identify(node_modules/@parcel/watcher) by extension 'ignore'
[1.417s] [34mcolcon.colcon_core.package_identification[0m [1;30mLevel 1[0m _identify(node_modules/@parcel/watcher) by extension 'ignore_ament_install'
[1.419s] [34mcolcon.colcon_core.package_identification[0m [1;30mLevel 1[0m _identify(node_modules/@parcel/watcher) by extensions ['colcon_pkg']
[1.419s] [34mcolcon.colcon_core.package_identification[0m [1;30mLevel 1[0m _identify(node_modules/@parcel/watcher) by extension 'colcon_pkg'
[1.420s] [34mcolcon.colcon_core.package_identification[0m [1;30mLevel 1[0m _identify(node_modules/@parcel/watcher) by extensions ['colcon_meta']
[1.421s] [34mcolcon.colcon_core.package_identification[0m [1;30mLevel 1[0m _identify(node_modules/@parcel/watcher) by extension 'colcon_meta'
[1.423s] [34mcolcon.colcon_core.package_identification[0m [1;30mLevel 1[0m _identify(node_modules/@parcel/watcher) by extensions ['ros']
[1.423s] [34mcolcon.colcon_core.package_identification[0m [1;30mLevel 1[0m _identify(node_modules/@parcel/watcher) by extension 'ros'
[1.429s] [34mcolcon.colcon_core.package_identification[0m [1;30mLevel 1[0m _identify(node_modules/@parcel/watcher) by extensions ['cmake', 'python']
[1.429s] [34mcolcon.colcon_core.package_identification[0m [1;30mLevel 1[0m _identify(node_modules/@parcel/watcher) by extension 'cmake'
[1.430s] [34mcolcon.colcon_core.package_identification[0m [1;30mLevel 1[0m _identify(node_modules/@parcel/watcher) by extension 'python'
[1.431s] [34mcolcon.colcon_core.package_identification[0m [1;30mLevel 1[0m _identify(node_modules/@parcel/watcher) by extensions ['python_setup_py']
[1.432s] [34mcolcon.colcon_core.package_identification[0m [1;30mLevel 1[0m _identify(node_modules/@parcel/watcher) by extension 'python_setup_py'
[1.438s] [34mcolcon.colcon_core.package_identification[0m [1;30mLevel 1[0m _identify(node_modules/@parcel/watcher/scripts) by extensions ['ignore', 'ignore_ament_install']
[1.438s] [34mcolcon.colcon_core.package_identification[0m [1;30mLevel 1[0m _identify(node_modules/@parcel/watcher/scripts) by extension 'ignore'
[1.440s] [34mcolcon.colcon_core.package_identification[0m [1;30mLevel 1[0m _identify(node_modules/@parcel/watcher/scripts) by extension 'ignore_ament_install'
[1.443s] [34mcolcon.colcon_core.package_identification[0m [1;30mLevel 1[0m _identify(node_modules/@parcel/watcher/scripts) by extensions ['colcon_pkg']
[1.443s] [34mcolcon.colcon_core.package_identification[0m [1;30mLevel 1[0m _identify(node_modules/@parcel/watcher/scripts) by extension 'colcon_pkg'
[1.445s] [34mcolcon.colcon_core.package_identification[0m [1;30mLevel 1[0m _identify(node_modules/@parcel/watcher/scripts) by extensions ['colcon_meta']
[1.445s] [34mcolcon.colcon_core.package_identification[0m [1;30mLevel 1[0m _identify(node_modules/@parcel/watcher/scripts) by extension 'colcon_meta'
[1.448s] [34mcolcon.colcon_core.package_identification[0m [1;30mLevel 1[0m _identify(node_modules/@parcel/watcher/scripts) by extensions ['ros']
[1.449s] [34mcolcon.colcon_core.package_identification[0m [1;30mLevel 1[0m _identify(node_modules/@parcel/watcher/scripts) by extension 'ros'
[1.456s] [34mcolcon.colcon_core.package_identification[0m [1;30mLevel 1[0m _identify(node_modules/@parcel/watcher/scripts) by extensions ['cmake', 'python']
[1.456s] [34mcolcon.colcon_core.package_identification[0m [1;30mLevel 1[0m _identify(node_modules/@parcel/watcher/scripts) by extension 'cmake'
[1.457s] [34mcolcon.colcon_core.package_identification[0m [1;30mLevel 1[0m _identify(node_modules/@parcel/watcher/scripts) by extension 'python'
[1.459s] [34mcolcon.colcon_core.package_identification[0m [1;30mLevel 1[0m _identify(node_modules/@parcel/watcher/scripts) by extensions ['python_setup_py']
[1.459s] [34mcolcon.colcon_core.package_identification[0m [1;30mLevel 1[0m _identify(node_modules/@parcel/watcher/scripts) by extension 'python_setup_py'
[1.466s] [34mcolcon.colcon_core.package_identification[0m [1;30mLevel 1[0m _identify(node_modules/@parcel/watcher/src) by extensions ['ignore', 'ignore_ament_install']
[1.466s] [34mcolcon.colcon_core.package_identification[0m [1;30mLevel 1[0m _identify(node_modules/@parcel/watcher/src) by extension 'ignore'
[1.468s] [34mcolcon.colcon_core.package_identification[0m [1;30mLevel 1[0m _identify(node_modules/@parcel/watcher/src) by extension 'ignore_ament_install'
[1.472s] [34mcolcon.colcon_core.package_identification[0m [1;30mLevel 1[0m _identify(node_modules/@parcel/watcher/src) by extensions ['colcon_pkg']
[1.472s] [34mcolcon.colcon_core.package_identification[0m [1;30mLevel 1[0m _identify(node_modules/@parcel/watcher/src) by extension 'colcon_pkg'
[1.474s] [34mcolcon.colcon_core.package_identification[0m [1;30mLevel 1[0m _identify(node_modules/@parcel/watcher/src) by extensions ['colcon_meta']
[1.474s] [34mcolcon.colcon_core.package_identification[0m [1;30mLevel 1[0m _identify(node_modules/@parcel/watcher/src) by extension 'colcon_meta'
[1.478s] [34mcolcon.colcon_core.package_identification[0m [1;30mLevel 1[0m _identify(node_modules/@parcel/watcher/src) by extensions ['ros']
[1.478s] [34mcolcon.colcon_core.package_identification[0m [1;30mLevel 1[0m _identify(node_modules/@parcel/watcher/src) by extension 'ros'
[1.484s] [34mcolcon.colcon_core.package_identification[0m [1;30mLevel 1[0m _identify(node_modules/@parcel/watcher/src) by extensions ['cmake', 'python']
[1.485s] [34mcolcon.colcon_core.package_identification[0m [1;30mLevel 1[0m _identify(node_modules/@parcel/watcher/src) by extension 'cmake'
[1.486s] [34mcolcon.colcon_core.package_identification[0m [1;30mLevel 1[0m _identify(node_modules/@parcel/watcher/src) by extension 'python'
[1.488s] [34mcolcon.colcon_core.package_identification[0m [1;30mLevel 1[0m _identify(node_modules/@parcel/watcher/src) by extensions ['python_setup_py']
[1.488s] [34mcolcon.colcon_core.package_identification[0m [1;30mLevel 1[0m _identify(node_modules/@parcel/watcher/src) by extension 'python_setup_py'
[1.499s] [34mcolcon.colcon_core.package_identification[0m [1;30mLevel 1[0m _identify(node_modules/@parcel/watcher/src/kqueue) by extensions ['ignore', 'ignore_ament_install']
[1.499s] [34mcolcon.colcon_core.package_identification[0m [1;30mLevel 1[0m _identify(node_modules/@parcel/watcher/src/kqueue) by extension 'ignore'
[1.501s] [34mcolcon.colcon_core.package_identification[0m [1;30mLevel 1[0m _identify(node_modules/@parcel/watcher/src/kqueue) by extension 'ignore_ament_install'
[1.505s] [34mcolcon.colcon_core.package_identification[0m [1;30mLevel 1[0m _identify(node_modules/@parcel/watcher/src/kqueue) by extensions ['colcon_pkg']
[1.506s] [34mcolcon.colcon_core.package_identification[0m [1;30mLevel 1[0m _identify(node_modules/@parcel/watcher/src/kqueue) by extension 'colcon_pkg'
[1.507s] [34mcolcon.colcon_core.package_identification[0m [1;30mLevel 1[0m _identify(node_modules/@parcel/watcher/src/kqueue) by extensions ['colcon_meta']
[1.508s] [34mcolcon.colcon_core.package_identification[0m [1;30mLevel 1[0m _identify(node_modules/@parcel/watcher/src/kqueue) by extension 'colcon_meta'
[1.513s] [34mcolcon.colcon_core.package_identification[0m [1;30mLevel 1[0m _identify(node_modules/@parcel/watcher/src/kqueue) by extensions ['ros']
[1.513s] [34mcolcon.colcon_core.package_identification[0m [1;30mLevel 1[0m _identify(node_modules/@parcel/watcher/src/kqueue) by extension 'ros'
[1.522s] [34mcolcon.colcon_core.package_identification[0m [1;30mLevel 1[0m _identify(node_modules/@parcel/watcher/src/kqueue) by extensions ['cmake', 'python']
[1.522s] [34mcolcon.colcon_core.package_identification[0m [1;30mLevel 1[0m _identify(node_modules/@parcel/watcher/src/kqueue) by extension 'cmake'
[1.524s] [34mcolcon.colcon_core.package_identification[0m [1;30mLevel 1[0m _identify(node_modules/@parcel/watcher/src/kqueue) by extension 'python'
[1.526s] [34mcolcon.colcon_core.package_identification[0m [1;30mLevel 1[0m _identify(node_modules/@parcel/watcher/src/kqueue) by extensions ['python_setup_py']
[1.526s] [34mcolcon.colcon_core.package_identification[0m [1;30mLevel 1[0m _identify(node_modules/@parcel/watcher/src/kqueue) by extension 'python_setup_py'
[1.535s] [34mcolcon.colcon_core.package_identification[0m [1;30mLevel 1[0m _identify(node_modules/@parcel/watcher/src/linux) by extensions ['ignore', 'ignore_ament_install']
[1.536s] [34mcolcon.colcon_core.package_identification[0m [1;30mLevel 1[0m _identify(node_modules/@parcel/watcher/src/linux) by extension 'ignore'
[1.537s] [34mcolcon.colcon_core.package_identification[0m [1;30mLevel 1[0m _identify(node_modules/@parcel/watcher/src/linux) by extension 'ignore_ament_install'
[1.541s] [34mcolcon.colcon_core.package_identification[0m [1;30mLevel 1[0m _identify(node_modules/@parcel/watcher/src/linux) by extensions ['colcon_pkg']
[1.541s] [34mcolcon.colcon_core.package_identification[0m [1;30mLevel 1[0m _identify(node_modules/@parcel/watcher/src/linux) by extension 'colcon_pkg'
[1.543s] [34mcolcon.colcon_core.package_identification[0m [1;30mLevel 1[0m _identify(node_modules/@parcel/watcher/src/linux) by extensions ['colcon_meta']
[1.543s] [34mcolcon.colcon_core.package_identification[0m [1;30mLevel 1[0m _identify(node_modules/@parcel/watcher/src/linux) by extension 'colcon_meta'
[1.549s] [34mcolcon.colcon_core.package_identification[0m [1;30mLevel 1[0m _identify(node_modules/@parcel/watcher/src/linux) by extensions ['ros']
[1.549s] [34mcolcon.colcon_core.package_identification[0m [1;30mLevel 1[0m _identify(node_modules/@parcel/watcher/src/linux) by extension 'ros'
[1.558s] [34mcolcon.colcon_core.package_identification[0m [1;30mLevel 1[0m _identify(node_modules/@parcel/watcher/src/linux) by extensions ['cmake', 'python']
[1.558s] [34mcolcon.colcon_core.package_identification[0m [1;30mLevel 1[0m _identify(node_modules/@parcel/watcher/src/linux) by extension 'cmake'
[1.560s] [34mcolcon.colcon_core.package_identification[0m [1;30mLevel 1[0m _identify(node_modules/@parcel/watcher/src/linux) by extension 'python'
[1.562s] [34mcolcon.colcon_core.package_identification[0m [1;30mLevel 1[0m _identify(node_modules/@parcel/watcher/src/linux) by extensions ['python_setup_py']
[1.562s] [34mcolcon.colcon_core.package_identification[0m [1;30mLevel 1[0m _identify(node_modules/@parcel/watcher/src/linux) by extension 'python_setup_py'
[1.571s] [34mcolcon.colcon_core.package_identification[0m [1;30mLevel 1[0m _identify(node_modules/@parcel/watcher/src/macos) by extensions ['ignore', 'ignore_ament_install']
[1.571s] [34mcolcon.colcon_core.package_identification[0m [1;30mLevel 1[0m _identify(node_modules/@parcel/watcher/src/macos) by extension 'ignore'
[1.573s] [34mcolcon.colcon_core.package_identification[0m [1;30mLevel 1[0m _identify(node_modules/@parcel/watcher/src/macos) by extension 'ignore_ament_install'
[1.578s] [34mcolcon.colcon_core.package_identification[0m [1;30mLevel 1[0m _identify(node_modules/@parcel/watcher/src/macos) by extensions ['colcon_pkg']
[1.578s] [34mcolcon.colcon_core.package_identification[0m [1;30mLevel 1[0m _identify(node_modules/@parcel/watcher/src/macos) by extension 'colcon_pkg'
[1.580s] [34mcolcon.colcon_core.package_identification[0m [1;30mLevel 1[0m _identify(node_modules/@parcel/watcher/src/macos) by extensions ['colcon_meta']
[1.580s] [34mcolcon.colcon_core.package_identification[0m [1;30mLevel 1[0m _identify(node_modules/@parcel/watcher/src/macos) by extension 'colcon_meta'
[1.585s] [34mcolcon.colcon_core.package_identification[0m [1;30mLevel 1[0m _identify(node_modules/@parcel/watcher/src/macos) by extensions ['ros']
[1.585s] [34mcolcon.colcon_core.package_identification[0m [1;30mLevel 1[0m _identify(node_modules/@parcel/watcher/src/macos) by extension 'ros'
[1.594s] [34mcolcon.colcon_core.package_identification[0m [1;30mLevel 1[0m _identify(node_modules/@parcel/watcher/src/macos) by extensions ['cmake', 'python']
[1.594s] [34mcolcon.colcon_core.package_identification[0m [1;30mLevel 1[0m _identify(node_modules/@parcel/watcher/src/macos) by extension 'cmake'
[1.596s] [34mcolcon.colcon_core.package_identification[0m [1;30mLevel 1[0m _identify(node_modules/@parcel/watcher/src/macos) by extension 'python'
[1.598s] [34mcolcon.colcon_core.package_identification[0m [1;30mLevel 1[0m _identify(node_modules/@parcel/watcher/src/macos) by extensions ['python_setup_py']
[1.598s] [34mcolcon.colcon_core.package_identification[0m [1;30mLevel 1[0m _identify(node_modules/@parcel/watcher/src/macos) by extension 'python_setup_py'
[1.608s] [34mcolcon.colcon_core.package_identification[0m [1;30mLevel 1[0m _identify(node_modules/@parcel/watcher/src/shared) by extensions ['ignore', 'ignore_ament_install']
[1.608s] [34mcolcon.colcon_core.package_identification[0m [1;30mLevel 1[0m _identify(node_modules/@parcel/watcher/src/shared) by extension 'ignore'
[1.610s] [34mcolcon.colcon_core.package_identification[0m [1;30mLevel 1[0m _identify(node_modules/@parcel/watcher/src/shared) by extension 'ignore_ament_install'
[1.614s] [34mcolcon.colcon_core.package_identification[0m [1;30mLevel 1[0m _identify(node_modules/@parcel/watcher/src/shared) by extensions ['colcon_pkg']
[1.614s] [34mcolcon.colcon_core.package_identification[0m [1;30mLevel 1[0m _identify(node_modules/@parcel/watcher/src/shared) by extension 'colcon_pkg'
[1.616s] [34mcolcon.colcon_core.package_identification[0m [1;30mLevel 1[0m _identify(node_modules/@parcel/watcher/src/shared) by extensions ['colcon_meta']
[1.616s] [34mcolcon.colcon_core.package_identification[0m [1;30mLevel 1[0m _identify(node_modules/@parcel/watcher/src/shared) by extension 'colcon_meta'
[1.621s] [34mcolcon.colcon_core.package_identification[0m [1;30mLevel 1[0m _identify(node_modules/@parcel/watcher/src/shared) by extensions ['ros']
[1.621s] [34mcolcon.colcon_core.package_identification[0m [1;30mLevel 1[0m _identify(node_modules/@parcel/watcher/src/shared) by extension 'ros'
[1.630s] [34mcolcon.colcon_core.package_identification[0m [1;30mLevel 1[0m _identify(node_modules/@parcel/watcher/src/shared) by extensions ['cmake', 'python']
[1.630s] [34mcolcon.colcon_core.package_identification[0m [1;30mLevel 1[0m _identify(node_modules/@parcel/watcher/src/shared) by extension 'cmake'
[1.632s] [34mcolcon.colcon_core.package_identification[0m [1;30mLevel 1[0m _identify(node_modules/@parcel/watcher/src/shared) by extension 'python'
[1.634s] [34mcolcon.colcon_core.package_identification[0m [1;30mLevel 1[0m _identify(node_modules/@parcel/watcher/src/shared) by extensions ['python_setup_py']
[1.634s] [34mcolcon.colcon_core.package_identification[0m [1;30mLevel 1[0m _identify(node_modules/@parcel/watcher/src/shared) by extension 'python_setup_py'
[1.644s] [34mcolcon.colcon_core.package_identification[0m [1;30mLevel 1[0m _identify(node_modules/@parcel/watcher/src/unix) by extensions ['ignore', 'ignore_ament_install']
[1.644s] [34mcolcon.colcon_core.package_identification[0m [1;30mLevel 1[0m _identify(node_modules/@parcel/watcher/src/unix) by extension 'ignore'
[1.646s] [34mcolcon.colcon_core.package_identification[0m [1;30mLevel 1[0m _identify(node_modules/@parcel/watcher/src/unix) by extension 'ignore_ament_install'
[1.649s] [34mcolcon.colcon_core.package_identification[0m [1;30mLevel 1[0m _identify(node_modules/@parcel/watcher/src/unix) by extensions ['colcon_pkg']
[1.650s] [34mcolcon.colcon_core.package_identification[0m [1;30mLevel 1[0m _identify(node_modules/@parcel/watcher/src/unix) by extension 'colcon_pkg'
[1.651s] [34mcolcon.colcon_core.package_identification[0m [1;30mLevel 1[0m _identify(node_modules/@parcel/watcher/src/unix) by extensions ['colcon_meta']
[1.652s] [34mcolcon.colcon_core.package_identification[0m [1;30mLevel 1[0m _identify(node_modules/@parcel/watcher/src/unix) by extension 'colcon_meta'
[1.657s] [34mcolcon.colcon_core.package_identification[0m [1;30mLevel 1[0m _identify(node_modules/@parcel/watcher/src/unix) by extensions ['ros']
[1.658s] [34mcolcon.colcon_core.package_identification[0m [1;30mLevel 1[0m _identify(node_modules/@parcel/watcher/src/unix) by extension 'ros'
[1.666s] [34mcolcon.colcon_core.package_identification[0m [1;30mLevel 1[0m _identify(node_modules/@parcel/watcher/src/unix) by extensions ['cmake', 'python']
[1.666s] [34mcolcon.colcon_core.package_identification[0m [1;30mLevel 1[0m _identify(node_modules/@parcel/watcher/src/unix) by extension 'cmake'
[1.668s] [34mcolcon.colcon_core.package_identification[0m [1;30mLevel 1[0m _identify(node_modules/@parcel/watcher/src/unix) by extension 'python'
[1.670s] [34mcolcon.colcon_core.package_identification[0m [1;30mLevel 1[0m _identify(node_modules/@parcel/watcher/src/unix) by extensions ['python_setup_py']
[1.670s] [34mcolcon.colcon_core.package_identification[0m [1;30mLevel 1[0m _identify(node_modules/@parcel/watcher/src/unix) by extension 'python_setup_py'
[1.680s] [34mcolcon.colcon_core.package_identification[0m [1;30mLevel 1[0m _identify(node_modules/@parcel/watcher/src/wasm) by extensions ['ignore', 'ignore_ament_install']
[1.680s] [34mcolcon.colcon_core.package_identification[0m [1;30mLevel 1[0m _identify(node_modules/@parcel/watcher/src/wasm) by extension 'ignore'
[1.682s] [34mcolcon.colcon_core.package_identification[0m [1;30mLevel 1[0m _identify(node_modules/@parcel/watcher/src/wasm) by extension 'ignore_ament_install'
[1.687s] [34mcolcon.colcon_core.package_identification[0m [1;30mLevel 1[0m _identify(node_modules/@parcel/watcher/src/wasm) by extensions ['colcon_pkg']
[1.687s] [34mcolcon.colcon_core.package_identification[0m [1;30mLevel 1[0m _identify(node_modules/@parcel/watcher/src/wasm) by extension 'colcon_pkg'
[1.689s] [34mcolcon.colcon_core.package_identification[0m [1;30mLevel 1[0m _identify(node_modules/@parcel/watcher/src/wasm) by extensions ['colcon_meta']
[1.690s] [34mcolcon.colcon_core.package_identification[0m [1;30mLevel 1[0m _identify(node_modules/@parcel/watcher/src/wasm) by extension 'colcon_meta'
[1.696s] [34mcolcon.colcon_core.package_identification[0m [1;30mLevel 1[0m _identify(node_modules/@parcel/watcher/src/wasm) by extensions ['ros']
[1.697s] [34mcolcon.colcon_core.package_identification[0m [1;30mLevel 1[0m _identify(node_modules/@parcel/watcher/src/wasm) by extension 'ros'
[1.708s] [34mcolcon.colcon_core.package_identification[0m [1;30mLevel 1[0m _identify(node_modules/@parcel/watcher/src/wasm) by extensions ['cmake', 'python']
[1.708s] [34mcolcon.colcon_core.package_identification[0m [1;30mLevel 1[0m _identify(node_modules/@parcel/watcher/src/wasm) by extension 'cmake'
[1.710s] [34mcolcon.colcon_core.package_identification[0m [1;30mLevel 1[0m _identify(node_modules/@parcel/watcher/src/wasm) by extension 'python'
[1.712s] [34mcolcon.colcon_core.package_identification[0m [1;30mLevel 1[0m _identify(node_modules/@parcel/watcher/src/wasm) by extensions ['python_setup_py']
[1.713s] [34mcolcon.colcon_core.package_identification[0m [1;30mLevel 1[0m _identify(node_modules/@parcel/watcher/src/wasm) by extension 'python_setup_py'
[1.724s] [34mcolcon.colcon_core.package_identification[0m [1;30mLevel 1[0m _identify(node_modules/@parcel/watcher/src/watchman) by extensions ['ignore', 'ignore_ament_install']
[1.725s] [34mcolcon.colcon_core.package_identification[0m [1;30mLevel 1[0m _identify(node_modules/@parcel/watcher/src/watchman) by extension 'ignore'
[1.727s] [34mcolcon.colcon_core.package_identification[0m [1;30mLevel 1[0m _identify(node_modules/@parcel/watcher/src/watchman) by extension 'ignore_ament_install'
[1.731s] [34mcolcon.colcon_core.package_identification[0m [1;30mLevel 1[0m _identify(node_modules/@parcel/watcher/src/watchman) by extensions ['colcon_pkg']
[1.732s] [34mcolcon.colcon_core.package_identification[0m [1;30mLevel 1[0m _identify(node_modules/@parcel/watcher/src/watchman) by extension 'colcon_pkg'
[1.734s] [34mcolcon.colcon_core.package_identification[0m [1;30mLevel 1[0m _identify(node_modules/@parcel/watcher/src/watchman) by extensions ['colcon_meta']
[1.734s] [34mcolcon.colcon_core.package_identification[0m [1;30mLevel 1[0m _identify(node_modules/@parcel/watcher/src/watchman) by extension 'colcon_meta'
[1.741s] [34mcolcon.colcon_core.package_identification[0m [1;30mLevel 1[0m _identify(node_modules/@parcel/watcher/src/watchman) by extensions ['ros']
[1.741s] [34mcolcon.colcon_core.package_identification[0m [1;30mLevel 1[0m _identify(node_modules/@parcel/watcher/src/watchman) by extension 'ros'
[1.752s] [34mcolcon.colcon_core.package_identification[0m [1;30mLevel 1[0m _identify(node_modules/@parcel/watcher/src/watchman) by extensions ['cmake', 'python']
[1.752s] [34mcolcon.colcon_core.package_identification[0m [1;30mLevel 1[0m _identify(node_modules/@parcel/watcher/src/watchman) by extension 'cmake'
[1.754s] [34mcolcon.colcon_core.package_identification[0m [1;30mLevel 1[0m _identify(node_modules/@parcel/watcher/src/watchman) by extension 'python'
[1.756s] [34mcolcon.colcon_core.package_identification[0m [1;30mLevel 1[0m _identify(node_modules/@parcel/watcher/src/watchman) by extensions ['python_setup_py']
[1.757s] [34mcolcon.colcon_core.package_identification[0m [1;30mLevel 1[0m _identify(node_modules/@parcel/watcher/src/watchman) by extension 'python_setup_py'
[1.769s] [34mcolcon.colcon_core.package_identification[0m [1;30mLevel 1[0m _identify(node_modules/@parcel/watcher/src/windows) by extensions ['ignore', 'ignore_ament_install']
[1.769s] [34mcolcon.colcon_core.package_identification[0m [1;30mLevel 1[0m _identify(node_modules/@parcel/watcher/src/windows) by extension 'ignore'
[1.771s] [34mcolcon.colcon_core.package_identification[0m [1;30mLevel 1[0m _identify(node_modules/@parcel/watcher/src/windows) by extension 'ignore_ament_install'
[1.776s] [34mcolcon.colcon_core.package_identification[0m [1;30mLevel 1[0m _identify(node_modules/@parcel/watcher/src/windows) by extensions ['colcon_pkg']
[1.776s] [34mcolcon.colcon_core.package_identification[0m [1;30mLevel 1[0m _identify(node_modules/@parcel/watcher/src/windows) by extension 'colcon_pkg'
[1.778s] [34mcolcon.colcon_core.package_identification[0m [1;30mLevel 1[0m _identify(node_modules/@parcel/watcher/src/windows) by extensions ['colcon_meta']
[1.778s] [34mcolcon.colcon_core.package_identification[0m [1;30mLevel 1[0m _identify(node_modules/@parcel/watcher/src/windows) by extension 'colcon_meta'
[1.785s] [34mcolcon.colcon_core.package_identification[0m [1;30mLevel 1[0m _identify(node_modules/@parcel/watcher/src/windows) by extensions ['ros']
[1.785s] [34mcolcon.colcon_core.package_identification[0m [1;30mLevel 1[0m _identify(node_modules/@parcel/watcher/src/windows) by extension 'ros'
[1.795s] [34mcolcon.colcon_core.package_identification[0m [1;30mLevel 1[0m _identify(node_modules/@parcel/watcher/src/windows) by extensions ['cmake', 'python']
[1.795s] [34mcolcon.colcon_core.package_identification[0m [1;30mLevel 1[0m _identify(node_modules/@parcel/watcher/src/windows) by extension 'cmake'
[1.797s] [34mcolcon.colcon_core.package_identification[0m [1;30mLevel 1[0m _identify(node_modules/@parcel/watcher/src/windows) by extension 'python'
[1.800s] [34mcolcon.colcon_core.package_identification[0m [1;30mLevel 1[0m _identify(node_modules/@parcel/watcher/src/windows) by extensions ['python_setup_py']
[1.800s] [34mcolcon.colcon_core.package_identification[0m [1;30mLevel 1[0m _identify(node_modules/@parcel/watcher/src/windows) by extension 'python_setup_py'
[1.808s] [34mcolcon.colcon_core.package_identification[0m [1;30mLevel 1[0m _identify(node_modules/@parcel/watcher-win32-x64) by extensions ['ignore', 'ignore_ament_install']
[1.808s] [34mcolcon.colcon_core.package_identification[0m [1;30mLevel 1[0m _identify(node_modules/@parcel/watcher-win32-x64) by extension 'ignore'
[1.810s] [34mcolcon.colcon_core.package_identification[0m [1;30mLevel 1[0m _identify(node_modules/@parcel/watcher-win32-x64) by extension 'ignore_ament_install'
[1.813s] [34mcolcon.colcon_core.package_identification[0m [1;30mLevel 1[0m _identify(node_modules/@parcel/watcher-win32-x64) by extensions ['colcon_pkg']
[1.813s] [34mcolcon.colcon_core.package_identification[0m [1;30mLevel 1[0m _identify(node_modules/@parcel/watcher-win32-x64) by extension 'colcon_pkg'
[1.815s] [34mcolcon.colcon_core.package_identification[0m [1;30mLevel 1[0m _identify(node_modules/@parcel/watcher-win32-x64) by extensions ['colcon_meta']
[1.815s] [34mcolcon.colcon_core.package_identification[0m [1;30mLevel 1[0m _identify(node_modules/@parcel/watcher-win32-x64) by extension 'colcon_meta'
[1.818s] [34mcolcon.colcon_core.package_identification[0m [1;30mLevel 1[0m _identify(node_modules/@parcel/watcher-win32-x64) by extensions ['ros']
[1.818s] [34mcolcon.colcon_core.package_identification[0m [1;30mLevel 1[0m _identify(node_modules/@parcel/watcher-win32-x64) by extension 'ros'
[1.825s] [34mcolcon.colcon_core.package_identification[0m [1;30mLevel 1[0m _identify(node_modules/@parcel/watcher-win32-x64) by extensions ['cmake', 'python']
[1.826s] [34mcolcon.colcon_core.package_identification[0m [1;30mLevel 1[0m _identify(node_modules/@parcel/watcher-win32-x64) by extension 'cmake'
[1.827s] [34mcolcon.colcon_core.package_identification[0m [1;30mLevel 1[0m _identify(node_modules/@parcel/watcher-win32-x64) by extension 'python'
[1.828s] [34mcolcon.colcon_core.package_identification[0m [1;30mLevel 1[0m _identify(node_modules/@parcel/watcher-win32-x64) by extensions ['python_setup_py']
[1.829s] [34mcolcon.colcon_core.package_identification[0m [1;30mLevel 1[0m _identify(node_modules/@parcel/watcher-win32-x64) by extension 'python_setup_py'
[1.833s] [34mcolcon.colcon_core.package_identification[0m [1;30mLevel 1[0m _identify(node_modules/@tailwindcss) by extensions ['ignore', 'ignore_ament_install']
[1.834s] [34mcolcon.colcon_core.package_identification[0m [1;30mLevel 1[0m _identify(node_modules/@tailwindcss) by extension 'ignore'
[1.835s] [34mcolcon.colcon_core.package_identification[0m [1;30mLevel 1[0m _identify(node_modules/@tailwindcss) by extension 'ignore_ament_install'
[1.837s] [34mcolcon.colcon_core.package_identification[0m [1;30mLevel 1[0m _identify(node_modules/@tailwindcss) by extensions ['colcon_pkg']
[1.837s] [34mcolcon.colcon_core.package_identification[0m [1;30mLevel 1[0m _identify(node_modules/@tailwindcss) by extension 'colcon_pkg'
[1.839s] [34mcolcon.colcon_core.package_identification[0m [1;30mLevel 1[0m _identify(node_modules/@tailwindcss) by extensions ['colcon_meta']
[1.839s] [34mcolcon.colcon_core.package_identification[0m [1;30mLevel 1[0m _identify(node_modules/@tailwindcss) by extension 'colcon_meta'
[1.840s] [34mcolcon.colcon_core.package_identification[0m [1;30mLevel 1[0m _identify(node_modules/@tailwindcss) by extensions ['ros']
[1.841s] [34mcolcon.colcon_core.package_identification[0m [1;30mLevel 1[0m _identify(node_modules/@tailwindcss) by extension 'ros'
[1.845s] [34mcolcon.colcon_core.package_identification[0m [1;30mLevel 1[0m _identify(node_modules/@tailwindcss) by extensions ['cmake', 'python']
[1.846s] [34mcolcon.colcon_core.package_identification[0m [1;30mLevel 1[0m _identify(node_modules/@tailwindcss) by extension 'cmake'
[1.847s] [34mcolcon.colcon_core.package_identification[0m [1;30mLevel 1[0m _identify(node_modules/@tailwindcss) by extension 'python'
[1.848s] [34mcolcon.colcon_core.package_identification[0m [1;30mLevel 1[0m _identify(node_modules/@tailwindcss) by extensions ['python_setup_py']
[1.848s] [34mcolcon.colcon_core.package_identification[0m [1;30mLevel 1[0m _identify(node_modules/@tailwindcss) by extension 'python_setup_py'
[1.854s] [34mcolcon.colcon_core.package_identification[0m [1;30mLevel 1[0m _identify(node_modules/@tailwindcss/cli) by extensions ['ignore', 'ignore_ament_install']
[1.854s] [34mcolcon.colcon_core.package_identification[0m [1;30mLevel 1[0m _identify(node_modules/@tailwindcss/cli) by extension 'ignore'
[1.855s] [34mcolcon.colcon_core.package_identification[0m [1;30mLevel 1[0m _identify(node_modules/@tailwindcss/cli) by extension 'ignore_ament_install'
[1.858s] [34mcolcon.colcon_core.package_identification[0m [1;30mLevel 1[0m _identify(node_modules/@tailwindcss/cli) by extensions ['colcon_pkg']
[1.858s] [34mcolcon.colcon_core.package_identification[0m [1;30mLevel 1[0m _identify(node_modules/@tailwindcss/cli) by extension 'colcon_pkg'
[1.860s] [34mcolcon.colcon_core.package_identification[0m [1;30mLevel 1[0m _identify(node_modules/@tailwindcss/cli) by extensions ['colcon_meta']
[1.860s] [34mcolcon.colcon_core.package_identification[0m [1;30mLevel 1[0m _identify(node_modules/@tailwindcss/cli) by extension 'colcon_meta'
[1.863s] [34mcolcon.colcon_core.package_identification[0m [1;30mLevel 1[0m _identify(node_modules/@tailwindcss/cli) by extensions ['ros']
[1.863s] [34mcolcon.colcon_core.package_identification[0m [1;30mLevel 1[0m _identify(node_modules/@tailwindcss/cli) by extension 'ros'
[1.869s] [34mcolcon.colcon_core.package_identification[0m [1;30mLevel 1[0m _identify(node_modules/@tailwindcss/cli) by extensions ['cmake', 'python']
[1.870s] [34mcolcon.colcon_core.package_identification[0m [1;30mLevel 1[0m _identify(node_modules/@tailwindcss/cli) by extension 'cmake'
[1.871s] [34mcolcon.colcon_core.package_identification[0m [1;30mLevel 1[0m _identify(node_modules/@tailwindcss/cli) by extension 'python'
[1.872s] [34mcolcon.colcon_core.package_identification[0m [1;30mLevel 1[0m _identify(node_modules/@tailwindcss/cli) by extensions ['python_setup_py']
[1.873s] [34mcolcon.colcon_core.package_identification[0m [1;30mLevel 1[0m _identify(node_modules/@tailwindcss/cli) by extension 'python_setup_py'
[1.881s] [34mcolcon.colcon_core.package_identification[0m [1;30mLevel 1[0m _identify(node_modules/@tailwindcss/cli/dist) by extensions ['ignore', 'ignore_ament_install']
[1.881s] [34mcolcon.colcon_core.package_identification[0m [1;30mLevel 1[0m _identify(node_modules/@tailwindcss/cli/dist) by extension 'ignore'
[1.883s] [34mcolcon.colcon_core.package_identification[0m [1;30mLevel 1[0m _identify(node_modules/@tailwindcss/cli/dist) by extension 'ignore_ament_install'
[1.886s] [34mcolcon.colcon_core.package_identification[0m [1;30mLevel 1[0m _identify(node_modules/@tailwindcss/cli/dist) by extensions ['colcon_pkg']
[1.886s] [34mcolcon.colcon_core.package_identification[0m [1;30mLevel 1[0m _identify(node_modules/@tailwindcss/cli/dist) by extension 'colcon_pkg'
[1.888s] [34mcolcon.colcon_core.package_identification[0m [1;30mLevel 1[0m _identify(node_modules/@tailwindcss/cli/dist) by extensions ['colcon_meta']
[1.888s] [34mcolcon.colcon_core.package_identification[0m [1;30mLevel 1[0m _identify(node_modules/@tailwindcss/cli/dist) by extension 'colcon_meta'
[1.892s] [34mcolcon.colcon_core.package_identification[0m [1;30mLevel 1[0m _identify(node_modules/@tailwindcss/cli/dist) by extensions ['ros']
[1.893s] [34mcolcon.colcon_core.package_identification[0m [1;30mLevel 1[0m _identify(node_modules/@tailwindcss/cli/dist) by extension 'ros'
[1.900s] [34mcolcon.colcon_core.package_identification[0m [1;30mLevel 1[0m _identify(node_modules/@tailwindcss/cli/dist) by extensions ['cmake', 'python']
[1.900s] [34mcolcon.colcon_core.package_identification[0m [1;30mLevel 1[0m _identify(node_modules/@tailwindcss/cli/dist) by extension 'cmake'
[1.902s] [34mcolcon.colcon_core.package_identification[0m [1;30mLevel 1[0m _identify(node_modules/@tailwindcss/cli/dist) by extension 'python'
[1.904s] [34mcolcon.colcon_core.package_identification[0m [1;30mLevel 1[0m _identify(node_modules/@tailwindcss/cli/dist) by extensions ['python_setup_py']
[1.904s] [34mcolcon.colcon_core.package_identification[0m [1;30mLevel 1[0m _identify(node_modules/@tailwindcss/cli/dist) by extension 'python_setup_py'
[1.911s] [34mcolcon.colcon_core.package_identification[0m [1;30mLevel 1[0m _identify(node_modules/@tailwindcss/node) by extensions ['ignore', 'ignore_ament_install']
[1.911s] [34mcolcon.colcon_core.package_identification[0m [1;30mLevel 1[0m _identify(node_modules/@tailwindcss/node) by extension 'ignore'
[1.912s] [34mcolcon.colcon_core.package_identification[0m [1;30mLevel 1[0m _identify(node_modules/@tailwindcss/node) by extension 'ignore_ament_install'
[1.915s] [34mcolcon.colcon_core.package_identification[0m [1;30mLevel 1[0m _identify(node_modules/@tailwindcss/node) by extensions ['colcon_pkg']
[1.915s] [34mcolcon.colcon_core.package_identification[0m [1;30mLevel 1[0m _identify(node_modules/@tailwindcss/node) by extension 'colcon_pkg'
[1.916s] [34mcolcon.colcon_core.package_identification[0m [1;30mLevel 1[0m _identify(node_modules/@tailwindcss/node) by extensions ['colcon_meta']
[1.917s] [34mcolcon.colcon_core.package_identification[0m [1;30mLevel 1[0m _identify(node_modules/@tailwindcss/node) by extension 'colcon_meta'
[1.920s] [34mcolcon.colcon_core.package_identification[0m [1;30mLevel 1[0m _identify(node_modules/@tailwindcss/node) by extensions ['ros']
[1.920s] [34mcolcon.colcon_core.package_identification[0m [1;30mLevel 1[0m _identify(node_modules/@tailwindcss/node) by extension 'ros'
[1.926s] [34mcolcon.colcon_core.package_identification[0m [1;30mLevel 1[0m _identify(node_modules/@tailwindcss/node) by extensions ['cmake', 'python']
[1.926s] [34mcolcon.colcon_core.package_identification[0m [1;30mLevel 1[0m _identify(node_modules/@tailwindcss/node) by extension 'cmake'
[1.927s] [34mcolcon.colcon_core.package_identification[0m [1;30mLevel 1[0m _identify(node_modules/@tailwindcss/node) by extension 'python'
[1.929s] [34mcolcon.colcon_core.package_identification[0m [1;30mLevel 1[0m _identify(node_modules/@tailwindcss/node) by extensions ['python_setup_py']
[1.929s] [34mcolcon.colcon_core.package_identification[0m [1;30mLevel 1[0m _identify(node_modules/@tailwindcss/node) by extension 'python_setup_py'
[1.937s] [34mcolcon.colcon_core.package_identification[0m [1;30mLevel 1[0m _identify(node_modules/@tailwindcss/node/dist) by extensions ['ignore', 'ignore_ament_install']
[1.937s] [34mcolcon.colcon_core.package_identification[0m [1;30mLevel 1[0m _identify(node_modules/@tailwindcss/node/dist) by extension 'ignore'
[1.939s] [34mcolcon.colcon_core.package_identification[0m [1;30mLevel 1[0m _identify(node_modules/@tailwindcss/node/dist) by extension 'ignore_ament_install'
[1.942s] [34mcolcon.colcon_core.package_identification[0m [1;30mLevel 1[0m _identify(node_modules/@tailwindcss/node/dist) by extensions ['colcon_pkg']
[1.942s] [34mcolcon.colcon_core.package_identification[0m [1;30mLevel 1[0m _identify(node_modules/@tailwindcss/node/dist) by extension 'colcon_pkg'
[1.944s] [34mcolcon.colcon_core.package_identification[0m [1;30mLevel 1[0m _identify(node_modules/@tailwindcss/node/dist) by extensions ['colcon_meta']
[1.944s] [34mcolcon.colcon_core.package_identification[0m [1;30mLevel 1[0m _identify(node_modules/@tailwindcss/node/dist) by extension 'colcon_meta'
[1.948s] [34mcolcon.colcon_core.package_identification[0m [1;30mLevel 1[0m _identify(node_modules/@tailwindcss/node/dist) by extensions ['ros']
[1.948s] [34mcolcon.colcon_core.package_identification[0m [1;30mLevel 1[0m _identify(node_modules/@tailwindcss/node/dist) by extension 'ros'
[1.956s] [34mcolcon.colcon_core.package_identification[0m [1;30mLevel 1[0m _identify(node_modules/@tailwindcss/node/dist) by extensions ['cmake', 'python']
[1.956s] [34mcolcon.colcon_core.package_identification[0m [1;30mLevel 1[0m _identify(node_modules/@tailwindcss/node/dist) by extension 'cmake'
[1.958s] [34mcolcon.colcon_core.package_identification[0m [1;30mLevel 1[0m _identify(node_modules/@tailwindcss/node/dist) by extension 'python'
[1.960s] [34mcolcon.colcon_core.package_identification[0m [1;30mLevel 1[0m _identify(node_modules/@tailwindcss/node/dist) by extensions ['python_setup_py']
[1.960s] [34mcolcon.colcon_core.package_identification[0m [1;30mLevel 1[0m _identify(node_modules/@tailwindcss/node/dist) by extension 'python_setup_py'
[1.967s] [34mcolcon.colcon_core.package_identification[0m [1;30mLevel 1[0m _identify(node_modules/@tailwindcss/oxide) by extensions ['ignore', 'ignore_ament_install']
[1.967s] [34mcolcon.colcon_core.package_identification[0m [1;30mLevel 1[0m _identify(node_modules/@tailwindcss/oxide) by extension 'ignore'
[1.968s] [34mcolcon.colcon_core.package_identification[0m [1;30mLevel 1[0m _identify(node_modules/@tailwindcss/oxide) by extension 'ignore_ament_install'
[1.971s] [34mcolcon.colcon_core.package_identification[0m [1;30mLevel 1[0m _identify(node_modules/@tailwindcss/oxide) by extensions ['colcon_pkg']
[1.971s] [34mcolcon.colcon_core.package_identification[0m [1;30mLevel 1[0m _identify(node_modules/@tailwindcss/oxide) by extension 'colcon_pkg'
[1.973s] [34mcolcon.colcon_core.package_identification[0m [1;30mLevel 1[0m _identify(node_modules/@tailwindcss/oxide) by extensions ['colcon_meta']
[1.973s] [34mcolcon.colcon_core.package_identification[0m [1;30mLevel 1[0m _identify(node_modules/@tailwindcss/oxide) by extension 'colcon_meta'
[1.975s] [34mcolcon.colcon_core.package_identification[0m [1;30mLevel 1[0m _identify(node_modules/@tailwindcss/oxide) by extensions ['ros']
[1.976s] [34mcolcon.colcon_core.package_identification[0m [1;30mLevel 1[0m _identify(node_modules/@tailwindcss/oxide) by extension 'ros'
[1.982s] [34mcolcon.colcon_core.package_identification[0m [1;30mLevel 1[0m _identify(node_modules/@tailwindcss/oxide) by extensions ['cmake', 'python']
[1.982s] [34mcolcon.colcon_core.package_identification[0m [1;30mLevel 1[0m _identify(node_modules/@tailwindcss/oxide) by extension 'cmake'
[1.983s] [34mcolcon.colcon_core.package_identification[0m [1;30mLevel 1[0m _identify(node_modules/@tailwindcss/oxide) by extension 'python'
[1.984s] [34mcolcon.colcon_core.package_identification[0m [1;30mLevel 1[0m _identify(node_modules/@tailwindcss/oxide) by extensions ['python_setup_py']
[1.985s] [34mcolcon.colcon_core.package_identification[0m [1;30mLevel 1[0m _identify(node_modules/@tailwindcss/oxide) by extension 'python_setup_py'
[1.991s] [34mcolcon.colcon_core.package_identification[0m [1;30mLevel 1[0m _identify(node_modules/@tailwindcss/oxide-win32-x64-msvc) by extensions ['ignore', 'ignore_ament_install']
[1.991s] [34mcolcon.colcon_core.package_identification[0m [1;30mLevel 1[0m _identify(node_modules/@tailwindcss/oxide-win32-x64-msvc) by extension 'ignore'
[1.992s] [34mcolcon.colcon_core.package_identification[0m [1;30mLevel 1[0m _identify(node_modules/@tailwindcss/oxide-win32-x64-msvc) by extension 'ignore_ament_install'
[1.995s] [34mcolcon.colcon_core.package_identification[0m [1;30mLevel 1[0m _identify(node_modules/@tailwindcss/oxide-win32-x64-msvc) by extensions ['colcon_pkg']
[1.995s] [34mcolcon.colcon_core.package_identification[0m [1;30mLevel 1[0m _identify(node_modules/@tailwindcss/oxide-win32-x64-msvc) by extension 'colcon_pkg'
[1.996s] [34mcolcon.colcon_core.package_identification[0m [1;30mLevel 1[0m _identify(node_modules/@tailwindcss/oxide-win32-x64-msvc) by extensions ['colcon_meta']
[1.997s] [34mcolcon.colcon_core.package_identification[0m [1;30mLevel 1[0m _identify(node_modules/@tailwindcss/oxide-win32-x64-msvc) by extension 'colcon_meta'
[1.999s] [34mcolcon.colcon_core.package_identification[0m [1;30mLevel 1[0m _identify(node_modules/@tailwindcss/oxide-win32-x64-msvc) by extensions ['ros']
[1.999s] [34mcolcon.colcon_core.package_identification[0m [1;30mLevel 1[0m _identify(node_modules/@tailwindcss/oxide-win32-x64-msvc) by extension 'ros'
[2.006s] [34mcolcon.colcon_core.package_identification[0m [1;30mLevel 1[0m _identify(node_modules/@tailwindcss/oxide-win32-x64-msvc) by extensions ['cmake', 'python']
[2.006s] [34mcolcon.colcon_core.package_identification[0m [1;30mLevel 1[0m _identify(node_modules/@tailwindcss/oxide-win32-x64-msvc) by extension 'cmake'
[2.007s] [34mcolcon.colcon_core.package_identification[0m [1;30mLevel 1[0m _identify(node_modules/@tailwindcss/oxide-win32-x64-msvc) by extension 'python'
[2.008s] [34mcolcon.colcon_core.package_identification[0m [1;30mLevel 1[0m _identify(node_modules/@tailwindcss/oxide-win32-x64-msvc) by extensions ['python_setup_py']
[2.009s] [34mcolcon.colcon_core.package_identification[0m [1;30mLevel 1[0m _identify(node_modules/@tailwindcss/oxide-win32-x64-msvc) by extension 'python_setup_py'
[2.013s] [34mcolcon.colcon_core.package_identification[0m [1;30mLevel 1[0m _identify(node_modules/braces) by extensions ['ignore', 'ignore_ament_install']
[2.013s] [34mcolcon.colcon_core.package_identification[0m [1;30mLevel 1[0m _identify(node_modules/braces) by extension 'ignore'
[2.014s] [34mcolcon.colcon_core.package_identification[0m [1;30mLevel 1[0m _identify(node_modules/braces) by extension 'ignore_ament_install'
[2.015s] [34mcolcon.colcon_core.package_identification[0m [1;30mLevel 1[0m _identify(node_modules/braces) by extensions ['colcon_pkg']
[2.015s] [34mcolcon.colcon_core.package_identification[0m [1;30mLevel 1[0m _identify(node_modules/braces) by extension 'colcon_pkg'
[2.016s] [34mcolcon.colcon_core.package_identification[0m [1;30mLevel 1[0m _identify(node_modules/braces) by extensions ['colcon_meta']
[2.016s] [34mcolcon.colcon_core.package_identification[0m [1;30mLevel 1[0m _identify(node_modules/braces) by extension 'colcon_meta'
[2.018s] [34mcolcon.colcon_core.package_identification[0m [1;30mLevel 1[0m _identify(node_modules/braces) by extensions ['ros']
[2.018s] [34mcolcon.colcon_core.package_identification[0m [1;30mLevel 1[0m _identify(node_modules/braces) by extension 'ros'
[2.021s] [34mcolcon.colcon_core.package_identification[0m [1;30mLevel 1[0m _identify(node_modules/braces) by extensions ['cmake', 'python']
[2.021s] [34mcolcon.colcon_core.package_identification[0m [1;30mLevel 1[0m _identify(node_modules/braces) by extension 'cmake'
[2.022s] [34mcolcon.colcon_core.package_identification[0m [1;30mLevel 1[0m _identify(node_modules/braces) by extension 'python'
[2.023s] [34mcolcon.colcon_core.package_identification[0m [1;30mLevel 1[0m _identify(node_modules/braces) by extensions ['python_setup_py']
[2.023s] [34mcolcon.colcon_core.package_identification[0m [1;30mLevel 1[0m _identify(node_modules/braces) by extension 'python_setup_py'
[2.028s] [34mcolcon.colcon_core.package_identification[0m [1;30mLevel 1[0m _identify(node_modules/braces/lib) by extensions ['ignore', 'ignore_ament_install']
[2.028s] [34mcolcon.colcon_core.package_identification[0m [1;30mLevel 1[0m _identify(node_modules/braces/lib) by extension 'ignore'
[2.030s] [34mcolcon.colcon_core.package_identification[0m [1;30mLevel 1[0m _identify(node_modules/braces/lib) by extension 'ignore_ament_install'
[2.032s] [34mcolcon.colcon_core.package_identification[0m [1;30mLevel 1[0m _identify(node_modules/braces/lib) by extensions ['colcon_pkg']
[2.033s] [34mcolcon.colcon_core.package_identification[0m [1;30mLevel 1[0m _identify(node_modules/braces/lib) by extension 'colcon_pkg'
[2.034s] [34mcolcon.colcon_core.package_identification[0m [1;30mLevel 1[0m _identify(node_modules/braces/lib) by extensions ['colcon_meta']
[2.034s] [34mcolcon.colcon_core.package_identification[0m [1;30mLevel 1[0m _identify(node_modules/braces/lib) by extension 'colcon_meta'
[2.036s] [34mcolcon.colcon_core.package_identification[0m [1;30mLevel 1[0m _identify(node_modules/braces/lib) by extensions ['ros']
[2.036s] [34mcolcon.colcon_core.package_identification[0m [1;30mLevel 1[0m _identify(node_modules/braces/lib) by extension 'ros'
[2.041s] [34mcolcon.colcon_core.package_identification[0m [1;30mLevel 1[0m _identify(node_modules/braces/lib) by extensions ['cmake', 'python']
[2.041s] [34mcolcon.colcon_core.package_identification[0m [1;30mLevel 1[0m _identify(node_modules/braces/lib) by extension 'cmake'
[2.043s] [34mcolcon.colcon_core.package_identification[0m [1;30mLevel 1[0m _identify(node_modules/braces/lib) by extension 'python'
[2.044s] [34mcolcon.colcon_core.package_identification[0m [1;30mLevel 1[0m _identify(node_modules/braces/lib) by extensions ['python_setup_py']
[2.044s] [34mcolcon.colcon_core.package_identification[0m [1;30mLevel 1[0m _identify(node_modules/braces/lib) by extension 'python_setup_py'
[2.048s] [34mcolcon.colcon_core.package_identification[0m [1;30mLevel 1[0m _identify(node_modules/detect-libc) by extensions ['ignore', 'ignore_ament_install']
[2.048s] [34mcolcon.colcon_core.package_identification[0m [1;30mLevel 1[0m _identify(node_modules/detect-libc) by extension 'ignore'
[2.049s] [34mcolcon.colcon_core.package_identification[0m [1;30mLevel 1[0m _identify(node_modules/detect-libc) by extension 'ignore_ament_install'
[2.051s] [34mcolcon.colcon_core.package_identification[0m [1;30mLevel 1[0m _identify(node_modules/detect-libc) by extensions ['colcon_pkg']
[2.051s] [34mcolcon.colcon_core.package_identification[0m [1;30mLevel 1[0m _identify(node_modules/detect-libc) by extension 'colcon_pkg'
[2.052s] [34mcolcon.colcon_core.package_identification[0m [1;30mLevel 1[0m _identify(node_modules/detect-libc) by extensions ['colcon_meta']
[2.052s] [34mcolcon.colcon_core.package_identification[0m [1;30mLevel 1[0m _identify(node_modules/detect-libc) by extension 'colcon_meta'
[2.053s] [34mcolcon.colcon_core.package_identification[0m [1;30mLevel 1[0m _identify(node_modules/detect-libc) by extensions ['ros']
[2.053s] [34mcolcon.colcon_core.package_identification[0m [1;30mLevel 1[0m _identify(node_modules/detect-libc) by extension 'ros'
[2.057s] [34mcolcon.colcon_core.package_identification[0m [1;30mLevel 1[0m _identify(node_modules/detect-libc) by extensions ['cmake', 'python']
[2.057s] [34mcolcon.colcon_core.package_identification[0m [1;30mLevel 1[0m _identify(node_modules/detect-libc) by extension 'cmake'
[2.058s] [34mcolcon.colcon_core.package_identification[0m [1;30mLevel 1[0m _identify(node_modules/detect-libc) by extension 'python'
[2.059s] [34mcolcon.colcon_core.package_identification[0m [1;30mLevel 1[0m _identify(node_modules/detect-libc) by extensions ['python_setup_py']
[2.059s] [34mcolcon.colcon_core.package_identification[0m [1;30mLevel 1[0m _identify(node_modules/detect-libc) by extension 'python_setup_py'
[2.065s] [34mcolcon.colcon_core.package_identification[0m [1;30mLevel 1[0m _identify(node_modules/detect-libc/bin) by extensions ['ignore', 'ignore_ament_install']
[2.065s] [34mcolcon.colcon_core.package_identification[0m [1;30mLevel 1[0m _identify(node_modules/detect-libc/bin) by extension 'ignore'
[2.066s] [34mcolcon.colcon_core.package_identification[0m [1;30mLevel 1[0m _identify(node_modules/detect-libc/bin) by extension 'ignore_ament_install'
[2.068s] [34mcolcon.colcon_core.package_identification[0m [1;30mLevel 1[0m _identify(node_modules/detect-libc/bin) by extensions ['colcon_pkg']
[2.068s] [34mcolcon.colcon_core.package_identification[0m [1;30mLevel 1[0m _identify(node_modules/detect-libc/bin) by extension 'colcon_pkg'
[2.069s] [34mcolcon.colcon_core.package_identification[0m [1;30mLevel 1[0m _identify(node_modules/detect-libc/bin) by extensions ['colcon_meta']
[2.069s] [34mcolcon.colcon_core.package_identification[0m [1;30mLevel 1[0m _identify(node_modules/detect-libc/bin) by extension 'colcon_meta'
[2.072s] [34mcolcon.colcon_core.package_identification[0m [1;30mLevel 1[0m _identify(node_modules/detect-libc/bin) by extensions ['ros']
[2.072s] [34mcolcon.colcon_core.package_identification[0m [1;30mLevel 1[0m _identify(node_modules/detect-libc/bin) by extension 'ros'
[2.077s] [34mcolcon.colcon_core.package_identification[0m [1;30mLevel 1[0m _identify(node_modules/detect-libc/bin) by extensions ['cmake', 'python']
[2.077s] [34mcolcon.colcon_core.package_identification[0m [1;30mLevel 1[0m _identify(node_modules/detect-libc/bin) by extension 'cmake'
[2.078s] [34mcolcon.colcon_core.package_identification[0m [1;30mLevel 1[0m _identify(node_modules/detect-libc/bin) by extension 'python'
[2.079s] [34mcolcon.colcon_core.package_identification[0m [1;30mLevel 1[0m _identify(node_modules/detect-libc/bin) by extensions ['python_setup_py']
[2.079s] [34mcolcon.colcon_core.package_identification[0m [1;30mLevel 1[0m _identify(node_modules/detect-libc/bin) by extension 'python_setup_py'
[2.084s] [34mcolcon.colcon_core.package_identification[0m [1;30mLevel 1[0m _identify(node_modules/detect-libc/lib) by extensions ['ignore', 'ignore_ament_install']
[2.084s] [34mcolcon.colcon_core.package_identification[0m [1;30mLevel 1[0m _identify(node_modules/detect-libc/lib) by extension 'ignore'
[2.086s] [34mcolcon.colcon_core.package_identification[0m [1;30mLevel 1[0m _identify(node_modules/detect-libc/lib) by extension 'ignore_ament_install'
[2.088s] [34mcolcon.colcon_core.package_identification[0m [1;30mLevel 1[0m _identify(node_modules/detect-libc/lib) by extensions ['colcon_pkg']
[2.089s] [34mcolcon.colcon_core.package_identification[0m [1;30mLevel 1[0m _identify(node_modules/detect-libc/lib) by extension 'colcon_pkg'
[2.090s] [34mcolcon.colcon_core.package_identification[0m [1;30mLevel 1[0m _identify(node_modules/detect-libc/lib) by extensions ['colcon_meta']
[2.090s] [34mcolcon.colcon_core.package_identification[0m [1;30mLevel 1[0m _identify(node_modules/detect-libc/lib) by extension 'colcon_meta'
[2.092s] [34mcolcon.colcon_core.package_identification[0m [1;30mLevel 1[0m _identify(node_modules/detect-libc/lib) by extensions ['ros']
[2.092s] [34mcolcon.colcon_core.package_identification[0m [1;30mLevel 1[0m _identify(node_modules/detect-libc/lib) by extension 'ros'
[2.097s] [34mcolcon.colcon_core.package_identification[0m [1;30mLevel 1[0m _identify(node_modules/detect-libc/lib) by extensions ['cmake', 'python']
[2.097s] [34mcolcon.colcon_core.package_identification[0m [1;30mLevel 1[0m _identify(node_modules/detect-libc/lib) by extension 'cmake'
[2.099s] [34mcolcon.colcon_core.package_identification[0m [1;30mLevel 1[0m _identify(node_modules/detect-libc/lib) by extension 'python'
[2.100s] [34mcolcon.colcon_core.package_identification[0m [1;30mLevel 1[0m _identify(node_modules/detect-libc/lib) by extensions ['python_setup_py']
[2.100s] [34mcolcon.colcon_core.package_identification[0m [1;30mLevel 1[0m _identify(node_modules/detect-libc/lib) by extension 'python_setup_py'
[2.104s] [34mcolcon.colcon_core.package_identification[0m [1;30mLevel 1[0m _identify(node_modules/enhanced-resolve) by extensions ['ignore', 'ignore_ament_install']
[2.104s] [34mcolcon.colcon_core.package_identification[0m [1;30mLevel 1[0m _identify(node_modules/enhanced-resolve) by extension 'ignore'
[2.105s] [34mcolcon.colcon_core.package_identification[0m [1;30mLevel 1[0m _identify(node_modules/enhanced-resolve) by extension 'ignore_ament_install'
[2.106s] [34mcolcon.colcon_core.package_identification[0m [1;30mLevel 1[0m _identify(node_modules/enhanced-resolve) by extensions ['colcon_pkg']
[2.107s] [34mcolcon.colcon_core.package_identification[0m [1;30mLevel 1[0m _identify(node_modules/enhanced-resolve) by extension 'colcon_pkg'
[2.107s] [34mcolcon.colcon_core.package_identification[0m [1;30mLevel 1[0m _identify(node_modules/enhanced-resolve) by extensions ['colcon_meta']
[2.108s] [34mcolcon.colcon_core.package_identification[0m [1;30mLevel 1[0m _identify(node_modules/enhanced-resolve) by extension 'colcon_meta'
[2.109s] [34mcolcon.colcon_core.package_identification[0m [1;30mLevel 1[0m _identify(node_modules/enhanced-resolve) by extensions ['ros']
[2.109s] [34mcolcon.colcon_core.package_identification[0m [1;30mLevel 1[0m _identify(node_modules/enhanced-resolve) by extension 'ros'
[2.113s] [34mcolcon.colcon_core.package_identification[0m [1;30mLevel 1[0m _identify(node_modules/enhanced-resolve) by extensions ['cmake', 'python']
[2.113s] [34mcolcon.colcon_core.package_identification[0m [1;30mLevel 1[0m _identify(node_modules/enhanced-resolve) by extension 'cmake'
[2.114s] [34mcolcon.colcon_core.package_identification[0m [1;30mLevel 1[0m _identify(node_modules/enhanced-resolve) by extension 'python'
[2.115s] [34mcolcon.colcon_core.package_identification[0m [1;30mLevel 1[0m _identify(node_modules/enhanced-resolve) by extensions ['python_setup_py']
[2.115s] [34mcolcon.colcon_core.package_identification[0m [1;30mLevel 1[0m _identify(node_modules/enhanced-resolve) by extension 'python_setup_py'
[2.119s] [34mcolcon.colcon_core.package_identification[0m [1;30mLevel 1[0m _identify(node_modules/enhanced-resolve/lib) by extensions ['ignore', 'ignore_ament_install']
[2.120s] [34mcolcon.colcon_core.package_identification[0m [1;30mLevel 1[0m _identify(node_modules/enhanced-resolve/lib) by extension 'ignore'
[2.121s] [34mcolcon.colcon_core.package_identification[0m [1;30mLevel 1[0m _identify(node_modules/enhanced-resolve/lib) by extension 'ignore_ament_install'
[2.124s] [34mcolcon.colcon_core.package_identification[0m [1;30mLevel 1[0m _identify(node_modules/enhanced-resolve/lib) by extensions ['colcon_pkg']
[2.124s] [34mcolcon.colcon_core.package_identification[0m [1;30mLevel 1[0m _identify(node_modules/enhanced-resolve/lib) by extension 'colcon_pkg'
[2.125s] [34mcolcon.colcon_core.package_identification[0m [1;30mLevel 1[0m _identify(node_modules/enhanced-resolve/lib) by extensions ['colcon_meta']
[2.126s] [34mcolcon.colcon_core.package_identification[0m [1;30mLevel 1[0m _identify(node_modules/enhanced-resolve/lib) by extension 'colcon_meta'
[2.128s] [34mcolcon.colcon_core.package_identification[0m [1;30mLevel 1[0m _identify(node_modules/enhanced-resolve/lib) by extensions ['ros']
[2.128s] [34mcolcon.colcon_core.package_identification[0m [1;30mLevel 1[0m _identify(node_modules/enhanced-resolve/lib) by extension 'ros'
[2.133s] [34mcolcon.colcon_core.package_identification[0m [1;30mLevel 1[0m _identify(node_modules/enhanced-resolve/lib) by extensions ['cmake', 'python']
[2.133s] [34mcolcon.colcon_core.package_identification[0m [1;30mLevel 1[0m _identify(node_modules/enhanced-resolve/lib) by extension 'cmake'
[2.134s] [34mcolcon.colcon_core.package_identification[0m [1;30mLevel 1[0m _identify(node_modules/enhanced-resolve/lib) by extension 'python'
[2.135s] [34mcolcon.colcon_core.package_identification[0m [1;30mLevel 1[0m _identify(node_modules/enhanced-resolve/lib) by extensions ['python_setup_py']
[2.136s] [34mcolcon.colcon_core.package_identification[0m [1;30mLevel 1[0m _identify(node_modules/enhanced-resolve/lib) by extension 'python_setup_py'
[2.142s] [34mcolcon.colcon_core.package_identification[0m [1;30mLevel 1[0m _identify(node_modules/enhanced-resolve/lib/util) by extensions ['ignore', 'ignore_ament_install']
[2.142s] [34mcolcon.colcon_core.package_identification[0m [1;30mLevel 1[0m _identify(node_modules/enhanced-resolve/lib/util) by extension 'ignore'
[2.144s] [34mcolcon.colcon_core.package_identification[0m [1;30mLevel 1[0m _identify(node_modules/enhanced-resolve/lib/util) by extension 'ignore_ament_install'
[2.148s] [34mcolcon.colcon_core.package_identification[0m [1;30mLevel 1[0m _identify(node_modules/enhanced-resolve/lib/util) by extensions ['colcon_pkg']
[2.148s] [34mcolcon.colcon_core.package_identification[0m [1;30mLevel 1[0m _identify(node_modules/enhanced-resolve/lib/util) by extension 'colcon_pkg'
[2.149s] [34mcolcon.colcon_core.package_identification[0m [1;30mLevel 1[0m _identify(node_modules/enhanced-resolve/lib/util) by extensions ['colcon_meta']
[2.149s] [34mcolcon.colcon_core.package_identification[0m [1;30mLevel 1[0m _identify(node_modules/enhanced-resolve/lib/util) by extension 'colcon_meta'
[2.153s] [34mcolcon.colcon_core.package_identification[0m [1;30mLevel 1[0m _identify(node_modules/enhanced-resolve/lib/util) by extensions ['ros']
[2.153s] [34mcolcon.colcon_core.package_identification[0m [1;30mLevel 1[0m _identify(node_modules/enhanced-resolve/lib/util) by extension 'ros'
[2.163s] [34mcolcon.colcon_core.package_identification[0m [1;30mLevel 1[0m _identify(node_modules/enhanced-resolve/lib/util) by extensions ['cmake', 'python']
[2.163s] [34mcolcon.colcon_core.package_identification[0m [1;30mLevel 1[0m _identify(node_modules/enhanced-resolve/lib/util) by extension 'cmake'
[2.166s] [34mcolcon.colcon_core.package_identification[0m [1;30mLevel 1[0m _identify(node_modules/enhanced-resolve/lib/util) by extension 'python'
[2.168s] [34mcolcon.colcon_core.package_identification[0m [1;30mLevel 1[0m _identify(node_modules/enhanced-resolve/lib/util) by extensions ['python_setup_py']
[2.168s] [34mcolcon.colcon_core.package_identification[0m [1;30mLevel 1[0m _identify(node_modules/enhanced-resolve/lib/util) by extension 'python_setup_py'
[2.173s] [34mcolcon.colcon_core.package_identification[0m [1;30mLevel 1[0m _identify(node_modules/fill-range) by extensions ['ignore', 'ignore_ament_install']
[2.173s] [34mcolcon.colcon_core.package_identification[0m [1;30mLevel 1[0m _identify(node_modules/fill-range) by extension 'ignore'
[2.174s] [34mcolcon.colcon_core.package_identification[0m [1;30mLevel 1[0m _identify(node_modules/fill-range) by extension 'ignore_ament_install'
[2.176s] [34mcolcon.colcon_core.package_identification[0m [1;30mLevel 1[0m _identify(node_modules/fill-range) by extensions ['colcon_pkg']
[2.176s] [34mcolcon.colcon_core.package_identification[0m [1;30mLevel 1[0m _identify(node_modules/fill-range) by extension 'colcon_pkg'
[2.177s] [34mcolcon.colcon_core.package_identification[0m [1;30mLevel 1[0m _identify(node_modules/fill-range) by extensions ['colcon_meta']
[2.177s] [34mcolcon.colcon_core.package_identification[0m [1;30mLevel 1[0m _identify(node_modules/fill-range) by extension 'colcon_meta'
[2.178s] [34mcolcon.colcon_core.package_identification[0m [1;30mLevel 1[0m _identify(node_modules/fill-range) by extensions ['ros']
[2.178s] [34mcolcon.colcon_core.package_identification[0m [1;30mLevel 1[0m _identify(node_modules/fill-range) by extension 'ros'
[2.182s] [34mcolcon.colcon_core.package_identification[0m [1;30mLevel 1[0m _identify(node_modules/fill-range) by extensions ['cmake', 'python']
[2.182s] [34mcolcon.colcon_core.package_identification[0m [1;30mLevel 1[0m _identify(node_modules/fill-range) by extension 'cmake'
[2.183s] [34mcolcon.colcon_core.package_identification[0m [1;30mLevel 1[0m _identify(node_modules/fill-range) by extension 'python'
[2.184s] [34mcolcon.colcon_core.package_identification[0m [1;30mLevel 1[0m _identify(node_modules/fill-range) by extensions ['python_setup_py']
[2.184s] [34mcolcon.colcon_core.package_identification[0m [1;30mLevel 1[0m _identify(node_modules/fill-range) by extension 'python_setup_py'
[2.188s] [34mcolcon.colcon_core.package_identification[0m [1;30mLevel 1[0m _identify(node_modules/graceful-fs) by extensions ['ignore', 'ignore_ament_install']
[2.188s] [34mcolcon.colcon_core.package_identification[0m [1;30mLevel 1[0m _identify(node_modules/graceful-fs) by extension 'ignore'
[2.189s] [34mcolcon.colcon_core.package_identification[0m [1;30mLevel 1[0m _identify(node_modules/graceful-fs) by extension 'ignore_ament_install'
[2.190s] [34mcolcon.colcon_core.package_identification[0m [1;30mLevel 1[0m _identify(node_modules/graceful-fs) by extensions ['colcon_pkg']
[2.191s] [34mcolcon.colcon_core.package_identification[0m [1;30mLevel 1[0m _identify(node_modules/graceful-fs) by extension 'colcon_pkg'
[2.191s] [34mcolcon.colcon_core.package_identification[0m [1;30mLevel 1[0m _identify(node_modules/graceful-fs) by extensions ['colcon_meta']
[2.192s] [34mcolcon.colcon_core.package_identification[0m [1;30mLevel 1[0m _identify(node_modules/graceful-fs) by extension 'colcon_meta'
[2.193s] [34mcolcon.colcon_core.package_identification[0m [1;30mLevel 1[0m _identify(node_modules/graceful-fs) by extensions ['ros']
[2.193s] [34mcolcon.colcon_core.package_identification[0m [1;30mLevel 1[0m _identify(node_modules/graceful-fs) by extension 'ros'
[2.196s] [34mcolcon.colcon_core.package_identification[0m [1;30mLevel 1[0m _identify(node_modules/graceful-fs) by extensions ['cmake', 'python']
[2.197s] [34mcolcon.colcon_core.package_identification[0m [1;30mLevel 1[0m _identify(node_modules/graceful-fs) by extension 'cmake'
[2.198s] [34mcolcon.colcon_core.package_identification[0m [1;30mLevel 1[0m _identify(node_modules/graceful-fs) by extension 'python'
[2.198s] [34mcolcon.colcon_core.package_identification[0m [1;30mLevel 1[0m _identify(node_modules/graceful-fs) by extensions ['python_setup_py']
[2.199s] [34mcolcon.colcon_core.package_identification[0m [1;30mLevel 1[0m _identify(node_modules/graceful-fs) by extension 'python_setup_py'
[2.202s] [34mcolcon.colcon_core.package_identification[0m [1;30mLevel 1[0m _identify(node_modules/is-extglob) by extensions ['ignore', 'ignore_ament_install']
[2.202s] [34mcolcon.colcon_core.package_identification[0m [1;30mLevel 1[0m _identify(node_modules/is-extglob) by extension 'ignore'
[2.203s] [34mcolcon.colcon_core.package_identification[0m [1;30mLevel 1[0m _identify(node_modules/is-extglob) by extension 'ignore_ament_install'
[2.205s] [34mcolcon.colcon_core.package_identification[0m [1;30mLevel 1[0m _identify(node_modules/is-extglob) by extensions ['colcon_pkg']
[2.205s] [34mcolcon.colcon_core.package_identification[0m [1;30mLevel 1[0m _identify(node_modules/is-extglob) by extension 'colcon_pkg'
[2.206s] [34mcolcon.colcon_core.package_identification[0m [1;30mLevel 1[0m _identify(node_modules/is-extglob) by extensions ['colcon_meta']
[2.206s] [34mcolcon.colcon_core.package_identification[0m [1;30mLevel 1[0m _identify(node_modules/is-extglob) by extension 'colcon_meta'
[2.207s] [34mcolcon.colcon_core.package_identification[0m [1;30mLevel 1[0m _identify(node_modules/is-extglob) by extensions ['ros']
[2.207s] [34mcolcon.colcon_core.package_identification[0m [1;30mLevel 1[0m _identify(node_modules/is-extglob) by extension 'ros'
[2.211s] [34mcolcon.colcon_core.package_identification[0m [1;30mLevel 1[0m _identify(node_modules/is-extglob) by extensions ['cmake', 'python']
[2.211s] [34mcolcon.colcon_core.package_identification[0m [1;30mLevel 1[0m _identify(node_modules/is-extglob) by extension 'cmake'
[2.212s] [34mcolcon.colcon_core.package_identification[0m [1;30mLevel 1[0m _identify(node_modules/is-extglob) by extension 'python'
[2.213s] [34mcolcon.colcon_core.package_identification[0m [1;30mLevel 1[0m _identify(node_modules/is-extglob) by extensions ['python_setup_py']
[2.213s] [34mcolcon.colcon_core.package_identification[0m [1;30mLevel 1[0m _identify(node_modules/is-extglob) by extension 'python_setup_py'
[2.216s] [34mcolcon.colcon_core.package_identification[0m [1;30mLevel 1[0m _identify(node_modules/is-glob) by extensions ['ignore', 'ignore_ament_install']
[2.216s] [34mcolcon.colcon_core.package_identification[0m [1;30mLevel 1[0m _identify(node_modules/is-glob) by extension 'ignore'
[2.217s] [34mcolcon.colcon_core.package_identification[0m [1;30mLevel 1[0m _identify(node_modules/is-glob) by extension 'ignore_ament_install'
[2.219s] [34mcolcon.colcon_core.package_identification[0m [1;30mLevel 1[0m _identify(node_modules/is-glob) by extensions ['colcon_pkg']
[2.219s] [34mcolcon.colcon_core.package_identification[0m [1;30mLevel 1[0m _identify(node_modules/is-glob) by extension 'colcon_pkg'
[2.220s] [34mcolcon.colcon_core.package_identification[0m [1;30mLevel 1[0m _identify(node_modules/is-glob) by extensions ['colcon_meta']
[2.220s] [34mcolcon.colcon_core.package_identification[0m [1;30mLevel 1[0m _identify(node_modules/is-glob) by extension 'colcon_meta'
[2.221s] [34mcolcon.colcon_core.package_identification[0m [1;30mLevel 1[0m _identify(node_modules/is-glob) by extensions ['ros']
[2.221s] [34mcolcon.colcon_core.package_identification[0m [1;30mLevel 1[0m _identify(node_modules/is-glob) by extension 'ros'
[2.225s] [34mcolcon.colcon_core.package_identification[0m [1;30mLevel 1[0m _identify(node_modules/is-glob) by extensions ['cmake', 'python']
[2.225s] [34mcolcon.colcon_core.package_identification[0m [1;30mLevel 1[0m _identify(node_modules/is-glob) by extension 'cmake'
[2.226s] [34mcolcon.colcon_core.package_identification[0m [1;30mLevel 1[0m _identify(node_modules/is-glob) by extension 'python'
[2.227s] [34mcolcon.colcon_core.package_identification[0m [1;30mLevel 1[0m _identify(node_modules/is-glob) by extensions ['python_setup_py']
[2.227s] [34mcolcon.colcon_core.package_identification[0m [1;30mLevel 1[0m _identify(node_modules/is-glob) by extension 'python_setup_py'
[2.230s] [34mcolcon.colcon_core.package_identification[0m [1;30mLevel 1[0m _identify(node_modules/is-number) by extensions ['ignore', 'ignore_ament_install']
[2.231s] [34mcolcon.colcon_core.package_identification[0m [1;30mLevel 1[0m _identify(node_modules/is-number) by extension 'ignore'
[2.231s] [34mcolcon.colcon_core.package_identification[0m [1;30mLevel 1[0m _identify(node_modules/is-number) by extension 'ignore_ament_install'
[2.233s] [34mcolcon.colcon_core.package_identification[0m [1;30mLevel 1[0m _identify(node_modules/is-number) by extensions ['colcon_pkg']
[2.234s] [34mcolcon.colcon_core.package_identification[0m [1;30mLevel 1[0m _identify(node_modules/is-number) by extension 'colcon_pkg'
[2.235s] [34mcolcon.colcon_core.package_identification[0m [1;30mLevel 1[0m _identify(node_modules/is-number) by extensions ['colcon_meta']
[2.235s] [34mcolcon.colcon_core.package_identification[0m [1;30mLevel 1[0m _identify(node_modules/is-number) by extension 'colcon_meta'
[2.236s] [34mcolcon.colcon_core.package_identification[0m [1;30mLevel 1[0m _identify(node_modules/is-number) by extensions ['ros']
[2.237s] [34mcolcon.colcon_core.package_identification[0m [1;30mLevel 1[0m _identify(node_modules/is-number) by extension 'ros'
[2.241s] [34mcolcon.colcon_core.package_identification[0m [1;30mLevel 1[0m _identify(node_modules/is-number) by extensions ['cmake', 'python']
[2.241s] [34mcolcon.colcon_core.package_identification[0m [1;30mLevel 1[0m _identify(node_modules/is-number) by extension 'cmake'
[2.242s] [34mcolcon.colcon_core.package_identification[0m [1;30mLevel 1[0m _identify(node_modules/is-number) by extension 'python'
[2.243s] [34mcolcon.colcon_core.package_identification[0m [1;30mLevel 1[0m _identify(node_modules/is-number) by extensions ['python_setup_py']
[2.243s] [34mcolcon.colcon_core.package_identification[0m [1;30mLevel 1[0m _identify(node_modules/is-number) by extension 'python_setup_py'
[2.246s] [34mcolcon.colcon_core.package_identification[0m [1;30mLevel 1[0m _identify(node_modules/jiti) by extensions ['ignore', 'ignore_ament_install']
[2.246s] [34mcolcon.colcon_core.package_identification[0m [1;30mLevel 1[0m _identify(node_modules/jiti) by extension 'ignore'
[2.247s] [34mcolcon.colcon_core.package_identification[0m [1;30mLevel 1[0m _identify(node_modules/jiti) by extension 'ignore_ament_install'
[2.249s] [34mcolcon.colcon_core.package_identification[0m [1;30mLevel 1[0m _identify(node_modules/jiti) by extensions ['colcon_pkg']
[2.249s] [34mcolcon.colcon_core.package_identification[0m [1;30mLevel 1[0m _identify(node_modules/jiti) by extension 'colcon_pkg'
[2.250s] [34mcolcon.colcon_core.package_identification[0m [1;30mLevel 1[0m _identify(node_modules/jiti) by extensions ['colcon_meta']
[2.250s] [34mcolcon.colcon_core.package_identification[0m [1;30mLevel 1[0m _identify(node_modules/jiti) by extension 'colcon_meta'
[2.251s] [34mcolcon.colcon_core.package_identification[0m [1;30mLevel 1[0m _identify(node_modules/jiti) by extensions ['ros']
[2.252s] [34mcolcon.colcon_core.package_identification[0m [1;30mLevel 1[0m _identify(node_modules/jiti) by extension 'ros'
[2.256s] [34mcolcon.colcon_core.package_identification[0m [1;30mLevel 1[0m _identify(node_modules/jiti) by extensions ['cmake', 'python']
[2.256s] [34mcolcon.colcon_core.package_identification[0m [1;30mLevel 1[0m _identify(node_modules/jiti) by extension 'cmake'
[2.257s] [34mcolcon.colcon_core.package_identification[0m [1;30mLevel 1[0m _identify(node_modules/jiti) by extension 'python'
[2.258s] [34mcolcon.colcon_core.package_identification[0m [1;30mLevel 1[0m _identify(node_modules/jiti) by extensions ['python_setup_py']
[2.258s] [34mcolcon.colcon_core.package_identification[0m [1;30mLevel 1[0m _identify(node_modules/jiti) by extension 'python_setup_py'
[2.262s] [34mcolcon.colcon_core.package_identification[0m [1;30mLevel 1[0m _identify(node_modules/jiti/dist) by extensions ['ignore', 'ignore_ament_install']
[2.263s] [34mcolcon.colcon_core.package_identification[0m [1;30mLevel 1[0m _identify(node_modules/jiti/dist) by extension 'ignore'
[2.264s] [34mcolcon.colcon_core.package_identification[0m [1;30mLevel 1[0m _identify(node_modules/jiti/dist) by extension 'ignore_ament_install'
[2.267s] [34mcolcon.colcon_core.package_identification[0m [1;30mLevel 1[0m _identify(node_modules/jiti/dist) by extensions ['colcon_pkg']
[2.267s] [34mcolcon.colcon_core.package_identification[0m [1;30mLevel 1[0m _identify(node_modules/jiti/dist) by extension 'colcon_pkg'
[2.268s] [34mcolcon.colcon_core.package_identification[0m [1;30mLevel 1[0m _identify(node_modules/jiti/dist) by extensions ['colcon_meta']
[2.268s] [34mcolcon.colcon_core.package_identification[0m [1;30mLevel 1[0m _identify(node_modules/jiti/dist) by extension 'colcon_meta'
[2.271s] [34mcolcon.colcon_core.package_identification[0m [1;30mLevel 1[0m _identify(node_modules/jiti/dist) by extensions ['ros']
[2.271s] [34mcolcon.colcon_core.package_identification[0m [1;30mLevel 1[0m _identify(node_modules/jiti/dist) by extension 'ros'
[2.276s] [34mcolcon.colcon_core.package_identification[0m [1;30mLevel 1[0m _identify(node_modules/jiti/dist) by extensions ['cmake', 'python']
[2.276s] [34mcolcon.colcon_core.package_identification[0m [1;30mLevel 1[0m _identify(node_modules/jiti/dist) by extension 'cmake'
[2.277s] [34mcolcon.colcon_core.package_identification[0m [1;30mLevel 1[0m _identify(node_modules/jiti/dist) by extension 'python'
[2.278s] [34mcolcon.colcon_core.package_identification[0m [1;30mLevel 1[0m _identify(node_modules/jiti/dist) by extensions ['python_setup_py']
[2.279s] [34mcolcon.colcon_core.package_identification[0m [1;30mLevel 1[0m _identify(node_modules/jiti/dist) by extension 'python_setup_py'
[2.284s] [34mcolcon.colcon_core.package_identification[0m [1;30mLevel 1[0m _identify(node_modules/jiti/lib) by extensions ['ignore', 'ignore_ament_install']
[2.285s] [34mcolcon.colcon_core.package_identification[0m [1;30mLevel 1[0m _identify(node_modules/jiti/lib) by extension 'ignore'
[2.286s] [34mcolcon.colcon_core.package_identification[0m [1;30mLevel 1[0m _identify(node_modules/jiti/lib) by extension 'ignore_ament_install'
[2.289s] [34mcolcon.colcon_core.package_identification[0m [1;30mLevel 1[0m _identify(node_modules/jiti/lib) by extensions ['colcon_pkg']
[2.289s] [34mcolcon.colcon_core.package_identification[0m [1;30mLevel 1[0m _identify(node_modules/jiti/lib) by extension 'colcon_pkg'
[2.290s] [34mcolcon.colcon_core.package_identification[0m [1;30mLevel 1[0m _identify(node_modules/jiti/lib) by extensions ['colcon_meta']
[2.290s] [34mcolcon.colcon_core.package_identification[0m [1;30mLevel 1[0m _identify(node_modules/jiti/lib) by extension 'colcon_meta'
[2.293s] [34mcolcon.colcon_core.package_identification[0m [1;30mLevel 1[0m _identify(node_modules/jiti/lib) by extensions ['ros']
[2.293s] [34mcolcon.colcon_core.package_identification[0m [1;30mLevel 1[0m _identify(node_modules/jiti/lib) by extension 'ros'
[2.298s] [34mcolcon.colcon_core.package_identification[0m [1;30mLevel 1[0m _identify(node_modules/jiti/lib) by extensions ['cmake', 'python']
[2.298s] [34mcolcon.colcon_core.package_identification[0m [1;30mLevel 1[0m _identify(node_modules/jiti/lib) by extension 'cmake'
[2.299s] [34mcolcon.colcon_core.package_identification[0m [1;30mLevel 1[0m _identify(node_modules/jiti/lib) by extension 'python'
[2.300s] [34mcolcon.colcon_core.package_identification[0m [1;30mLevel 1[0m _identify(node_modules/jiti/lib) by extensions ['python_setup_py']
[2.301s] [34mcolcon.colcon_core.package_identification[0m [1;30mLevel 1[0m _identify(node_modules/jiti/lib) by extension 'python_setup_py'
[2.305s] [34mcolcon.colcon_core.package_identification[0m [1;30mLevel 1[0m _identify(node_modules/lightningcss) by extensions ['ignore', 'ignore_ament_install']
[2.305s] [34mcolcon.colcon_core.package_identification[0m [1;30mLevel 1[0m _identify(node_modules/lightningcss) by extension 'ignore'
[2.306s] [34mcolcon.colcon_core.package_identification[0m [1;30mLevel 1[0m _identify(node_modules/lightningcss) by extension 'ignore_ament_install'
[2.308s] [34mcolcon.colcon_core.package_identification[0m [1;30mLevel 1[0m _identify(node_modules/lightningcss) by extensions ['colcon_pkg']
[2.308s] [34mcolcon.colcon_core.package_identification[0m [1;30mLevel 1[0m _identify(node_modules/lightningcss) by extension 'colcon_pkg'
[2.309s] [34mcolcon.colcon_core.package_identification[0m [1;30mLevel 1[0m _identify(node_modules/lightningcss) by extensions ['colcon_meta']
[2.309s] [34mcolcon.colcon_core.package_identification[0m [1;30mLevel 1[0m _identify(node_modules/lightningcss) by extension 'colcon_meta'
[2.311s] [34mcolcon.colcon_core.package_identification[0m [1;30mLevel 1[0m _identify(node_modules/lightningcss) by extensions ['ros']
[2.311s] [34mcolcon.colcon_core.package_identification[0m [1;30mLevel 1[0m _identify(node_modules/lightningcss) by extension 'ros'
[2.315s] [34mcolcon.colcon_core.package_identification[0m [1;30mLevel 1[0m _identify(node_modules/lightningcss) by extensions ['cmake', 'python']
[2.315s] [34mcolcon.colcon_core.package_identification[0m [1;30mLevel 1[0m _identify(node_modules/lightningcss) by extension 'cmake'
[2.316s] [34mcolcon.colcon_core.package_identification[0m [1;30mLevel 1[0m _identify(node_modules/lightningcss) by extension 'python'
[2.317s] [34mcolcon.colcon_core.package_identification[0m [1;30mLevel 1[0m _identify(node_modules/lightningcss) by extensions ['python_setup_py']
[2.317s] [34mcolcon.colcon_core.package_identification[0m [1;30mLevel 1[0m _identify(node_modules/lightningcss) by extension 'python_setup_py'
[2.323s] [34mcolcon.colcon_core.package_identification[0m [1;30mLevel 1[0m _identify(node_modules/lightningcss/node) by extensions ['ignore', 'ignore_ament_install']
[2.323s] [34mcolcon.colcon_core.package_identification[0m [1;30mLevel 1[0m _identify(node_modules/lightningcss/node) by extension 'ignore'
[2.324s] [34mcolcon.colcon_core.package_identification[0m [1;30mLevel 1[0m _identify(node_modules/lightningcss/node) by extension 'ignore_ament_install'
[2.327s] [34mcolcon.colcon_core.package_identification[0m [1;30mLevel 1[0m _identify(node_modules/lightningcss/node) by extensions ['colcon_pkg']
[2.327s] [34mcolcon.colcon_core.package_identification[0m [1;30mLevel 1[0m _identify(node_modules/lightningcss/node) by extension 'colcon_pkg'
[2.328s] [34mcolcon.colcon_core.package_identification[0m [1;30mLevel 1[0m _identify(node_modules/lightningcss/node) by extensions ['colcon_meta']
[2.328s] [34mcolcon.colcon_core.package_identification[0m [1;30mLevel 1[0m _identify(node_modules/lightningcss/node) by extension 'colcon_meta'
[2.330s] [34mcolcon.colcon_core.package_identification[0m [1;30mLevel 1[0m _identify(node_modules/lightningcss/node) by extensions ['ros']
[2.331s] [34mcolcon.colcon_core.package_identification[0m [1;30mLevel 1[0m _identify(node_modules/lightningcss/node) by extension 'ros'
[2.336s] [34mcolcon.colcon_core.package_identification[0m [1;30mLevel 1[0m _identify(node_modules/lightningcss/node) by extensions ['cmake', 'python']
[2.336s] [34mcolcon.colcon_core.package_identification[0m [1;30mLevel 1[0m _identify(node_modules/lightningcss/node) by extension 'cmake'
[2.337s] [34mcolcon.colcon_core.package_identification[0m [1;30mLevel 1[0m _identify(node_modules/lightningcss/node) by extension 'python'
[2.338s] [34mcolcon.colcon_core.package_identification[0m [1;30mLevel 1[0m _identify(node_modules/lightningcss/node) by extensions ['python_setup_py']
[2.339s] [34mcolcon.colcon_core.package_identification[0m [1;30mLevel 1[0m _identify(node_modules/lightningcss/node) by extension 'python_setup_py'
[2.344s] [34mcolcon.colcon_core.package_identification[0m [1;30mLevel 1[0m _identify(node_modules/lightningcss/node_modules) by extensions ['ignore', 'ignore_ament_install']
[2.344s] [34mcolcon.colcon_core.package_identification[0m [1;30mLevel 1[0m _identify(node_modules/lightningcss/node_modules) by extension 'ignore'
[2.345s] [34mcolcon.colcon_core.package_identification[0m [1;30mLevel 1[0m _identify(node_modules/lightningcss/node_modules) by extension 'ignore_ament_install'
[2.348s] [34mcolcon.colcon_core.package_identification[0m [1;30mLevel 1[0m _identify(node_modules/lightningcss/node_modules) by extensions ['colcon_pkg']
[2.348s] [34mcolcon.colcon_core.package_identification[0m [1;30mLevel 1[0m _identify(node_modules/lightningcss/node_modules) by extension 'colcon_pkg'
[2.349s] [34mcolcon.colcon_core.package_identification[0m [1;30mLevel 1[0m _identify(node_modules/lightningcss/node_modules) by extensions ['colcon_meta']
[2.350s] [34mcolcon.colcon_core.package_identification[0m [1;30mLevel 1[0m _identify(node_modules/lightningcss/node_modules) by extension 'colcon_meta'
[2.352s] [34mcolcon.colcon_core.package_identification[0m [1;30mLevel 1[0m _identify(node_modules/lightningcss/node_modules) by extensions ['ros']
[2.352s] [34mcolcon.colcon_core.package_identification[0m [1;30mLevel 1[0m _identify(node_modules/lightningcss/node_modules) by extension 'ros'
[2.357s] [34mcolcon.colcon_core.package_identification[0m [1;30mLevel 1[0m _identify(node_modules/lightningcss/node_modules) by extensions ['cmake', 'python']
[2.357s] [34mcolcon.colcon_core.package_identification[0m [1;30mLevel 1[0m _identify(node_modules/lightningcss/node_modules) by extension 'cmake'
[2.358s] [34mcolcon.colcon_core.package_identification[0m [1;30mLevel 1[0m _identify(node_modules/lightningcss/node_modules) by extension 'python'
[2.359s] [34mcolcon.colcon_core.package_identification[0m [1;30mLevel 1[0m _identify(node_modules/lightningcss/node_modules) by extensions ['python_setup_py']
[2.360s] [34mcolcon.colcon_core.package_identification[0m [1;30mLevel 1[0m _identify(node_modules/lightningcss/node_modules) by extension 'python_setup_py'
[2.366s] [34mcolcon.colcon_core.package_identification[0m [1;30mLevel 1[0m _identify(node_modules/lightningcss/node_modules/detect-libc) by extensions ['ignore', 'ignore_ament_install']
[2.366s] [34mcolcon.colcon_core.package_identification[0m [1;30mLevel 1[0m _identify(node_modules/lightningcss/node_modules/detect-libc) by extension 'ignore'
[2.368s] [34mcolcon.colcon_core.package_identification[0m [1;30mLevel 1[0m _identify(node_modules/lightningcss/node_modules/detect-libc) by extension 'ignore_ament_install'
[2.370s] [34mcolcon.colcon_core.package_identification[0m [1;30mLevel 1[0m _identify(node_modules/lightningcss/node_modules/detect-libc) by extensions ['colcon_pkg']
[2.371s] [34mcolcon.colcon_core.package_identification[0m [1;30mLevel 1[0m _identify(node_modules/lightningcss/node_modules/detect-libc) by extension 'colcon_pkg'
[2.372s] [34mcolcon.colcon_core.package_identification[0m [1;30mLevel 1[0m _identify(node_modules/lightningcss/node_modules/detect-libc) by extensions ['colcon_meta']
[2.372s] [34mcolcon.colcon_core.package_identification[0m [1;30mLevel 1[0m _identify(node_modules/lightningcss/node_modules/detect-libc) by extension 'colcon_meta'
[2.376s] [34mcolcon.colcon_core.package_identification[0m [1;30mLevel 1[0m _identify(node_modules/lightningcss/node_modules/detect-libc) by extensions ['ros']
[2.376s] [34mcolcon.colcon_core.package_identification[0m [1;30mLevel 1[0m _identify(node_modules/lightningcss/node_modules/detect-libc) by extension 'ros'
[2.383s] [34mcolcon.colcon_core.package_identification[0m [1;30mLevel 1[0m _identify(node_modules/lightningcss/node_modules/detect-libc) by extensions ['cmake', 'python']
[2.383s] [34mcolcon.colcon_core.package_identification[0m [1;30mLevel 1[0m _identify(node_modules/lightningcss/node_modules/detect-libc) by extension 'cmake'
[2.384s] [34mcolcon.colcon_core.package_identification[0m [1;30mLevel 1[0m _identify(node_modules/lightningcss/node_modules/detect-libc) by extension 'python'
[2.386s] [34mcolcon.colcon_core.package_identification[0m [1;30mLevel 1[0m _identify(node_modules/lightningcss/node_modules/detect-libc) by extensions ['python_setup_py']
[2.386s] [34mcolcon.colcon_core.package_identification[0m [1;30mLevel 1[0m _identify(node_modules/lightningcss/node_modules/detect-libc) by extension 'python_setup_py'
[2.395s] [34mcolcon.colcon_core.package_identification[0m [1;30mLevel 1[0m _identify(node_modules/lightningcss/node_modules/detect-libc/lib) by extensions ['ignore', 'ignore_ament_install']
[2.395s] [34mcolcon.colcon_core.package_identification[0m [1;30mLevel 1[0m _identify(node_modules/lightningcss/node_modules/detect-libc/lib) by extension 'ignore'
[2.397s] [34mcolcon.colcon_core.package_identification[0m [1;30mLevel 1[0m _identify(node_modules/lightningcss/node_modules/detect-libc/lib) by extension 'ignore_ament_install'
[2.400s] [34mcolcon.colcon_core.package_identification[0m [1;30mLevel 1[0m _identify(node_modules/lightningcss/node_modules/detect-libc/lib) by extensions ['colcon_pkg']
[2.400s] [34mcolcon.colcon_core.package_identification[0m [1;30mLevel 1[0m _identify(node_modules/lightningcss/node_modules/detect-libc/lib) by extension 'colcon_pkg'
[2.402s] [34mcolcon.colcon_core.package_identification[0m [1;30mLevel 1[0m _identify(node_modules/lightningcss/node_modules/detect-libc/lib) by extensions ['colcon_meta']
[2.402s] [34mcolcon.colcon_core.package_identification[0m [1;30mLevel 1[0m _identify(node_modules/lightningcss/node_modules/detect-libc/lib) by extension 'colcon_meta'
[2.407s] [34mcolcon.colcon_core.package_identification[0m [1;30mLevel 1[0m _identify(node_modules/lightningcss/node_modules/detect-libc/lib) by extensions ['ros']
[2.407s] [34mcolcon.colcon_core.package_identification[0m [1;30mLevel 1[0m _identify(node_modules/lightningcss/node_modules/detect-libc/lib) by extension 'ros'
[2.415s] [34mcolcon.colcon_core.package_identification[0m [1;30mLevel 1[0m _identify(node_modules/lightningcss/node_modules/detect-libc/lib) by extensions ['cmake', 'python']
[2.415s] [34mcolcon.colcon_core.package_identification[0m [1;30mLevel 1[0m _identify(node_modules/lightningcss/node_modules/detect-libc/lib) by extension 'cmake'
[2.417s] [34mcolcon.colcon_core.package_identification[0m [1;30mLevel 1[0m _identify(node_modules/lightningcss/node_modules/detect-libc/lib) by extension 'python'
[2.419s] [34mcolcon.colcon_core.package_identification[0m [1;30mLevel 1[0m _identify(node_modules/lightningcss/node_modules/detect-libc/lib) by extensions ['python_setup_py']
[2.419s] [34mcolcon.colcon_core.package_identification[0m [1;30mLevel 1[0m _identify(node_modules/lightningcss/node_modules/detect-libc/lib) by extension 'python_setup_py'
[2.423s] [34mcolcon.colcon_core.package_identification[0m [1;30mLevel 1[0m _identify(node_modules/lightningcss-win32-x64-msvc) by extensions ['ignore', 'ignore_ament_install']
[2.424s] [34mcolcon.colcon_core.package_identification[0m [1;30mLevel 1[0m _identify(node_modules/lightningcss-win32-x64-msvc) by extension 'ignore'
[2.425s] [34mcolcon.colcon_core.package_identification[0m [1;30mLevel 1[0m _identify(node_modules/lightningcss-win32-x64-msvc) by extension 'ignore_ament_install'
[2.426s] [34mcolcon.colcon_core.package_identification[0m [1;30mLevel 1[0m _identify(node_modules/lightningcss-win32-x64-msvc) by extensions ['colcon_pkg']
[2.426s] [34mcolcon.colcon_core.package_identification[0m [1;30mLevel 1[0m _identify(node_modules/lightningcss-win32-x64-msvc) by extension 'colcon_pkg'
[2.427s] [34mcolcon.colcon_core.package_identification[0m [1;30mLevel 1[0m _identify(node_modules/lightningcss-win32-x64-msvc) by extensions ['colcon_meta']
[2.427s] [34mcolcon.colcon_core.package_identification[0m [1;30mLevel 1[0m _identify(node_modules/lightningcss-win32-x64-msvc) by extension 'colcon_meta'
[2.429s] [34mcolcon.colcon_core.package_identification[0m [1;30mLevel 1[0m _identify(node_modules/lightningcss-win32-x64-msvc) by extensions ['ros']
[2.429s] [34mcolcon.colcon_core.package_identification[0m [1;30mLevel 1[0m _identify(node_modules/lightningcss-win32-x64-msvc) by extension 'ros'
[2.432s] [34mcolcon.colcon_core.package_identification[0m [1;30mLevel 1[0m _identify(node_modules/lightningcss-win32-x64-msvc) by extensions ['cmake', 'python']
[2.432s] [34mcolcon.colcon_core.package_identification[0m [1;30mLevel 1[0m _identify(node_modules/lightningcss-win32-x64-msvc) by extension 'cmake'
[2.433s] [34mcolcon.colcon_core.package_identification[0m [1;30mLevel 1[0m _identify(node_modules/lightningcss-win32-x64-msvc) by extension 'python'
[2.434s] [34mcolcon.colcon_core.package_identification[0m [1;30mLevel 1[0m _identify(node_modules/lightningcss-win32-x64-msvc) by extensions ['python_setup_py']
[2.434s] [34mcolcon.colcon_core.package_identification[0m [1;30mLevel 1[0m _identify(node_modules/lightningcss-win32-x64-msvc) by extension 'python_setup_py'
[2.438s] [34mcolcon.colcon_core.package_identification[0m [1;30mLevel 1[0m _identify(node_modules/micromatch) by extensions ['ignore', 'ignore_ament_install']
[2.438s] [34mcolcon.colcon_core.package_identification[0m [1;30mLevel 1[0m _identify(node_modules/micromatch) by extension 'ignore'
[2.439s] [34mcolcon.colcon_core.package_identification[0m [1;30mLevel 1[0m _identify(node_modules/micromatch) by extension 'ignore_ament_install'
[2.440s] [34mcolcon.colcon_core.package_identification[0m [1;30mLevel 1[0m _identify(node_modules/micromatch) by extensions ['colcon_pkg']
[2.440s] [34mcolcon.colcon_core.package_identification[0m [1;30mLevel 1[0m _identify(node_modules/micromatch) by extension 'colcon_pkg'
[2.441s] [34mcolcon.colcon_core.package_identification[0m [1;30mLevel 1[0m _identify(node_modules/micromatch) by extensions ['colcon_meta']
[2.441s] [34mcolcon.colcon_core.package_identification[0m [1;30mLevel 1[0m _identify(node_modules/micromatch) by extension 'colcon_meta'
[2.443s] [34mcolcon.colcon_core.package_identification[0m [1;30mLevel 1[0m _identify(node_modules/micromatch) by extensions ['ros']
[2.443s] [34mcolcon.colcon_core.package_identification[0m [1;30mLevel 1[0m _identify(node_modules/micromatch) by extension 'ros'
[2.446s] [34mcolcon.colcon_core.package_identification[0m [1;30mLevel 1[0m _identify(node_modules/micromatch) by extensions ['cmake', 'python']
[2.446s] [34mcolcon.colcon_core.package_identification[0m [1;30mLevel 1[0m _identify(node_modules/micromatch) by extension 'cmake'
[2.447s] [34mcolcon.colcon_core.package_identification[0m [1;30mLevel 1[0m _identify(node_modules/micromatch) by extension 'python'
[2.448s] [34mcolcon.colcon_core.package_identification[0m [1;30mLevel 1[0m _identify(node_modules/micromatch) by extensions ['python_setup_py']
[2.448s] [34mcolcon.colcon_core.package_identification[0m [1;30mLevel 1[0m _identify(node_modules/micromatch) by extension 'python_setup_py'
[2.452s] [34mcolcon.colcon_core.package_identification[0m [1;30mLevel 1[0m _identify(node_modules/mri) by extensions ['ignore', 'ignore_ament_install']
[2.452s] [34mcolcon.colcon_core.package_identification[0m [1;30mLevel 1[0m _identify(node_modules/mri) by extension 'ignore'
[2.453s] [34mcolcon.colcon_core.package_identification[0m [1;30mLevel 1[0m _identify(node_modules/mri) by extension 'ignore_ament_install'
[2.454s] [34mcolcon.colcon_core.package_identification[0m [1;30mLevel 1[0m _identify(node_modules/mri) by extensions ['colcon_pkg']
[2.455s] [34mcolcon.colcon_core.package_identification[0m [1;30mLevel 1[0m _identify(node_modules/mri) by extension 'colcon_pkg'
[2.455s] [34mcolcon.colcon_core.package_identification[0m [1;30mLevel 1[0m _identify(node_modules/mri) by extensions ['colcon_meta']
[2.456s] [34mcolcon.colcon_core.package_identification[0m [1;30mLevel 1[0m _identify(node_modules/mri) by extension 'colcon_meta'
[2.457s] [34mcolcon.colcon_core.package_identification[0m [1;30mLevel 1[0m _identify(node_modules/mri) by extensions ['ros']
[2.457s] [34mcolcon.colcon_core.package_identification[0m [1;30mLevel 1[0m _identify(node_modules/mri) by extension 'ros'
[2.460s] [34mcolcon.colcon_core.package_identification[0m [1;30mLevel 1[0m _identify(node_modules/mri) by extensions ['cmake', 'python']
[2.461s] [34mcolcon.colcon_core.package_identification[0m [1;30mLevel 1[0m _identify(node_modules/mri) by extension 'cmake'
[2.462s] [34mcolcon.colcon_core.package_identification[0m [1;30mLevel 1[0m _identify(node_modules/mri) by extension 'python'
[2.462s] [34mcolcon.colcon_core.package_identification[0m [1;30mLevel 1[0m _identify(node_modules/mri) by extensions ['python_setup_py']
[2.463s] [34mcolcon.colcon_core.package_identification[0m [1;30mLevel 1[0m _identify(node_modules/mri) by extension 'python_setup_py'
[2.467s] [34mcolcon.colcon_core.package_identification[0m [1;30mLevel 1[0m _identify(node_modules/mri/lib) by extensions ['ignore', 'ignore_ament_install']
[2.467s] [34mcolcon.colcon_core.package_identification[0m [1;30mLevel 1[0m _identify(node_modules/mri/lib) by extension 'ignore'
[2.469s] [34mcolcon.colcon_core.package_identification[0m [1;30mLevel 1[0m _identify(node_modules/mri/lib) by extension 'ignore_ament_install'
[2.471s] [34mcolcon.colcon_core.package_identification[0m [1;30mLevel 1[0m _identify(node_modules/mri/lib) by extensions ['colcon_pkg']
[2.471s] [34mcolcon.colcon_core.package_identification[0m [1;30mLevel 1[0m _identify(node_modules/mri/lib) by extension 'colcon_pkg'
[2.472s] [34mcolcon.colcon_core.package_identification[0m [1;30mLevel 1[0m _identify(node_modules/mri/lib) by extensions ['colcon_meta']
[2.472s] [34mcolcon.colcon_core.package_identification[0m [1;30mLevel 1[0m _identify(node_modules/mri/lib) by extension 'colcon_meta'
[2.474s] [34mcolcon.colcon_core.package_identification[0m [1;30mLevel 1[0m _identify(node_modules/mri/lib) by extensions ['ros']
[2.475s] [34mcolcon.colcon_core.package_identification[0m [1;30mLevel 1[0m _identify(node_modules/mri/lib) by extension 'ros'
[2.480s] [34mcolcon.colcon_core.package_identification[0m [1;30mLevel 1[0m _identify(node_modules/mri/lib) by extensions ['cmake', 'python']
[2.480s] [34mcolcon.colcon_core.package_identification[0m [1;30mLevel 1[0m _identify(node_modules/mri/lib) by extension 'cmake'
[2.481s] [34mcolcon.colcon_core.package_identification[0m [1;30mLevel 1[0m _identify(node_modules/mri/lib) by extension 'python'
[2.482s] [34mcolcon.colcon_core.package_identification[0m [1;30mLevel 1[0m _identify(node_modules/mri/lib) by extensions ['python_setup_py']
[2.482s] [34mcolcon.colcon_core.package_identification[0m [1;30mLevel 1[0m _identify(node_modules/mri/lib) by extension 'python_setup_py'
[2.486s] [34mcolcon.colcon_core.package_identification[0m [1;30mLevel 1[0m _identify(node_modules/node-addon-api) by extensions ['ignore', 'ignore_ament_install']
[2.486s] [34mcolcon.colcon_core.package_identification[0m [1;30mLevel 1[0m _identify(node_modules/node-addon-api) by extension 'ignore'
[2.487s] [34mcolcon.colcon_core.package_identification[0m [1;30mLevel 1[0m _identify(node_modules/node-addon-api) by extension 'ignore_ament_install'
[2.489s] [34mcolcon.colcon_core.package_identification[0m [1;30mLevel 1[0m _identify(node_modules/node-addon-api) by extensions ['colcon_pkg']
[2.489s] [34mcolcon.colcon_core.package_identification[0m [1;30mLevel 1[0m _identify(node_modules/node-addon-api) by extension 'colcon_pkg'
[2.490s] [34mcolcon.colcon_core.package_identification[0m [1;30mLevel 1[0m _identify(node_modules/node-addon-api) by extensions ['colcon_meta']
[2.490s] [34mcolcon.colcon_core.package_identification[0m [1;30mLevel 1[0m _identify(node_modules/node-addon-api) by extension 'colcon_meta'
[2.491s] [34mcolcon.colcon_core.package_identification[0m [1;30mLevel 1[0m _identify(node_modules/node-addon-api) by extensions ['ros']
[2.492s] [34mcolcon.colcon_core.package_identification[0m [1;30mLevel 1[0m _identify(node_modules/node-addon-api) by extension 'ros'
[2.495s] [34mcolcon.colcon_core.package_identification[0m [1;30mLevel 1[0m _identify(node_modules/node-addon-api) by extensions ['cmake', 'python']
[2.495s] [34mcolcon.colcon_core.package_identification[0m [1;30mLevel 1[0m _identify(node_modules/node-addon-api) by extension 'cmake'
[2.496s] [34mcolcon.colcon_core.package_identification[0m [1;30mLevel 1[0m _identify(node_modules/node-addon-api) by extension 'python'
[2.497s] [34mcolcon.colcon_core.package_identification[0m [1;30mLevel 1[0m _identify(node_modules/node-addon-api) by extensions ['python_setup_py']
[2.497s] [34mcolcon.colcon_core.package_identification[0m [1;30mLevel 1[0m _identify(node_modules/node-addon-api) by extension 'python_setup_py'
[2.502s] [34mcolcon.colcon_core.package_identification[0m [1;30mLevel 1[0m _identify(node_modules/node-addon-api/tools) by extensions ['ignore', 'ignore_ament_install']
[2.502s] [34mcolcon.colcon_core.package_identification[0m [1;30mLevel 1[0m _identify(node_modules/node-addon-api/tools) by extension 'ignore'
[2.503s] [34mcolcon.colcon_core.package_identification[0m [1;30mLevel 1[0m _identify(node_modules/node-addon-api/tools) by extension 'ignore_ament_install'
[2.505s] [34mcolcon.colcon_core.package_identification[0m [1;30mLevel 1[0m _identify(node_modules/node-addon-api/tools) by extensions ['colcon_pkg']
[2.505s] [34mcolcon.colcon_core.package_identification[0m [1;30mLevel 1[0m _identify(node_modules/node-addon-api/tools) by extension 'colcon_pkg'
[2.506s] [34mcolcon.colcon_core.package_identification[0m [1;30mLevel 1[0m _identify(node_modules/node-addon-api/tools) by extensions ['colcon_meta']
[2.506s] [34mcolcon.colcon_core.package_identification[0m [1;30mLevel 1[0m _identify(node_modules/node-addon-api/tools) by extension 'colcon_meta'
[2.508s] [34mcolcon.colcon_core.package_identification[0m [1;30mLevel 1[0m _identify(node_modules/node-addon-api/tools) by extensions ['ros']
[2.509s] [34mcolcon.colcon_core.package_identification[0m [1;30mLevel 1[0m _identify(node_modules/node-addon-api/tools) by extension 'ros'
[2.513s] [34mcolcon.colcon_core.package_identification[0m [1;30mLevel 1[0m _identify(node_modules/node-addon-api/tools) by extensions ['cmake', 'python']
[2.513s] [34mcolcon.colcon_core.package_identification[0m [1;30mLevel 1[0m _identify(node_modules/node-addon-api/tools) by extension 'cmake'
[2.515s] [34mcolcon.colcon_core.package_identification[0m [1;30mLevel 1[0m _identify(node_modules/node-addon-api/tools) by extension 'python'
[2.516s] [34mcolcon.colcon_core.package_identification[0m [1;30mLevel 1[0m _identify(node_modules/node-addon-api/tools) by extensions ['python_setup_py']
[2.516s] [34mcolcon.colcon_core.package_identification[0m [1;30mLevel 1[0m _identify(node_modules/node-addon-api/tools) by extension 'python_setup_py'
[2.520s] [34mcolcon.colcon_core.package_identification[0m [1;30mLevel 1[0m _identify(node_modules/picocolors) by extensions ['ignore', 'ignore_ament_install']
[2.520s] [34mcolcon.colcon_core.package_identification[0m [1;30mLevel 1[0m _identify(node_modules/picocolors) by extension 'ignore'
[2.521s] [34mcolcon.colcon_core.package_identification[0m [1;30mLevel 1[0m _identify(node_modules/picocolors) by extension 'ignore_ament_install'
[2.522s] [34mcolcon.colcon_core.package_identification[0m [1;30mLevel 1[0m _identify(node_modules/picocolors) by extensions ['colcon_pkg']
[2.522s] [34mcolcon.colcon_core.package_identification[0m [1;30mLevel 1[0m _identify(node_modules/picocolors) by extension 'colcon_pkg'
[2.523s] [34mcolcon.colcon_core.package_identification[0m [1;30mLevel 1[0m _identify(node_modules/picocolors) by extensions ['colcon_meta']
[2.523s] [34mcolcon.colcon_core.package_identification[0m [1;30mLevel 1[0m _identify(node_modules/picocolors) by extension 'colcon_meta'
[2.525s] [34mcolcon.colcon_core.package_identification[0m [1;30mLevel 1[0m _identify(node_modules/picocolors) by extensions ['ros']
[2.525s] [34mcolcon.colcon_core.package_identification[0m [1;30mLevel 1[0m _identify(node_modules/picocolors) by extension 'ros'
[2.528s] [34mcolcon.colcon_core.package_identification[0m [1;30mLevel 1[0m _identify(node_modules/picocolors) by extensions ['cmake', 'python']
[2.528s] [34mcolcon.colcon_core.package_identification[0m [1;30mLevel 1[0m _identify(node_modules/picocolors) by extension 'cmake'
[2.529s] [34mcolcon.colcon_core.package_identification[0m [1;30mLevel 1[0m _identify(node_modules/picocolors) by extension 'python'
[2.530s] [34mcolcon.colcon_core.package_identification[0m [1;30mLevel 1[0m _identify(node_modules/picocolors) by extensions ['python_setup_py']
[2.530s] [34mcolcon.colcon_core.package_identification[0m [1;30mLevel 1[0m _identify(node_modules/picocolors) by extension 'python_setup_py'
[2.533s] [34mcolcon.colcon_core.package_identification[0m [1;30mLevel 1[0m _identify(node_modules/picomatch) by extensions ['ignore', 'ignore_ament_install']
[2.534s] [34mcolcon.colcon_core.package_identification[0m [1;30mLevel 1[0m _identify(node_modules/picomatch) by extension 'ignore'
[2.534s] [34mcolcon.colcon_core.package_identification[0m [1;30mLevel 1[0m _identify(node_modules/picomatch) by extension 'ignore_ament_install'
[2.536s] [34mcolcon.colcon_core.package_identification[0m [1;30mLevel 1[0m _identify(node_modules/picomatch) by extensions ['colcon_pkg']
[2.536s] [34mcolcon.colcon_core.package_identification[0m [1;30mLevel 1[0m _identify(node_modules/picomatch) by extension 'colcon_pkg'
[2.537s] [34mcolcon.colcon_core.package_identification[0m [1;30mLevel 1[0m _identify(node_modules/picomatch) by extensions ['colcon_meta']
[2.537s] [34mcolcon.colcon_core.package_identification[0m [1;30mLevel 1[0m _identify(node_modules/picomatch) by extension 'colcon_meta'
[2.538s] [34mcolcon.colcon_core.package_identification[0m [1;30mLevel 1[0m _identify(node_modules/picomatch) by extensions ['ros']
[2.538s] [34mcolcon.colcon_core.package_identification[0m [1;30mLevel 1[0m _identify(node_modules/picomatch) by extension 'ros'
[2.542s] [34mcolcon.colcon_core.package_identification[0m [1;30mLevel 1[0m _identify(node_modules/picomatch) by extensions ['cmake', 'python']
[2.542s] [34mcolcon.colcon_core.package_identification[0m [1;30mLevel 1[0m _identify(node_modules/picomatch) by extension 'cmake'
[2.543s] [34mcolcon.colcon_core.package_identification[0m [1;30mLevel 1[0m _identify(node_modules/picomatch) by extension 'python'
[2.543s] [34mcolcon.colcon_core.package_identification[0m [1;30mLevel 1[0m _identify(node_modules/picomatch) by extensions ['python_setup_py']
[2.544s] [34mcolcon.colcon_core.package_identification[0m [1;30mLevel 1[0m _identify(node_modules/picomatch) by extension 'python_setup_py'
[2.548s] [34mcolcon.colcon_core.package_identification[0m [1;30mLevel 1[0m _identify(node_modules/picomatch/lib) by extensions ['ignore', 'ignore_ament_install']
[2.549s] [34mcolcon.colcon_core.package_identification[0m [1;30mLevel 1[0m _identify(node_modules/picomatch/lib) by extension 'ignore'
[2.550s] [34mcolcon.colcon_core.package_identification[0m [1;30mLevel 1[0m _identify(node_modules/picomatch/lib) by extension 'ignore_ament_install'
[2.552s] [34mcolcon.colcon_core.package_identification[0m [1;30mLevel 1[0m _identify(node_modules/picomatch/lib) by extensions ['colcon_pkg']
[2.552s] [34mcolcon.colcon_core.package_identification[0m [1;30mLevel 1[0m _identify(node_modules/picomatch/lib) by extension 'colcon_pkg'
[2.553s] [34mcolcon.colcon_core.package_identification[0m [1;30mLevel 1[0m _identify(node_modules/picomatch/lib) by extensions ['colcon_meta']
[2.553s] [34mcolcon.colcon_core.package_identification[0m [1;30mLevel 1[0m _identify(node_modules/picomatch/lib) by extension 'colcon_meta'
[2.555s] [34mcolcon.colcon_core.package_identification[0m [1;30mLevel 1[0m _identify(node_modules/picomatch/lib) by extensions ['ros']
[2.555s] [34mcolcon.colcon_core.package_identification[0m [1;30mLevel 1[0m _identify(node_modules/picomatch/lib) by extension 'ros'
[2.560s] [34mcolcon.colcon_core.package_identification[0m [1;30mLevel 1[0m _identify(node_modules/picomatch/lib) by extensions ['cmake', 'python']
[2.561s] [34mcolcon.colcon_core.package_identification[0m [1;30mLevel 1[0m _identify(node_modules/picomatch/lib) by extension 'cmake'
[2.562s] [34mcolcon.colcon_core.package_identification[0m [1;30mLevel 1[0m _identify(node_modules/picomatch/lib) by extension 'python'
[2.563s] [34mcolcon.colcon_core.package_identification[0m [1;30mLevel 1[0m _identify(node_modules/picomatch/lib) by extensions ['python_setup_py']
[2.563s] [34mcolcon.colcon_core.package_identification[0m [1;30mLevel 1[0m _identify(node_modules/picomatch/lib) by extension 'python_setup_py'
[2.566s] [34mcolcon.colcon_core.package_identification[0m [1;30mLevel 1[0m _identify(node_modules/tailwindcss) by extensions ['ignore', 'ignore_ament_install']
[2.567s] [34mcolcon.colcon_core.package_identification[0m [1;30mLevel 1[0m _identify(node_modules/tailwindcss) by extension 'ignore'
[2.567s] [34mcolcon.colcon_core.package_identification[0m [1;30mLevel 1[0m _identify(node_modules/tailwindcss) by extension 'ignore_ament_install'
[2.569s] [34mcolcon.colcon_core.package_identification[0m [1;30mLevel 1[0m _identify(node_modules/tailwindcss) by extensions ['colcon_pkg']
[2.569s] [34mcolcon.colcon_core.package_identification[0m [1;30mLevel 1[0m _identify(node_modules/tailwindcss) by extension 'colcon_pkg'
[2.570s] [34mcolcon.colcon_core.package_identification[0m [1;30mLevel 1[0m _identify(node_modules/tailwindcss) by extensions ['colcon_meta']
[2.570s] [34mcolcon.colcon_core.package_identification[0m [1;30mLevel 1[0m _identify(node_modules/tailwindcss) by extension 'colcon_meta'
[2.571s] [34mcolcon.colcon_core.package_identification[0m [1;30mLevel 1[0m _identify(node_modules/tailwindcss) by extensions ['ros']
[2.571s] [34mcolcon.colcon_core.package_identification[0m [1;30mLevel 1[0m _identify(node_modules/tailwindcss) by extension 'ros'
[2.575s] [34mcolcon.colcon_core.package_identification[0m [1;30mLevel 1[0m _identify(node_modules/tailwindcss) by extensions ['cmake', 'python']
[2.575s] [34mcolcon.colcon_core.package_identification[0m [1;30mLevel 1[0m _identify(node_modules/tailwindcss) by extension 'cmake'
[2.576s] [34mcolcon.colcon_core.package_identification[0m [1;30mLevel 1[0m _identify(node_modules/tailwindcss) by extension 'python'
[2.577s] [34mcolcon.colcon_core.package_identification[0m [1;30mLevel 1[0m _identify(node_modules/tailwindcss) by extensions ['python_setup_py']
[2.577s] [34mcolcon.colcon_core.package_identification[0m [1;30mLevel 1[0m _identify(node_modules/tailwindcss) by extension 'python_setup_py'
[2.582s] [34mcolcon.colcon_core.package_identification[0m [1;30mLevel 1[0m _identify(node_modules/tailwindcss/dist) by extensions ['ignore', 'ignore_ament_install']
[2.582s] [34mcolcon.colcon_core.package_identification[0m [1;30mLevel 1[0m _identify(node_modules/tailwindcss/dist) by extension 'ignore'
[2.583s] [34mcolcon.colcon_core.package_identification[0m [1;30mLevel 1[0m _identify(node_modules/tailwindcss/dist) by extension 'ignore_ament_install'
[2.585s] [34mcolcon.colcon_core.package_identification[0m [1;30mLevel 1[0m _identify(node_modules/tailwindcss/dist) by extensions ['colcon_pkg']
[2.585s] [34mcolcon.colcon_core.package_identification[0m [1;30mLevel 1[0m _identify(node_modules/tailwindcss/dist) by extension 'colcon_pkg'
[2.586s] [34mcolcon.colcon_core.package_identification[0m [1;30mLevel 1[0m _identify(node_modules/tailwindcss/dist) by extensions ['colcon_meta']
[2.586s] [34mcolcon.colcon_core.package_identification[0m [1;30mLevel 1[0m _identify(node_modules/tailwindcss/dist) by extension 'colcon_meta'
[2.589s] [34mcolcon.colcon_core.package_identification[0m [1;30mLevel 1[0m _identify(node_modules/tailwindcss/dist) by extensions ['ros']
[2.589s] [34mcolcon.colcon_core.package_identification[0m [1;30mLevel 1[0m _identify(node_modules/tailwindcss/dist) by extension 'ros'
[2.595s] [34mcolcon.colcon_core.package_identification[0m [1;30mLevel 1[0m _identify(node_modules/tailwindcss/dist) by extensions ['cmake', 'python']
[2.596s] [34mcolcon.colcon_core.package_identification[0m [1;30mLevel 1[0m _identify(node_modules/tailwindcss/dist) by extension 'cmake'
[2.597s] [34mcolcon.colcon_core.package_identification[0m [1;30mLevel 1[0m _identify(node_modules/tailwindcss/dist) by extension 'python'
[2.598s] [34mcolcon.colcon_core.package_identification[0m [1;30mLevel 1[0m _identify(node_modules/tailwindcss/dist) by extensions ['python_setup_py']
[2.598s] [34mcolcon.colcon_core.package_identification[0m [1;30mLevel 1[0m _identify(node_modules/tailwindcss/dist) by extension 'python_setup_py'
[2.603s] [34mcolcon.colcon_core.package_identification[0m [1;30mLevel 1[0m _identify(node_modules/tapable) by extensions ['ignore', 'ignore_ament_install']
[2.603s] [34mcolcon.colcon_core.package_identification[0m [1;30mLevel 1[0m _identify(node_modules/tapable) by extension 'ignore'
[2.604s] [34mcolcon.colcon_core.package_identification[0m [1;30mLevel 1[0m _identify(node_modules/tapable) by extension 'ignore_ament_install'
[2.605s] [34mcolcon.colcon_core.package_identification[0m [1;30mLevel 1[0m _identify(node_modules/tapable) by extensions ['colcon_pkg']
[2.605s] [34mcolcon.colcon_core.package_identification[0m [1;30mLevel 1[0m _identify(node_modules/tapable) by extension 'colcon_pkg'
[2.607s] [34mcolcon.colcon_core.package_identification[0m [1;30mLevel 1[0m _identify(node_modules/tapable) by extensions ['colcon_meta']
[2.607s] [34mcolcon.colcon_core.package_identification[0m [1;30mLevel 1[0m _identify(node_modules/tapable) by extension 'colcon_meta'
[2.608s] [34mcolcon.colcon_core.package_identification[0m [1;30mLevel 1[0m _identify(node_modules/tapable) by extensions ['ros']
[2.608s] [34mcolcon.colcon_core.package_identification[0m [1;30mLevel 1[0m _identify(node_modules/tapable) by extension 'ros'
[2.612s] [34mcolcon.colcon_core.package_identification[0m [1;30mLevel 1[0m _identify(node_modules/tapable) by extensions ['cmake', 'python']
[2.612s] [34mcolcon.colcon_core.package_identification[0m [1;30mLevel 1[0m _identify(node_modules/tapable) by extension 'cmake'
[2.613s] [34mcolcon.colcon_core.package_identification[0m [1;30mLevel 1[0m _identify(node_modules/tapable) by extension 'python'
[2.614s] [34mcolcon.colcon_core.package_identification[0m [1;30mLevel 1[0m _identify(node_modules/tapable) by extensions ['python_setup_py']
[2.614s] [34mcolcon.colcon_core.package_identification[0m [1;30mLevel 1[0m _identify(node_modules/tapable) by extension 'python_setup_py'
[2.618s] [34mcolcon.colcon_core.package_identification[0m [1;30mLevel 1[0m _identify(node_modules/tapable/lib) by extensions ['ignore', 'ignore_ament_install']
[2.619s] [34mcolcon.colcon_core.package_identification[0m [1;30mLevel 1[0m _identify(node_modules/tapable/lib) by extension 'ignore'
[2.620s] [34mcolcon.colcon_core.package_identification[0m [1;30mLevel 1[0m _identify(node_modules/tapable/lib) by extension 'ignore_ament_install'
[2.622s] [34mcolcon.colcon_core.package_identification[0m [1;30mLevel 1[0m _identify(node_modules/tapable/lib) by extensions ['colcon_pkg']
[2.622s] [34mcolcon.colcon_core.package_identification[0m [1;30mLevel 1[0m _identify(node_modules/tapable/lib) by extension 'colcon_pkg'
[2.623s] [34mcolcon.colcon_core.package_identification[0m [1;30mLevel 1[0m _identify(node_modules/tapable/lib) by extensions ['colcon_meta']
[2.624s] [34mcolcon.colcon_core.package_identification[0m [1;30mLevel 1[0m _identify(node_modules/tapable/lib) by extension 'colcon_meta'
[2.626s] [34mcolcon.colcon_core.package_identification[0m [1;30mLevel 1[0m _identify(node_modules/tapable/lib) by extensions ['ros']
[2.626s] [34mcolcon.colcon_core.package_identification[0m [1;30mLevel 1[0m _identify(node_modules/tapable/lib) by extension 'ros'
[2.631s] [34mcolcon.colcon_core.package_identification[0m [1;30mLevel 1[0m _identify(node_modules/tapable/lib) by extensions ['cmake', 'python']
[2.631s] [34mcolcon.colcon_core.package_identification[0m [1;30mLevel 1[0m _identify(node_modules/tapable/lib) by extension 'cmake'
[2.632s] [34mcolcon.colcon_core.package_identification[0m [1;30mLevel 1[0m _identify(node_modules/tapable/lib) by extension 'python'
[2.633s] [34mcolcon.colcon_core.package_identification[0m [1;30mLevel 1[0m _identify(node_modules/tapable/lib) by extensions ['python_setup_py']
[2.633s] [34mcolcon.colcon_core.package_identification[0m [1;30mLevel 1[0m _identify(node_modules/tapable/lib) by extension 'python_setup_py'
[2.637s] [34mcolcon.colcon_core.package_identification[0m [1;30mLevel 1[0m _identify(node_modules/to-regex-range) by extensions ['ignore', 'ignore_ament_install']
[2.637s] [34mcolcon.colcon_core.package_identification[0m [1;30mLevel 1[0m _identify(node_modules/to-regex-range) by extension 'ignore'
[2.638s] [34mcolcon.colcon_core.package_identification[0m [1;30mLevel 1[0m _identify(node_modules/to-regex-range) by extension 'ignore_ament_install'
[2.640s] [34mcolcon.colcon_core.package_identification[0m [1;30mLevel 1[0m _identify(node_modules/to-regex-range) by extensions ['colcon_pkg']
[2.640s] [34mcolcon.colcon_core.package_identification[0m [1;30mLevel 1[0m _identify(node_modules/to-regex-range) by extension 'colcon_pkg'
[2.641s] [34mcolcon.colcon_core.package_identification[0m [1;30mLevel 1[0m _identify(node_modules/to-regex-range) by extensions ['colcon_meta']
[2.641s] [34mcolcon.colcon_core.package_identification[0m [1;30mLevel 1[0m _identify(node_modules/to-regex-range) by extension 'colcon_meta'
[2.642s] [34mcolcon.colcon_core.package_identification[0m [1;30mLevel 1[0m _identify(node_modules/to-regex-range) by extensions ['ros']
[2.642s] [34mcolcon.colcon_core.package_identification[0m [1;30mLevel 1[0m _identify(node_modules/to-regex-range) by extension 'ros'
[2.646s] [34mcolcon.colcon_core.package_identification[0m [1;30mLevel 1[0m _identify(node_modules/to-regex-range) by extensions ['cmake', 'python']
[2.646s] [34mcolcon.colcon_core.package_identification[0m [1;30mLevel 1[0m _identify(node_modules/to-regex-range) by extension 'cmake'
[2.647s] [34mcolcon.colcon_core.package_identification[0m [1;30mLevel 1[0m _identify(node_modules/to-regex-range) by extension 'python'
[2.647s] [34mcolcon.colcon_core.package_identification[0m [1;30mLevel 1[0m _identify(node_modules/to-regex-range) by extensions ['python_setup_py']
[2.648s] [34mcolcon.colcon_core.package_identification[0m [1;30mLevel 1[0m _identify(node_modules/to-regex-range) by extension 'python_setup_py'
[2.650s] [34mcolcon.colcon_core.package_identification[0m [1;30mLevel 1[0m _identify(other_codes) by extensions ['ignore', 'ignore_ament_install']
[2.650s] [34mcolcon.colcon_core.package_identification[0m [1;30mLevel 1[0m _identify(other_codes) by extension 'ignore'
[2.651s] [34mcolcon.colcon_core.package_identification[0m [1;30mLevel 1[0m _identify(other_codes) by extension 'ignore_ament_install'
[2.652s] [34mcolcon.colcon_core.package_identification[0m [1;30mLevel 1[0m _identify(other_codes) by extensions ['colcon_pkg']
[2.652s] [34mcolcon.colcon_core.package_identification[0m [1;30mLevel 1[0m _identify(other_codes) by extension 'colcon_pkg'
[2.652s] [34mcolcon.colcon_core.package_identification[0m [1;30mLevel 1[0m _identify(other_codes) by extensions ['colcon_meta']
[2.653s] [34mcolcon.colcon_core.package_identification[0m [1;30mLevel 1[0m _identify(other_codes) by extension 'colcon_meta'
[2.653s] [34mcolcon.colcon_core.package_identification[0m [1;30mLevel 1[0m _identify(other_codes) by extensions ['ros']
[2.653s] [34mcolcon.colcon_core.package_identification[0m [1;30mLevel 1[0m _identify(other_codes) by extension 'ros'
[2.655s] [34mcolcon.colcon_core.package_identification[0m [1;30mLevel 1[0m _identify(other_codes) by extensions ['cmake', 'python']
[2.655s] [34mcolcon.colcon_core.package_identification[0m [1;30mLevel 1[0m _identify(other_codes) by extension 'cmake'
[2.656s] [34mcolcon.colcon_core.package_identification[0m [1;30mLevel 1[0m _identify(other_codes) by extension 'python'
[2.657s] [34mcolcon.colcon_core.package_identification[0m [1;30mLevel 1[0m _identify(other_codes) by extensions ['python_setup_py']
[2.657s] [34mcolcon.colcon_core.package_identification[0m [1;30mLevel 1[0m _identify(other_codes) by extension 'python_setup_py'
[2.659s] [34mcolcon.colcon_core.package_identification[0m [1;30mLevel 1[0m _identify(ros2_Ws) by extensions ['ignore', 'ignore_ament_install']
[2.659s] [34mcolcon.colcon_core.package_identification[0m [1;30mLevel 1[0m _identify(ros2_Ws) by extension 'ignore'
[2.659s] [34mcolcon.colcon_core.package_identification[0m [1;30mLevel 1[0m _identify(ros2_Ws) by extension 'ignore_ament_install'
[2.659s] [34mcolcon.colcon_core.package_identification[0m [1;30mLevel 1[0m _identify(ros2_Ws) by extensions ['colcon_pkg']
[2.660s] [34mcolcon.colcon_core.package_identification[0m [1;30mLevel 1[0m _identify(ros2_Ws) by extension 'colcon_pkg'
[2.660s] [34mcolcon.colcon_core.package_identification[0m [1;30mLevel 1[0m _identify(ros2_Ws) by extensions ['colcon_meta']
[2.660s] [34mcolcon.colcon_core.package_identification[0m [1;30mLevel 1[0m _identify(ros2_Ws) by extension 'colcon_meta'
[2.660s] [34mcolcon.colcon_core.package_identification[0m [1;30mLevel 1[0m _identify(ros2_Ws) by extensions ['ros']
[2.661s] [34mcolcon.colcon_core.package_identification[0m [1;30mLevel 1[0m _identify(ros2_Ws) by extension 'ros'
[2.662s] [34mcolcon.colcon_core.package_identification[0m [1;30mLevel 1[0m _identify(ros2_Ws) by extensions ['cmake', 'python']
[2.662s] [34mcolcon.colcon_core.package_identification[0m [1;30mLevel 1[0m _identify(ros2_Ws) by extension 'cmake'
[2.662s] [34mcolcon.colcon_core.package_identification[0m [1;30mLevel 1[0m _identify(ros2_Ws) by extension 'python'
[2.662s] [34mcolcon.colcon_core.package_identification[0m [1;30mLevel 1[0m _identify(ros2_Ws) by extensions ['python_setup_py']
[2.663s] [34mcolcon.colcon_core.package_identification[0m [1;30mLevel 1[0m _identify(ros2_Ws) by extension 'python_setup_py'
[2.664s] [34mcolcon.colcon_core.package_identification[0m [1;30mLevel 1[0m _identify(ros2_Ws/build) by extensions ['ignore', 'ignore_ament_install']
[2.665s] [34mcolcon.colcon_core.package_identification[0m [1;30mLevel 1[0m _identify(ros2_Ws/build) by extension 'ignore'
[2.666s] [34mcolcon.colcon_core.package_identification[0m [1;30mLevel 1[0m _identify(ros2_Ws/build) ignored
[2.667s] [34mcolcon.colcon_core.package_identification[0m [1;30mLevel 1[0m _identify(ros2_Ws/install) by extensions ['ignore', 'ignore_ament_install']
[2.668s] [34mcolcon.colcon_core.package_identification[0m [1;30mLevel 1[0m _identify(ros2_Ws/install) by extension 'ignore'
[2.669s] [34mcolcon.colcon_core.package_identification[0m [1;30mLevel 1[0m _identify(ros2_Ws/install) ignored
[2.674s] [34mcolcon.colcon_core.package_identification[0m [1;30mLevel 1[0m _identify(ros2_Ws/log) by extensions ['ignore', 'ignore_ament_install']
[2.674s] [34mcolcon.colcon_core.package_identification[0m [1;30mLevel 1[0m _identify(ros2_Ws/log) by extension 'ignore'
[2.675s] [34mcolcon.colcon_core.package_identification[0m [1;30mLevel 1[0m _identify(ros2_Ws/log) ignored
[2.678s] [34mcolcon.colcon_core.package_identification[0m [1;30mLevel 1[0m _identify(ros2_Ws/src) by extensions ['ignore', 'ignore_ament_install']
[2.678s] [34mcolcon.colcon_core.package_identification[0m [1;30mLevel 1[0m _identify(ros2_Ws/src) by extension 'ignore'
[2.678s] [34mcolcon.colcon_core.package_identification[0m [1;30mLevel 1[0m _identify(ros2_Ws/src) by extension 'ignore_ament_install'
[2.679s] [34mcolcon.colcon_core.package_identification[0m [1;30mLevel 1[0m _identify(ros2_Ws/src) by extensions ['colcon_pkg']
[2.680s] [34mcolcon.colcon_core.package_identification[0m [1;30mLevel 1[0m _identify(ros2_Ws/src) by extension 'colcon_pkg'
[2.680s] [34mcolcon.colcon_core.package_identification[0m [1;30mLevel 1[0m _identify(ros2_Ws/src) by extensions ['colcon_meta']
[2.680s] [34mcolcon.colcon_core.package_identification[0m [1;30mLevel 1[0m _identify(ros2_Ws/src) by extension 'colcon_meta'
[2.681s] [34mcolcon.colcon_core.package_identification[0m [1;30mLevel 1[0m _identify(ros2_Ws/src) by extensions ['ros']
[2.681s] [34mcolcon.colcon_core.package_identification[0m [1;30mLevel 1[0m _identify(ros2_Ws/src) by extension 'ros'
[2.684s] [34mcolcon.colcon_core.package_identification[0m [1;30mLevel 1[0m _identify(ros2_Ws/src) by extensions ['cmake', 'python']
[2.684s] [34mcolcon.colcon_core.package_identification[0m [1;30mLevel 1[0m _identify(ros2_Ws/src) by extension 'cmake'
[2.685s] [34mcolcon.colcon_core.package_identification[0m [1;30mLevel 1[0m _identify(ros2_Ws/src) by extension 'python'
[2.685s] [34mcolcon.colcon_core.package_identification[0m [1;30mLevel 1[0m _identify(ros2_Ws/src) by extensions ['python_setup_py']
[2.685s] [34mcolcon.colcon_core.package_identification[0m [1;30mLevel 1[0m _identify(ros2_Ws/src) by extension 'python_setup_py'
[2.688s] [34mcolcon.colcon_core.package_identification[0m [1;30mLevel 1[0m _identify(ros2_Ws/src/my_drone_launcher) by extensions ['ignore', 'ignore_ament_install']
[2.689s] [34mcolcon.colcon_core.package_identification[0m [1;30mLevel 1[0m _identify(ros2_Ws/src/my_drone_launcher) by extension 'ignore'
[2.689s] [34mcolcon.colcon_core.package_identification[0m [1;30mLevel 1[0m _identify(ros2_Ws/src/my_drone_launcher) by extension 'ignore_ament_install'
[2.691s] [34mcolcon.colcon_core.package_identification[0m [1;30mLevel 1[0m _identify(ros2_Ws/src/my_drone_launcher) by extensions ['colcon_pkg']
[2.691s] [34mcolcon.colcon_core.package_identification[0m [1;30mLevel 1[0m _identify(ros2_Ws/src/my_drone_launcher) by extension 'colcon_pkg'
[2.692s] [34mcolcon.colcon_core.package_identification[0m [1;30mLevel 1[0m _identify(ros2_Ws/src/my_drone_launcher) by extensions ['colcon_meta']
[2.692s] [34mcolcon.colcon_core.package_identification[0m [1;30mLevel 1[0m _identify(ros2_Ws/src/my_drone_launcher) by extension 'colcon_meta'
[2.693s] [34mcolcon.colcon_core.package_identification[0m [1;30mLevel 1[0m _identify(ros2_Ws/src/my_drone_launcher) by extensions ['ros']
[2.693s] [34mcolcon.colcon_core.package_identification[0m [1;30mLevel 1[0m _identify(ros2_Ws/src/my_drone_launcher) by extension 'ros'
[2.789s] [34mcolcon.colcon_core.package_identification[0m [1;30mDEBUG[0m [32mPackage 'ros2_Ws/src/my_drone_launcher' with type 'ros.ament_cmake' and name 'my_drone_launcher'[0m
[2.794s] [34mcolcon.colcon_core.package_identification[0m [1;30mLevel 1[0m _identify(ros2_Ws/src/my_robot_controller) by extensions ['ignore', 'ignore_ament_install']
[2.795s] [34mcolcon.colcon_core.package_identification[0m [1;30mLevel 1[0m _identify(ros2_Ws/src/my_robot_controller) by extension 'ignore'
[2.796s] [34mcolcon.colcon_core.package_identification[0m [1;30mLevel 1[0m _identify(ros2_Ws/src/my_robot_controller) by extension 'ignore_ament_install'
[2.799s] [34mcolcon.colcon_core.package_identification[0m [1;30mLevel 1[0m _identify(ros2_Ws/src/my_robot_controller) by extensions ['colcon_pkg']
[2.799s] [34mcolcon.colcon_core.package_identification[0m [1;30mLevel 1[0m _identify(ros2_Ws/src/my_robot_controller) by extension 'colcon_pkg'
[2.800s] [34mcolcon.colcon_core.package_identification[0m [1;30mLevel 1[0m _identify(ros2_Ws/src/my_robot_controller) by extensions ['colcon_meta']
[2.801s] [34mcolcon.colcon_core.package_identification[0m [1;30mLevel 1[0m _identify(ros2_Ws/src/my_robot_controller) by extension 'colcon_meta'
[2.802s] [34mcolcon.colcon_core.package_identification[0m [1;30mLevel 1[0m _identify(ros2_Ws/src/my_robot_controller) by extensions ['ros']
[2.803s] [34mcolcon.colcon_core.package_identification[0m [1;30mLevel 1[0m _identify(ros2_Ws/src/my_robot_controller) by extension 'ros'
[2.822s] [34mcolcon.colcon_core.package_identification[0m [1;30mDEBUG[0m [32mPackage 'ros2_Ws/src/my_robot_controller' with type 'ros.ament_python' and name 'my_robot_controller'[0m
[2.826s] [34mcolcon.colcon_core.package_identification[0m [1;30mLevel 1[0m _identify(ros2_Ws/src/my_robot_launcher) by extensions ['ignore', 'ignore_ament_install']
[2.826s] [34mcolcon.colcon_core.package_identification[0m [1;30mLevel 1[0m _identify(ros2_Ws/src/my_robot_launcher) by extension 'ignore'
[2.827s] [34mcolcon.colcon_core.package_identification[0m [1;30mLevel 1[0m _identify(ros2_Ws/src/my_robot_launcher) by extension 'ignore_ament_install'
[2.829s] [34mcolcon.colcon_core.package_identification[0m [1;30mLevel 1[0m _identify(ros2_Ws/src/my_robot_launcher) by extensions ['colcon_pkg']
[2.830s] [34mcolcon.colcon_core.package_identification[0m [1;30mLevel 1[0m _identify(ros2_Ws/src/my_robot_launcher) by extension 'colcon_pkg'
[2.831s] [34mcolcon.colcon_core.package_identification[0m [1;30mLevel 1[0m _identify(ros2_Ws/src/my_robot_launcher) by extensions ['colcon_meta']
[2.831s] [34mcolcon.colcon_core.package_identification[0m [1;30mLevel 1[0m _identify(ros2_Ws/src/my_robot_launcher) by extension 'colcon_meta'
[2.832s] [34mcolcon.colcon_core.package_identification[0m [1;30mLevel 1[0m _identify(ros2_Ws/src/my_robot_launcher) by extensions ['ros']
[2.832s] [34mcolcon.colcon_core.package_identification[0m [1;30mLevel 1[0m _identify(ros2_Ws/src/my_robot_launcher) by extension 'ros'
[2.850s] [34mcolcon.colcon_core.package_identification[0m [1;30mDEBUG[0m [32mPackage 'ros2_Ws/src/my_robot_launcher' with type 'ros.ament_cmake' and name 'my_robot_launcher'[0m
[2.853s] [34mcolcon.colcon_core.package_identification[0m [1;30mLevel 1[0m _identify(temp) by extensions ['ignore', 'ignore_ament_install']
[2.854s] [34mcolcon.colcon_core.package_identification[0m [1;30mLevel 1[0m _identify(temp) by extension 'ignore'
[2.854s] [34mcolcon.colcon_core.package_identification[0m [1;30mLevel 1[0m _identify(temp) by extension 'ignore_ament_install'
[2.856s] [34mcolcon.colcon_core.package_identification[0m [1;30mLevel 1[0m _identify(temp) by extensions ['colcon_pkg']
[2.856s] [34mcolcon.colcon_core.package_identification[0m [1;30mLevel 1[0m _identify(temp) by extension 'colcon_pkg'
[2.856s] [34mcolcon.colcon_core.package_identification[0m [1;30mLevel 1[0m _identify(temp) by extensions ['colcon_meta']
[2.857s] [34mcolcon.colcon_core.package_identification[0m [1;30mLevel 1[0m _identify(temp) by extension 'colcon_meta'
[2.857s] [34mcolcon.colcon_core.package_identification[0m [1;30mLevel 1[0m _identify(temp) by extensions ['ros']
[2.857s] [34mcolcon.colcon_core.package_identification[0m [1;30mLevel 1[0m _identify(temp) by extension 'ros'
[2.859s] [34mcolcon.colcon_core.package_identification[0m [1;30mLevel 1[0m _identify(temp) by extensions ['cmake', 'python']
[2.860s] [34mcolcon.colcon_core.package_identification[0m [1;30mLevel 1[0m _identify(temp) by extension 'cmake'
[2.860s] [34mcolcon.colcon_core.package_identification[0m [1;30mLevel 1[0m _identify(temp) by extension 'python'
[2.861s] [34mcolcon.colcon_core.package_identification[0m [1;30mLevel 1[0m _identify(temp) by extensions ['python_setup_py']
[2.861s] [34mcolcon.colcon_core.package_identification[0m [1;30mLevel 1[0m _identify(temp) by extension 'python_setup_py'
[2.865s] [34mcolcon.colcon_core.package_identification[0m [1;30mLevel 1[0m _identify(temp/package) by extensions ['ignore', 'ignore_ament_install']
[2.865s] [34mcolcon.colcon_core.package_identification[0m [1;30mLevel 1[0m _identify(temp/package) by extension 'ignore'
[2.866s] [34mcolcon.colcon_core.package_identification[0m [1;30mLevel 1[0m _identify(temp/package) by extension 'ignore_ament_install'
[2.867s] [34mcolcon.colcon_core.package_identification[0m [1;30mLevel 1[0m _identify(temp/package) by extensions ['colcon_pkg']
[2.868s] [34mcolcon.colcon_core.package_identification[0m [1;30mLevel 1[0m _identify(temp/package) by extension 'colcon_pkg'
[2.868s] [34mcolcon.colcon_core.package_identification[0m [1;30mLevel 1[0m _identify(temp/package) by extensions ['colcon_meta']
[2.869s] [34mcolcon.colcon_core.package_identification[0m [1;30mLevel 1[0m _identify(temp/package) by extension 'colcon_meta'
[2.870s] [34mcolcon.colcon_core.package_identification[0m [1;30mLevel 1[0m _identify(temp/package) by extensions ['ros']
[2.870s] [34mcolcon.colcon_core.package_identification[0m [1;30mLevel 1[0m _identify(temp/package) by extension 'ros'
[2.874s] [34mcolcon.colcon_core.package_identification[0m [1;30mLevel 1[0m _identify(temp/package) by extensions ['cmake', 'python']
[2.874s] [34mcolcon.colcon_core.package_identification[0m [1;30mLevel 1[0m _identify(temp/package) by extension 'cmake'
[2.875s] [34mcolcon.colcon_core.package_identification[0m [1;30mLevel 1[0m _identify(temp/package) by extension 'python'
[2.876s] [34mcolcon.colcon_core.package_identification[0m [1;30mLevel 1[0m _identify(temp/package) by extensions ['python_setup_py']
[2.876s] [34mcolcon.colcon_core.package_identification[0m [1;30mLevel 1[0m _identify(temp/package) by extension 'python_setup_py'
[2.881s] [34mcolcon.colcon_core.package_identification[0m [1;30mLevel 1[0m _identify(temp/package/dist) by extensions ['ignore', 'ignore_ament_install']
[2.881s] [34mcolcon.colcon_core.package_identification[0m [1;30mLevel 1[0m _identify(temp/package/dist) by extension 'ignore'
[2.882s] [34mcolcon.colcon_core.package_identification[0m [1;30mLevel 1[0m _identify(temp/package/dist) by extension 'ignore_ament_install'
[2.884s] [34mcolcon.colcon_core.package_identification[0m [1;30mLevel 1[0m _identify(temp/package/dist) by extensions ['colcon_pkg']
[2.884s] [34mcolcon.colcon_core.package_identification[0m [1;30mLevel 1[0m _identify(temp/package/dist) by extension 'colcon_pkg'
[2.885s] [34mcolcon.colcon_core.package_identification[0m [1;30mLevel 1[0m _identify(temp/package/dist) by extensions ['colcon_meta']
[2.886s] [34mcolcon.colcon_core.package_identification[0m [1;30mLevel 1[0m _identify(temp/package/dist) by extension 'colcon_meta'
[2.888s] [34mcolcon.colcon_core.package_identification[0m [1;30mLevel 1[0m _identify(temp/package/dist) by extensions ['ros']
[2.888s] [34mcolcon.colcon_core.package_identification[0m [1;30mLevel 1[0m _identify(temp/package/dist) by extension 'ros'
[2.893s] [34mcolcon.colcon_core.package_identification[0m [1;30mLevel 1[0m _identify(temp/package/dist) by extensions ['cmake', 'python']
[2.893s] [34mcolcon.colcon_core.package_identification[0m [1;30mLevel 1[0m _identify(temp/package/dist) by extension 'cmake'
[2.894s] [34mcolcon.colcon_core.package_identification[0m [1;30mLevel 1[0m _identify(temp/package/dist) by extension 'python'
[2.895s] [34mcolcon.colcon_core.package_identification[0m [1;30mLevel 1[0m _identify(temp/package/dist) by extensions ['python_setup_py']
[2.896s] [34mcolcon.colcon_core.package_identification[0m [1;30mLevel 1[0m _identify(temp/package/dist) by extension 'python_setup_py'
[2.897s] [34mcolcon.colcon_core.package_discovery[0m [1;30mLevel 1[0m discover_packages(recursive) using defaults
[2.897s] [34mcolcon.colcon_core.package_discovery[0m [1;30mLevel 1[0m discover_packages(ignore) discover
[2.897s] [34mcolcon.colcon_core.package_discovery[0m [1;30mLevel 1[0m discover_packages(ignore) using defaults
[2.897s] [34mcolcon.colcon_core.package_discovery[0m [1;30mLevel 1[0m discover_packages(path) discover
[2.897s] [34mcolcon.colcon_core.package_discovery[0m [1;30mLevel 1[0m discover_packages(path) using defaults
[2.978s] [34mcolcon.colcon_core.package_selection[0m [1;30mINFO[0m Skipping not selected package 'my_drone_launcher' in 'ros2_Ws/src/my_drone_launcher'
[2.978s] [34mcolcon.colcon_core.package_selection[0m [1;30mINFO[0m Skipping not selected package 'my_robot_launcher' in 'ros2_Ws/src/my_robot_launcher'
[2.979s] [34mcolcon.colcon_core.package_discovery[0m [1;30mLevel 1[0m discover_packages(prefix_path) check parameters
[2.980s] [34mcolcon.colcon_core.package_discovery[0m [1;30mLevel 1[0m discover_packages(prefix_path) discover
[3.024s] [34mcolcon.colcon_installed_package_information.package_discovery[0m [1;30mDEBUG[0m [32mFound 3 installed packages in /mnt/f/NITS/ANAV/main/ros2_Ws/install[0m
[3.025s] [34mcolcon.colcon_installed_package_information.package_discovery[0m [1;30mDEBUG[0m [32mFound 226 installed packages in /opt/ros/humble[0m
[3.027s] [34mcolcon.colcon_core.package_discovery[0m [1;30mLevel 1[0m discover_packages(prefix_path) using defaults
[3.125s] [34mcolcon.colcon_core.package_selection[0m [1;30mWARNING[0m [33mSome selected packages are already built in one or more underlay workspaces:
	'my_robot_controller' is in: /mnt/f/NITS/ANAV/main/ros2_Ws/install/my_robot_controller
If a package in a merged underlay workspace is overridden and it installs headers, then all packages in the overlay must sort their include directories by workspace order. Failure to do so may result in build failures or undefined behavior at run time.
If the overridden package is used by another package in any underlay, then the overriding package in the overlay must be API and ABI compatible or undefined behavior at run time may occur.

If you understand the risks and want to override a package anyways, add the following to the command line:
	--allow-overriding my_robot_controller

This may be promoted to an error in a future release of colcon-override-check.[0m
[3.126s] [34mcolcon.colcon_core.verb[0m [1;30mLevel 5[0m set package 'my_robot_controller' build argument 'cmake_args' from command line to 'None'
[3.126s] [34mcolcon.colcon_core.verb[0m [1;30mLevel 5[0m set package 'my_robot_controller' build argument 'cmake_target' from command line to 'None'
[3.126s] [34mcolcon.colcon_core.verb[0m [1;30mLevel 5[0m set package 'my_robot_controller' build argument 'cmake_target_skip_unavailable' from command line to 'False'
[3.127s] [34mcolcon.colcon_core.verb[0m [1;30mLevel 5[0m set package 'my_robot_controller' build argument 'cmake_clean_cache' from command line to 'False'
[3.127s] [34mcolcon.colcon_core.verb[0m [1;30mLevel 5[0m set package 'my_robot_controller' build argument 'cmake_clean_first' from command line to 'False'
[3.127s] [34mcolcon.colcon_core.verb[0m [1;30mLevel 5[0m set package 'my_robot_controller' build argument 'cmake_force_configure' from command line to 'False'
[3.128s] [34mcolcon.colcon_core.verb[0m [1;30mLevel 5[0m set package 'my_robot_controller' build argument 'ament_cmake_args' from command line to 'None'
[3.128s] [34mcolcon.colcon_core.verb[0m [1;30mLevel 5[0m set package 'my_robot_controller' build argument 'catkin_cmake_args' from command line to 'None'
[3.128s] [34mcolcon.colcon_core.verb[0m [1;30mLevel 5[0m set package 'my_robot_controller' build argument 'catkin_skip_building_tests' from command line to 'False'
[3.128s] [34mcolcon.colcon_core.verb[0m [1;30mDEBUG[0m [32mBuilding package 'my_robot_controller' with the following arguments: {'ament_cmake_args': None, 'build_base': '/mnt/f/NITS/ANAV/main/build/my_robot_controller', 'catkin_cmake_args': None, 'catkin_skip_building_tests': False, 'cmake_args': None, 'cmake_clean_cache': False, 'cmake_clean_first': False, 'cmake_force_configure': False, 'cmake_target': None, 'cmake_target_skip_unavailable': False, 'install_base': '/mnt/f/NITS/ANAV/main/install/my_robot_controller', 'merge_install': False, 'path': '/mnt/f/NITS/ANAV/main/ros2_Ws/src/my_robot_controller', 'symlink_install': False, 'test_result_base': None}[0m
[3.129s] [34mcolcon.colcon_core.executor[0m [1;30mINFO[0m Executing jobs using 'parallel' executor
[3.130s] [34mcolcon.colcon_parallel_executor.executor.parallel[0m [1;30mDEBUG[0m [32mrun_until_complete[0m
[3.130s] [34mcolcon.colcon_ros.task.ament_python.build[0m [1;30mINFO[0m Building ROS package in '/mnt/f/NITS/ANAV/main/ros2_Ws/src/my_robot_controller' with build type 'ament_python'
[3.131s] [34mcolcon.colcon_core.shell[0m [1;30mLevel 1[0m create_environment_hook('my_robot_controller', 'ament_prefix_path')
[3.142s] [34mcolcon.colcon_core.plugin_system[0m [1;30mINFO[0m Skipping extension 'colcon_core.shell.bat': Not used on non-Windows systems
[3.142s] [34mcolcon.colcon_core.shell[0m [1;30mINFO[0m Creating environment hook '/mnt/f/NITS/ANAV/main/install/my_robot_controller/share/my_robot_controller/hook/ament_prefix_path.ps1'
[3.156s] [34mcolcon.colcon_core.shell[0m [1;30mINFO[0m Creating environment descriptor '/mnt/f/NITS/ANAV/main/install/my_robot_controller/share/my_robot_controller/hook/ament_prefix_path.dsv'
[3.171s] [34mcolcon.colcon_core.shell[0m [1;30mINFO[0m Creating environment hook '/mnt/f/NITS/ANAV/main/install/my_robot_controller/share/my_robot_controller/hook/ament_prefix_path.sh'
[3.185s] [34mcolcon.colcon_core.shell[0m [1;30mINFO[0m Skip shell extension 'powershell' for command environment: Not usable outside of PowerShell
[3.185s] [34mcolcon.colcon_core.shell[0m [1;30mDEBUG[0m [32mSkip shell extension 'dsv' for command environment[0m
[3.858s] [34mcolcon.colcon_core.task.python.build[0m [1;30mINFO[0m Building Python package in '/mnt/f/NITS/ANAV/main/ros2_Ws/src/my_robot_controller'
[3.858s] [34mcolcon.colcon_core.shell[0m [1;30mINFO[0m Skip shell extension 'powershell' for command environment: Not usable outside of PowerShell
[3.859s] [34mcolcon.colcon_core.shell[0m [1;30mDEBUG[0m [32mSkip shell extension 'dsv' for command environment[0m
[5.141s] [34mcolcon.colcon_core.event_handler.log_command[0m [1;30mDEBUG[0m [32mInvoking command in '/mnt/f/NITS/ANAV/main/ros2_Ws/src/my_robot_controller': PYTHONPATH=/mnt/f/NITS/ANAV/main/build/my_robot_controller/prefix_override:/usr/lib/python3/dist-packages/colcon_core/task/python/colcon_distutils_commands:/mnt/f/NITS/ANAV/main/install/my_robot_controller/lib/python3.10/site-packages:${PYTHONPATH} /usr/bin/python3 -W ignore:setup.py install is deprecated -W ignore:easy_install command is deprecated setup.py egg_info --egg-base ../../../build/my_robot_controller build --build-base /mnt/f/NITS/ANAV/main/build/my_robot_controller/build install --record /mnt/f/NITS/ANAV/main/build/my_robot_controller/install.log --single-version-externally-managed install_data[0m
[7.516s] [34mcolcon.colcon_core.event_handler.log_command[0m [1;30mDEBUG[0m [32mInvoked command in '/mnt/f/NITS/ANAV/main/ros2_Ws/src/my_robot_controller' returned '0': PYTHONPATH=/mnt/f/NITS/ANAV/main/build/my_robot_controller/prefix_override:/usr/lib/python3/dist-packages/colcon_core/task/python/colcon_distutils_commands:/mnt/f/NITS/ANAV/main/install/my_robot_controller/lib/python3.10/site-packages:${PYTHONPATH} /usr/bin/python3 -W ignore:setup.py install is deprecated -W ignore:easy_install command is deprecated setup.py egg_info --egg-base ../../../build/my_robot_controller build --build-base /mnt/f/NITS/ANAV/main/build/my_robot_controller/build install --record /mnt/f/NITS/ANAV/main/build/my_robot_controller/install.log --single-version-externally-managed install_data[0m
[7.529s] [34mcolcon.colcon_core.environment[0m [1;30mLevel 1[0m checking '/mnt/f/NITS/ANAV/main/install/my_robot_controller' for CMake module files
[7.609s] [34mcolcon.colcon_core.environment[0m [1;30mLevel 1[0m checking '/mnt/f/NITS/ANAV/main/install/my_robot_controller' for CMake config files
[7.697s] [34mcolcon.colcon_core.environment[0m [1;30mLevel 1[0m checking '/mnt/f/NITS/ANAV/main/install/my_robot_controller/lib'
[7.701s] [34mcolcon.colcon_core.environment[0m [1;30mLevel 1[0m checking '/mnt/f/NITS/ANAV/main/install/my_robot_controller/bin'
[7.703s] [34mcolcon.colcon_core.environment[0m [1;30mLevel 1[0m checking '/mnt/f/NITS/ANAV/main/install/my_robot_controller/lib/pkgconfig/my_robot_controller.pc'
[7.705s] [34mcolcon.colcon_core.environment[0m [1;30mLevel 1[0m checking '/mnt/f/NITS/ANAV/main/install/my_robot_controller/lib/python3.10/site-packages'
[7.708s] [34mcolcon.colcon_core.shell[0m [1;30mLevel 1[0m create_environment_hook('my_robot_controller', 'pythonpath')
[7.709s] [34mcolcon.colcon_core.shell[0m [1;30mINFO[0m Creating environment hook '/mnt/f/NITS/ANAV/main/install/my_robot_controller/share/my_robot_controller/hook/pythonpath.ps1'
[7.725s] [34mcolcon.colcon_core.shell[0m [1;30mINFO[0m Creating environment descriptor '/mnt/f/NITS/ANAV/main/install/my_robot_controller/share/my_robot_controller/hook/pythonpath.dsv'
[7.738s] [34mcolcon.colcon_core.shell[0m [1;30mINFO[0m Creating environment hook '/mnt/f/NITS/ANAV/main/install/my_robot_controller/share/my_robot_controller/hook/pythonpath.sh'
[7.756s] [34mcolcon.colcon_core.environment[0m [1;30mLevel 1[0m checking '/mnt/f/NITS/ANAV/main/install/my_robot_controller/bin'
[7.757s] [34mcolcon.colcon_core.environment[0m [1;30mLevel 1[0m create_environment_scripts_only(my_robot_controller)
[7.758s] [34mcolcon.colcon_core.shell[0m [1;30mINFO[0m Creating package script '/mnt/f/NITS/ANAV/main/install/my_robot_controller/share/my_robot_controller/package.ps1'
[7.770s] [34mcolcon.colcon_core.shell[0m [1;30mINFO[0m Creating package descriptor '/mnt/f/NITS/ANAV/main/install/my_robot_controller/share/my_robot_controller/package.dsv'
[7.781s] [34mcolcon.colcon_core.shell[0m [1;30mINFO[0m Creating package script '/mnt/f/NITS/ANAV/main/install/my_robot_controller/share/my_robot_controller/package.sh'
[7.797s] [34mcolcon.colcon_core.shell[0m [1;30mINFO[0m Creating package script '/mnt/f/NITS/ANAV/main/install/my_robot_controller/share/my_robot_controller/package.bash'
[7.813s] [34mcolcon.colcon_core.shell[0m [1;30mINFO[0m Creating package script '/mnt/f/NITS/ANAV/main/install/my_robot_controller/share/my_robot_controller/package.zsh'
[7.829s] [34mcolcon.colcon_core.environment[0m [1;30mLevel 1[0m create_file_with_runtime_dependencies(/mnt/f/NITS/ANAV/main/install/my_robot_controller/share/colcon-core/packages/my_robot_controller)
[7.844s] [34mcolcon.colcon_parallel_executor.executor.parallel[0m [1;30mDEBUG[0m [32mclosing loop[0m
[7.845s] [34mcolcon.colcon_parallel_executor.executor.parallel[0m [1;30mDEBUG[0m [32mloop closed[0m
[7.847s] [34mcolcon.colcon_parallel_executor.executor.parallel[0m [1;30mDEBUG[0m [32mrun_until_complete finished with '0'[0m
[7.848s] [34mcolcon.colcon_core.event_reactor[0m [1;30mDEBUG[0m [32mjoining thread[0m
[7.964s] [34mcolcon.colcon_core.plugin_system[0m [1;30mINFO[0m Skipping extension 'colcon_notification.desktop_notification.notify_send': Could not find 'notify-send'
[7.964s] [34mcolcon.colcon_core.plugin_system[0m [1;30mINFO[0m Skipping extension 'colcon_notification.desktop_notification.terminal_notifier': Not used on non-Darwin systems
[7.965s] [34mcolcon.colcon_core.plugin_system[0m [1;30mINFO[0m Skipping extension 'colcon_notification.desktop_notification.win32': Not used on non-Windows systems
[7.965s] [34mcolcon.colcon_notification.desktop_notification[0m [1;30mINFO[0m Sending desktop notification using 'notify2'
[7.965s] [34mcolcon.colcon_notification.desktop_notification.notify2[0m [1;30mDEBUG[0m [32mFailed to initialize notify2: org.freedesktop.DBus.Error.FileNotFound: Failed to connect to socket /run/user/1000/bus: No such file or directory[0m
[7.965s] [34mcolcon.colcon_core.event_reactor[0m [1;30mDEBUG[0m [32mjoined thread[0m
[7.966s] [34mcolcon.colcon_core.shell[0m [1;30mINFO[0m Creating prefix script '/mnt/f/NITS/ANAV/main/install/local_setup.ps1'
[7.971s] [34mcolcon.colcon_core.shell[0m [1;30mINFO[0m Creating prefix util module '/mnt/f/NITS/ANAV/main/install/_local_setup_util_ps1.py'
[7.977s] [34mcolcon.colcon_core.shell[0m [1;30mINFO[0m Creating prefix chain script '/mnt/f/NITS/ANAV/main/install/setup.ps1'
[8.008s] [34mcolcon.colcon_core.shell[0m [1;30mINFO[0m Creating prefix script '/mnt/f/NITS/ANAV/main/install/local_setup.sh'
[8.013s] [34mcolcon.colcon_core.shell[0m [1;30mINFO[0m Creating prefix util module '/mnt/f/NITS/ANAV/main/install/_local_setup_util_sh.py'
[8.018s] [34mcolcon.colcon_core.shell[0m [1;30mINFO[0m Creating prefix chain script '/mnt/f/NITS/ANAV/main/install/setup.sh'
[8.048s] [34mcolcon.colcon_core.shell[0m [1;30mINFO[0m Creating prefix script '/mnt/f/NITS/ANAV/main/install/local_setup.bash'
[8.054s] [34mcolcon.colcon_core.shell[0m [1;30mINFO[0m Creating prefix chain script '/mnt/f/NITS/ANAV/main/install/setup.bash'
[8.087s] [34mcolcon.colcon_core.shell[0m [1;30mINFO[0m Creating prefix script '/mnt/f/NITS/ANAV/main/install/local_setup.zsh'
[8.094s] [34mcolcon.colcon_core.shell[0m [1;30mINFO[0m Creating prefix chain script '/mnt/f/NITS/ANAV/main/install/setup.zsh'
