[2.062s] [34mcolcon[0m [1;30mDEBUG[0m [32mCommand line arguments: ['/usr/bin/colcon', 'build', '--packages-select', 'my_robot_launcher'][0m
[2.064s] [34mcolcon[0m [1;30mDEBUG[0m [32mParsed command line arguments: Namespace(log_base=None, log_level=None, verb_name='build', build_base='build', install_base='install', merge_install=False, symlink_install=False, test_result_base=None, continue_on_error=False, executor='parallel', parallel_workers=8, event_handlers=None, ignore_user_meta=False, metas=['./colcon.meta'], base_paths=['.'], packages_ignore=None, packages_ignore_regex=None, paths=None, packages_up_to=None, packages_up_to_regex=None, packages_above=None, packages_above_and_dependencies=None, packages_above_depth=None, packages_select_by_dep=None, packages_skip_by_dep=None, packages_skip_up_to=None, packages_select_build_failed=False, packages_skip_build_finished=False, packages_select_test_failures=False, packages_skip_test_passed=False, packages_select=['my_robot_launcher'], packages_skip=None, packages_select_regex=None, packages_skip_regex=None, packages_start=None, packages_end=None, allow_overriding=[], cmake_args=None, cmake_target=None, cmake_target_skip_unavailable=False, cmake_clean_cache=False, cmake_clean_first=False, cmake_force_configure=False, ament_cmake_args=None, catkin_cmake_args=None, catkin_skip_building_tests=False, verb_parser=<colcon_defaults.argument_parser.defaults.DefaultArgumentsDecorator object at 0x7fa8c48a5330>, verb_extension=<colcon_core.verb.build.BuildVerb object at 0x7fa8c48a4e50>, main=<bound method BuildVerb.main of <colcon_core.verb.build.BuildVerb object at 0x7fa8c48a4e50>>)[0m
[2.917s] [34mcolcon.colcon_core.package_discovery[0m [1;30mLevel 1[0m discover_packages(colcon_meta) check parameters
[2.917s] [34mcolcon.colcon_core.package_discovery[0m [1;30mLevel 1[0m discover_packages(recursive) check parameters
[2.917s] [34mcolcon.colcon_core.package_discovery[0m [1;30mLevel 1[0m discover_packages(ignore) check parameters
[2.918s] [34mcolcon.colcon_core.package_discovery[0m [1;30mLevel 1[0m discover_packages(path) check parameters
[2.918s] [34mcolcon.colcon_core.package_discovery[0m [1;30mLevel 1[0m discover_packages(colcon_meta) discover
[2.918s] [34mcolcon.colcon_core.package_discovery[0m [1;30mLevel 1[0m discover_packages(recursive) discover
[2.918s] [34mcolcon.colcon_core.package_discovery[0m [1;30mINFO[0m Crawling recursively for packages in '/mnt/f/NITS/ANAV/main'
[2.920s] [34mcolcon.colcon_core.package_identification[0m [1;30mLevel 1[0m _identify(.) by extensions ['ignore', 'ignore_ament_install']
[2.920s] [34mcolcon.colcon_core.package_identification[0m [1;30mLevel 1[0m _identify(.) by extension 'ignore'
[2.920s] [34mcolcon.colcon_core.package_identification[0m [1;30mLevel 1[0m _identify(.) by extension 'ignore_ament_install'
[2.921s] [34mcolcon.colcon_core.package_identification[0m [1;30mLevel 1[0m _identify(.) by extensions ['colcon_pkg']
[2.921s] [34mcolcon.colcon_core.package_identification[0m [1;30mLevel 1[0m _identify(.) by extension 'colcon_pkg'
[2.921s] [34mcolcon.colcon_core.package_identification[0m [1;30mLevel 1[0m _identify(.) by extensions ['colcon_meta']
[2.921s] [34mcolcon.colcon_core.package_identification[0m [1;30mLevel 1[0m _identify(.) by extension 'colcon_meta'
[2.922s] [34mcolcon.colcon_core.package_identification[0m [1;30mLevel 1[0m _identify(.) by extensions ['ros']
[2.922s] [34mcolcon.colcon_core.package_identification[0m [1;30mLevel 1[0m _identify(.) by extension 'ros'
[3.001s] [34mcolcon.colcon_core.package_identification[0m [1;30mLevel 1[0m _identify(.) by extensions ['cmake', 'python']
[3.002s] [34mcolcon.colcon_core.package_identification[0m [1;30mLevel 1[0m _identify(.) by extension 'cmake'
[3.002s] [34mcolcon.colcon_core.package_identification[0m [1;30mLevel 1[0m _identify(.) by extension 'python'
[3.003s] [34mcolcon.colcon_core.package_identification[0m [1;30mLevel 1[0m _identify(.) by extensions ['python_setup_py']
[3.003s] [34mcolcon.colcon_core.package_identification[0m [1;30mLevel 1[0m _identify(.) by extension 'python_setup_py'
[3.007s] [34mcolcon.colcon_core.package_identification[0m [1;30mLevel 1[0m _identify(ML) by extensions ['ignore', 'ignore_ament_install']
[3.008s] [34mcolcon.colcon_core.package_identification[0m [1;30mLevel 1[0m _identify(ML) by extension 'ignore'
[3.009s] [34mcolcon.colcon_core.package_identification[0m [1;30mLevel 1[0m _identify(ML) by extension 'ignore_ament_install'
[3.011s] [34mcolcon.colcon_core.package_identification[0m [1;30mLevel 1[0m _identify(ML) by extensions ['colcon_pkg']
[3.011s] [34mcolcon.colcon_core.package_identification[0m [1;30mLevel 1[0m _identify(ML) by extension 'colcon_pkg'
[3.012s] [34mcolcon.colcon_core.package_identification[0m [1;30mLevel 1[0m _identify(ML) by extensions ['colcon_meta']
[3.012s] [34mcolcon.colcon_core.package_identification[0m [1;30mLevel 1[0m _identify(ML) by extension 'colcon_meta'
[3.013s] [34mcolcon.colcon_core.package_identification[0m [1;30mLevel 1[0m _identify(ML) by extensions ['ros']
[3.013s] [34mcolcon.colcon_core.package_identification[0m [1;30mLevel 1[0m _identify(ML) by extension 'ros'
[3.015s] [34mcolcon.colcon_core.package_identification[0m [1;30mLevel 1[0m _identify(ML) by extensions ['cmake', 'python']
[3.015s] [34mcolcon.colcon_core.package_identification[0m [1;30mLevel 1[0m _identify(ML) by extension 'cmake'
[3.016s] [34mcolcon.colcon_core.package_identification[0m [1;30mLevel 1[0m _identify(ML) by extension 'python'
[3.017s] [34mcolcon.colcon_core.package_identification[0m [1;30mLevel 1[0m _identify(ML) by extensions ['python_setup_py']
[3.017s] [34mcolcon.colcon_core.package_identification[0m [1;30mLevel 1[0m _identify(ML) by extension 'python_setup_py'
[3.019s] [34mcolcon.colcon_core.package_identification[0m [1;30mLevel 1[0m _identify(build) by extensions ['ignore', 'ignore_ament_install']
[3.019s] [34mcolcon.colcon_core.package_identification[0m [1;30mLevel 1[0m _identify(build) by extension 'ignore'
[3.020s] [34mcolcon.colcon_core.package_identification[0m [1;30mLevel 1[0m _identify(build) ignored
[3.022s] [34mcolcon.colcon_core.package_identification[0m [1;30mLevel 1[0m _identify(frontend) by extensions ['ignore', 'ignore_ament_install']
[3.022s] [34mcolcon.colcon_core.package_identification[0m [1;30mLevel 1[0m _identify(frontend) by extension 'ignore'
[3.022s] [34mcolcon.colcon_core.package_identification[0m [1;30mLevel 1[0m _identify(frontend) by extension 'ignore_ament_install'
[3.024s] [34mcolcon.colcon_core.package_identification[0m [1;30mLevel 1[0m _identify(frontend) by extensions ['colcon_pkg']
[3.024s] [34mcolcon.colcon_core.package_identification[0m [1;30mLevel 1[0m _identify(frontend) by extension 'colcon_pkg'
[3.024s] [34mcolcon.colcon_core.package_identification[0m [1;30mLevel 1[0m _identify(frontend) by extensions ['colcon_meta']
[3.025s] [34mcolcon.colcon_core.package_identification[0m [1;30mLevel 1[0m _identify(frontend) by extension 'colcon_meta'
[3.025s] [34mcolcon.colcon_core.package_identification[0m [1;30mLevel 1[0m _identify(frontend) by extensions ['ros']
[3.025s] [34mcolcon.colcon_core.package_identification[0m [1;30mLevel 1[0m _identify(frontend) by extension 'ros'
[3.028s] [34mcolcon.colcon_core.package_identification[0m [1;30mLevel 1[0m _identify(frontend) by extensions ['cmake', 'python']
[3.028s] [34mcolcon.colcon_core.package_identification[0m [1;30mLevel 1[0m _identify(frontend) by extension 'cmake'
[3.028s] [34mcolcon.colcon_core.package_identification[0m [1;30mLevel 1[0m _identify(frontend) by extension 'python'
[3.029s] [34mcolcon.colcon_core.package_identification[0m [1;30mLevel 1[0m _identify(frontend) by extensions ['python_setup_py']
[3.029s] [34mcolcon.colcon_core.package_identification[0m [1;30mLevel 1[0m _identify(frontend) by extension 'python_setup_py'
[3.032s] [34mcolcon.colcon_core.package_identification[0m [1;30mLevel 1[0m _identify(frontend/static) by extensions ['ignore', 'ignore_ament_install']
[3.032s] [34mcolcon.colcon_core.package_identification[0m [1;30mLevel 1[0m _identify(frontend/static) by extension 'ignore'
[3.033s] [34mcolcon.colcon_core.package_identification[0m [1;30mLevel 1[0m _identify(frontend/static) by extension 'ignore_ament_install'
[3.035s] [34mcolcon.colcon_core.package_identification[0m [1;30mLevel 1[0m _identify(frontend/static) by extensions ['colcon_pkg']
[3.035s] [34mcolcon.colcon_core.package_identification[0m [1;30mLevel 1[0m _identify(frontend/static) by extension 'colcon_pkg'
[3.036s] [34mcolcon.colcon_core.package_identification[0m [1;30mLevel 1[0m _identify(frontend/static) by extensions ['colcon_meta']
[3.036s] [34mcolcon.colcon_core.package_identification[0m [1;30mLevel 1[0m _identify(frontend/static) by extension 'colcon_meta'
[3.037s] [34mcolcon.colcon_core.package_identification[0m [1;30mLevel 1[0m _identify(frontend/static) by extensions ['ros']
[3.037s] [34mcolcon.colcon_core.package_identification[0m [1;30mLevel 1[0m _identify(frontend/static) by extension 'ros'
[3.041s] [34mcolcon.colcon_core.package_identification[0m [1;30mLevel 1[0m _identify(frontend/static) by extensions ['cmake', 'python']
[3.042s] [34mcolcon.colcon_core.package_identification[0m [1;30mLevel 1[0m _identify(frontend/static) by extension 'cmake'
[3.042s] [34mcolcon.colcon_core.package_identification[0m [1;30mLevel 1[0m _identify(frontend/static) by extension 'python'
[3.043s] [34mcolcon.colcon_core.package_identification[0m [1;30mLevel 1[0m _identify(frontend/static) by extensions ['python_setup_py']
[3.043s] [34mcolcon.colcon_core.package_identification[0m [1;30mLevel 1[0m _identify(frontend/static) by extension 'python_setup_py'
[3.048s] [34mcolcon.colcon_core.package_identification[0m [1;30mLevel 1[0m _identify(frontend/static/src) by extensions ['ignore', 'ignore_ament_install']
[3.048s] [34mcolcon.colcon_core.package_identification[0m [1;30mLevel 1[0m _identify(frontend/static/src) by extension 'ignore'
[3.049s] [34mcolcon.colcon_core.package_identification[0m [1;30mLevel 1[0m _identify(frontend/static/src) by extension 'ignore_ament_install'
[3.052s] [34mcolcon.colcon_core.package_identification[0m [1;30mLevel 1[0m _identify(frontend/static/src) by extensions ['colcon_pkg']
[3.052s] [34mcolcon.colcon_core.package_identification[0m [1;30mLevel 1[0m _identify(frontend/static/src) by extension 'colcon_pkg'
[3.053s] [34mcolcon.colcon_core.package_identification[0m [1;30mLevel 1[0m _identify(frontend/static/src) by extensions ['colcon_meta']
[3.053s] [34mcolcon.colcon_core.package_identification[0m [1;30mLevel 1[0m _identify(frontend/static/src) by extension 'colcon_meta'
[3.056s] [34mcolcon.colcon_core.package_identification[0m [1;30mLevel 1[0m _identify(frontend/static/src) by extensions ['ros']
[3.056s] [34mcolcon.colcon_core.package_identification[0m [1;30mLevel 1[0m _identify(frontend/static/src) by extension 'ros'
[3.061s] [34mcolcon.colcon_core.package_identification[0m [1;30mLevel 1[0m _identify(frontend/static/src) by extensions ['cmake', 'python']
[3.061s] [34mcolcon.colcon_core.package_identification[0m [1;30mLevel 1[0m _identify(frontend/static/src) by extension 'cmake'
[3.062s] [34mcolcon.colcon_core.package_identification[0m [1;30mLevel 1[0m _identify(frontend/static/src) by extension 'python'
[3.063s] [34mcolcon.colcon_core.package_identification[0m [1;30mLevel 1[0m _identify(frontend/static/src) by extensions ['python_setup_py']
[3.064s] [34mcolcon.colcon_core.package_identification[0m [1;30mLevel 1[0m _identify(frontend/static/src) by extension 'python_setup_py'
[3.067s] [34mcolcon.colcon_core.package_identification[0m [1;30mLevel 1[0m _identify(install) by extensions ['ignore', 'ignore_ament_install']
[3.067s] [34mcolcon.colcon_core.package_identification[0m [1;30mLevel 1[0m _identify(install) by extension 'ignore'
[3.068s] [34mcolcon.colcon_core.package_identification[0m [1;30mLevel 1[0m _identify(install) ignored
[3.071s] [34mcolcon.colcon_core.package_identification[0m [1;30mLevel 1[0m _identify(log) by extensions ['ignore', 'ignore_ament_install']
[3.071s] [34mcolcon.colcon_core.package_identification[0m [1;30mLevel 1[0m _identify(log) by extension 'ignore'
[3.072s] [34mcolcon.colcon_core.package_identification[0m [1;30mLevel 1[0m _identify(log) ignored
[3.074s] [34mcolcon.colcon_core.package_identification[0m [1;30mLevel 1[0m _identify(node_modules) by extensions ['ignore', 'ignore_ament_install']
[3.074s] [34mcolcon.colcon_core.package_identification[0m [1;30mLevel 1[0m _identify(node_modules) by extension 'ignore'
[3.075s] [34mcolcon.colcon_core.package_identification[0m [1;30mLevel 1[0m _identify(node_modules) by extension 'ignore_ament_install'
[3.076s] [34mcolcon.colcon_core.package_identification[0m [1;30mLevel 1[0m _identify(node_modules) by extensions ['colcon_pkg']
[3.076s] [34mcolcon.colcon_core.package_identification[0m [1;30mLevel 1[0m _identify(node_modules) by extension 'colcon_pkg'
[3.076s] [34mcolcon.colcon_core.package_identification[0m [1;30mLevel 1[0m _identify(node_modules) by extensions ['colcon_meta']
[3.077s] [34mcolcon.colcon_core.package_identification[0m [1;30mLevel 1[0m _identify(node_modules) by extension 'colcon_meta'
[3.077s] [34mcolcon.colcon_core.package_identification[0m [1;30mLevel 1[0m _identify(node_modules) by extensions ['ros']
[3.077s] [34mcolcon.colcon_core.package_identification[0m [1;30mLevel 1[0m _identify(node_modules) by extension 'ros'
[3.080s] [34mcolcon.colcon_core.package_identification[0m [1;30mLevel 1[0m _identify(node_modules) by extensions ['cmake', 'python']
[3.080s] [34mcolcon.colcon_core.package_identification[0m [1;30mLevel 1[0m _identify(node_modules) by extension 'cmake'
[3.161s] [34mcolcon.colcon_core.package_identification[0m [1;30mLevel 1[0m _identify(node_modules) by extension 'python'
[3.162s] [34mcolcon.colcon_core.package_identification[0m [1;30mLevel 1[0m _identify(node_modules) by extensions ['python_setup_py']
[3.163s] [34mcolcon.colcon_core.package_identification[0m [1;30mLevel 1[0m _identify(node_modules) by extension 'python_setup_py'
[3.170s] [34mcolcon.colcon_core.package_identification[0m [1;30mLevel 1[0m _identify(node_modules/@parcel) by extensions ['ignore', 'ignore_ament_install']
[3.170s] [34mcolcon.colcon_core.package_identification[0m [1;30mLevel 1[0m _identify(node_modules/@parcel) by extension 'ignore'
[3.172s] [34mcolcon.colcon_core.package_identification[0m [1;30mLevel 1[0m _identify(node_modules/@parcel) by extension 'ignore_ament_install'
[3.175s] [34mcolcon.colcon_core.package_identification[0m [1;30mLevel 1[0m _identify(node_modules/@parcel) by extensions ['colcon_pkg']
[3.175s] [34mcolcon.colcon_core.package_identification[0m [1;30mLevel 1[0m _identify(node_modules/@parcel) by extension 'colcon_pkg'
[3.176s] [34mcolcon.colcon_core.package_identification[0m [1;30mLevel 1[0m _identify(node_modules/@parcel) by extensions ['colcon_meta']
[3.176s] [34mcolcon.colcon_core.package_identification[0m [1;30mLevel 1[0m _identify(node_modules/@parcel) by extension 'colcon_meta'
[3.178s] [34mcolcon.colcon_core.package_identification[0m [1;30mLevel 1[0m _identify(node_modules/@parcel) by extensions ['ros']
[3.178s] [34mcolcon.colcon_core.package_identification[0m [1;30mLevel 1[0m _identify(node_modules/@parcel) by extension 'ros'
[3.184s] [34mcolcon.colcon_core.package_identification[0m [1;30mLevel 1[0m _identify(node_modules/@parcel) by extensions ['cmake', 'python']
[3.185s] [34mcolcon.colcon_core.package_identification[0m [1;30mLevel 1[0m _identify(node_modules/@parcel) by extension 'cmake'
[3.187s] [34mcolcon.colcon_core.package_identification[0m [1;30mLevel 1[0m _identify(node_modules/@parcel) by extension 'python'
[3.189s] [34mcolcon.colcon_core.package_identification[0m [1;30mLevel 1[0m _identify(node_modules/@parcel) by extensions ['python_setup_py']
[3.189s] [34mcolcon.colcon_core.package_identification[0m [1;30mLevel 1[0m _identify(node_modules/@parcel) by extension 'python_setup_py'
[3.195s] [34mcolcon.colcon_core.package_identification[0m [1;30mLevel 1[0m _identify(node_modules/@parcel/watcher) by extensions ['ignore', 'ignore_ament_install']
[3.196s] [34mcolcon.colcon_core.package_identification[0m [1;30mLevel 1[0m _identify(node_modules/@parcel/watcher) by extension 'ignore'
[3.198s] [34mcolcon.colcon_core.package_identification[0m [1;30mLevel 1[0m _identify(node_modules/@parcel/watcher) by extension 'ignore_ament_install'
[3.203s] [34mcolcon.colcon_core.package_identification[0m [1;30mLevel 1[0m _identify(node_modules/@parcel/watcher) by extensions ['colcon_pkg']
[3.203s] [34mcolcon.colcon_core.package_identification[0m [1;30mLevel 1[0m _identify(node_modules/@parcel/watcher) by extension 'colcon_pkg'
[3.206s] [34mcolcon.colcon_core.package_identification[0m [1;30mLevel 1[0m _identify(node_modules/@parcel/watcher) by extensions ['colcon_meta']
[3.206s] [34mcolcon.colcon_core.package_identification[0m [1;30mLevel 1[0m _identify(node_modules/@parcel/watcher) by extension 'colcon_meta'
[3.209s] [34mcolcon.colcon_core.package_identification[0m [1;30mLevel 1[0m _identify(node_modules/@parcel/watcher) by extensions ['ros']
[3.209s] [34mcolcon.colcon_core.package_identification[0m [1;30mLevel 1[0m _identify(node_modules/@parcel/watcher) by extension 'ros'
[3.217s] [34mcolcon.colcon_core.package_identification[0m [1;30mLevel 1[0m _identify(node_modules/@parcel/watcher) by extensions ['cmake', 'python']
[3.217s] [34mcolcon.colcon_core.package_identification[0m [1;30mLevel 1[0m _identify(node_modules/@parcel/watcher) by extension 'cmake'
[3.219s] [34mcolcon.colcon_core.package_identification[0m [1;30mLevel 1[0m _identify(node_modules/@parcel/watcher) by extension 'python'
[3.221s] [34mcolcon.colcon_core.package_identification[0m [1;30mLevel 1[0m _identify(node_modules/@parcel/watcher) by extensions ['python_setup_py']
[3.221s] [34mcolcon.colcon_core.package_identification[0m [1;30mLevel 1[0m _identify(node_modules/@parcel/watcher) by extension 'python_setup_py'
[3.229s] [34mcolcon.colcon_core.package_identification[0m [1;30mLevel 1[0m _identify(node_modules/@parcel/watcher/scripts) by extensions ['ignore', 'ignore_ament_install']
[3.229s] [34mcolcon.colcon_core.package_identification[0m [1;30mLevel 1[0m _identify(node_modules/@parcel/watcher/scripts) by extension 'ignore'
[3.231s] [34mcolcon.colcon_core.package_identification[0m [1;30mLevel 1[0m _identify(node_modules/@parcel/watcher/scripts) by extension 'ignore_ament_install'
[3.236s] [34mcolcon.colcon_core.package_identification[0m [1;30mLevel 1[0m _identify(node_modules/@parcel/watcher/scripts) by extensions ['colcon_pkg']
[3.237s] [34mcolcon.colcon_core.package_identification[0m [1;30mLevel 1[0m _identify(node_modules/@parcel/watcher/scripts) by extension 'colcon_pkg'
[3.238s] [34mcolcon.colcon_core.package_identification[0m [1;30mLevel 1[0m _identify(node_modules/@parcel/watcher/scripts) by extensions ['colcon_meta']
[3.239s] [34mcolcon.colcon_core.package_identification[0m [1;30mLevel 1[0m _identify(node_modules/@parcel/watcher/scripts) by extension 'colcon_meta'
[3.243s] [34mcolcon.colcon_core.package_identification[0m [1;30mLevel 1[0m _identify(node_modules/@parcel/watcher/scripts) by extensions ['ros']
[3.243s] [34mcolcon.colcon_core.package_identification[0m [1;30mLevel 1[0m _identify(node_modules/@parcel/watcher/scripts) by extension 'ros'
[3.253s] [34mcolcon.colcon_core.package_identification[0m [1;30mLevel 1[0m _identify(node_modules/@parcel/watcher/scripts) by extensions ['cmake', 'python']
[3.253s] [34mcolcon.colcon_core.package_identification[0m [1;30mLevel 1[0m _identify(node_modules/@parcel/watcher/scripts) by extension 'cmake'
[3.255s] [34mcolcon.colcon_core.package_identification[0m [1;30mLevel 1[0m _identify(node_modules/@parcel/watcher/scripts) by extension 'python'
[3.257s] [34mcolcon.colcon_core.package_identification[0m [1;30mLevel 1[0m _identify(node_modules/@parcel/watcher/scripts) by extensions ['python_setup_py']
[3.257s] [34mcolcon.colcon_core.package_identification[0m [1;30mLevel 1[0m _identify(node_modules/@parcel/watcher/scripts) by extension 'python_setup_py'
[3.266s] [34mcolcon.colcon_core.package_identification[0m [1;30mLevel 1[0m _identify(node_modules/@parcel/watcher/src) by extensions ['ignore', 'ignore_ament_install']
[3.267s] [34mcolcon.colcon_core.package_identification[0m [1;30mLevel 1[0m _identify(node_modules/@parcel/watcher/src) by extension 'ignore'
[3.268s] [34mcolcon.colcon_core.package_identification[0m [1;30mLevel 1[0m _identify(node_modules/@parcel/watcher/src) by extension 'ignore_ament_install'
[3.272s] [34mcolcon.colcon_core.package_identification[0m [1;30mLevel 1[0m _identify(node_modules/@parcel/watcher/src) by extensions ['colcon_pkg']
[3.272s] [34mcolcon.colcon_core.package_identification[0m [1;30mLevel 1[0m _identify(node_modules/@parcel/watcher/src) by extension 'colcon_pkg'
[3.274s] [34mcolcon.colcon_core.package_identification[0m [1;30mLevel 1[0m _identify(node_modules/@parcel/watcher/src) by extensions ['colcon_meta']
[3.274s] [34mcolcon.colcon_core.package_identification[0m [1;30mLevel 1[0m _identify(node_modules/@parcel/watcher/src) by extension 'colcon_meta'
[3.278s] [34mcolcon.colcon_core.package_identification[0m [1;30mLevel 1[0m _identify(node_modules/@parcel/watcher/src) by extensions ['ros']
[3.278s] [34mcolcon.colcon_core.package_identification[0m [1;30mLevel 1[0m _identify(node_modules/@parcel/watcher/src) by extension 'ros'
[3.287s] [34mcolcon.colcon_core.package_identification[0m [1;30mLevel 1[0m _identify(node_modules/@parcel/watcher/src) by extensions ['cmake', 'python']
[3.287s] [34mcolcon.colcon_core.package_identification[0m [1;30mLevel 1[0m _identify(node_modules/@parcel/watcher/src) by extension 'cmake'
[3.289s] [34mcolcon.colcon_core.package_identification[0m [1;30mLevel 1[0m _identify(node_modules/@parcel/watcher/src) by extension 'python'
[3.290s] [34mcolcon.colcon_core.package_identification[0m [1;30mLevel 1[0m _identify(node_modules/@parcel/watcher/src) by extensions ['python_setup_py']
[3.291s] [34mcolcon.colcon_core.package_identification[0m [1;30mLevel 1[0m _identify(node_modules/@parcel/watcher/src) by extension 'python_setup_py'
[3.304s] [34mcolcon.colcon_core.package_identification[0m [1;30mLevel 1[0m _identify(node_modules/@parcel/watcher/src/kqueue) by extensions ['ignore', 'ignore_ament_install']
[3.305s] [34mcolcon.colcon_core.package_identification[0m [1;30mLevel 1[0m _identify(node_modules/@parcel/watcher/src/kqueue) by extension 'ignore'
[3.307s] [34mcolcon.colcon_core.package_identification[0m [1;30mLevel 1[0m _identify(node_modules/@parcel/watcher/src/kqueue) by extension 'ignore_ament_install'
[3.313s] [34mcolcon.colcon_core.package_identification[0m [1;30mLevel 1[0m _identify(node_modules/@parcel/watcher/src/kqueue) by extensions ['colcon_pkg']
[3.314s] [34mcolcon.colcon_core.package_identification[0m [1;30mLevel 1[0m _identify(node_modules/@parcel/watcher/src/kqueue) by extension 'colcon_pkg'
[3.317s] [34mcolcon.colcon_core.package_identification[0m [1;30mLevel 1[0m _identify(node_modules/@parcel/watcher/src/kqueue) by extensions ['colcon_meta']
[3.317s] [34mcolcon.colcon_core.package_identification[0m [1;30mLevel 1[0m _identify(node_modules/@parcel/watcher/src/kqueue) by extension 'colcon_meta'
[3.323s] [34mcolcon.colcon_core.package_identification[0m [1;30mLevel 1[0m _identify(node_modules/@parcel/watcher/src/kqueue) by extensions ['ros']
[3.323s] [34mcolcon.colcon_core.package_identification[0m [1;30mLevel 1[0m _identify(node_modules/@parcel/watcher/src/kqueue) by extension 'ros'
[3.333s] [34mcolcon.colcon_core.package_identification[0m [1;30mLevel 1[0m _identify(node_modules/@parcel/watcher/src/kqueue) by extensions ['cmake', 'python']
[3.333s] [34mcolcon.colcon_core.package_identification[0m [1;30mLevel 1[0m _identify(node_modules/@parcel/watcher/src/kqueue) by extension 'cmake'
[3.335s] [34mcolcon.colcon_core.package_identification[0m [1;30mLevel 1[0m _identify(node_modules/@parcel/watcher/src/kqueue) by extension 'python'
[3.338s] [34mcolcon.colcon_core.package_identification[0m [1;30mLevel 1[0m _identify(node_modules/@parcel/watcher/src/kqueue) by extensions ['python_setup_py']
[3.338s] [34mcolcon.colcon_core.package_identification[0m [1;30mLevel 1[0m _identify(node_modules/@parcel/watcher/src/kqueue) by extension 'python_setup_py'
[3.351s] [34mcolcon.colcon_core.package_identification[0m [1;30mLevel 1[0m _identify(node_modules/@parcel/watcher/src/linux) by extensions ['ignore', 'ignore_ament_install']
[3.351s] [34mcolcon.colcon_core.package_identification[0m [1;30mLevel 1[0m _identify(node_modules/@parcel/watcher/src/linux) by extension 'ignore'
[3.354s] [34mcolcon.colcon_core.package_identification[0m [1;30mLevel 1[0m _identify(node_modules/@parcel/watcher/src/linux) by extension 'ignore_ament_install'
[3.358s] [34mcolcon.colcon_core.package_identification[0m [1;30mLevel 1[0m _identify(node_modules/@parcel/watcher/src/linux) by extensions ['colcon_pkg']
[3.358s] [34mcolcon.colcon_core.package_identification[0m [1;30mLevel 1[0m _identify(node_modules/@parcel/watcher/src/linux) by extension 'colcon_pkg'
[3.362s] [34mcolcon.colcon_core.package_identification[0m [1;30mLevel 1[0m _identify(node_modules/@parcel/watcher/src/linux) by extensions ['colcon_meta']
[3.362s] [34mcolcon.colcon_core.package_identification[0m [1;30mLevel 1[0m _identify(node_modules/@parcel/watcher/src/linux) by extension 'colcon_meta'
[3.369s] [34mcolcon.colcon_core.package_identification[0m [1;30mLevel 1[0m _identify(node_modules/@parcel/watcher/src/linux) by extensions ['ros']
[3.369s] [34mcolcon.colcon_core.package_identification[0m [1;30mLevel 1[0m _identify(node_modules/@parcel/watcher/src/linux) by extension 'ros'
[3.380s] [34mcolcon.colcon_core.package_identification[0m [1;30mLevel 1[0m _identify(node_modules/@parcel/watcher/src/linux) by extensions ['cmake', 'python']
[3.381s] [34mcolcon.colcon_core.package_identification[0m [1;30mLevel 1[0m _identify(node_modules/@parcel/watcher/src/linux) by extension 'cmake'
[3.383s] [34mcolcon.colcon_core.package_identification[0m [1;30mLevel 1[0m _identify(node_modules/@parcel/watcher/src/linux) by extension 'python'
[3.386s] [34mcolcon.colcon_core.package_identification[0m [1;30mLevel 1[0m _identify(node_modules/@parcel/watcher/src/linux) by extensions ['python_setup_py']
[3.386s] [34mcolcon.colcon_core.package_identification[0m [1;30mLevel 1[0m _identify(node_modules/@parcel/watcher/src/linux) by extension 'python_setup_py'
[3.400s] [34mcolcon.colcon_core.package_identification[0m [1;30mLevel 1[0m _identify(node_modules/@parcel/watcher/src/macos) by extensions ['ignore', 'ignore_ament_install']
[3.401s] [34mcolcon.colcon_core.package_identification[0m [1;30mLevel 1[0m _identify(node_modules/@parcel/watcher/src/macos) by extension 'ignore'
[3.403s] [34mcolcon.colcon_core.package_identification[0m [1;30mLevel 1[0m _identify(node_modules/@parcel/watcher/src/macos) by extension 'ignore_ament_install'
[3.408s] [34mcolcon.colcon_core.package_identification[0m [1;30mLevel 1[0m _identify(node_modules/@parcel/watcher/src/macos) by extensions ['colcon_pkg']
[3.408s] [34mcolcon.colcon_core.package_identification[0m [1;30mLevel 1[0m _identify(node_modules/@parcel/watcher/src/macos) by extension 'colcon_pkg'
[3.411s] [34mcolcon.colcon_core.package_identification[0m [1;30mLevel 1[0m _identify(node_modules/@parcel/watcher/src/macos) by extensions ['colcon_meta']
[3.411s] [34mcolcon.colcon_core.package_identification[0m [1;30mLevel 1[0m _identify(node_modules/@parcel/watcher/src/macos) by extension 'colcon_meta'
[3.417s] [34mcolcon.colcon_core.package_identification[0m [1;30mLevel 1[0m _identify(node_modules/@parcel/watcher/src/macos) by extensions ['ros']
[3.418s] [34mcolcon.colcon_core.package_identification[0m [1;30mLevel 1[0m _identify(node_modules/@parcel/watcher/src/macos) by extension 'ros'
[3.429s] [34mcolcon.colcon_core.package_identification[0m [1;30mLevel 1[0m _identify(node_modules/@parcel/watcher/src/macos) by extensions ['cmake', 'python']
[3.429s] [34mcolcon.colcon_core.package_identification[0m [1;30mLevel 1[0m _identify(node_modules/@parcel/watcher/src/macos) by extension 'cmake'
[3.432s] [34mcolcon.colcon_core.package_identification[0m [1;30mLevel 1[0m _identify(node_modules/@parcel/watcher/src/macos) by extension 'python'
[3.434s] [34mcolcon.colcon_core.package_identification[0m [1;30mLevel 1[0m _identify(node_modules/@parcel/watcher/src/macos) by extensions ['python_setup_py']
[3.434s] [34mcolcon.colcon_core.package_identification[0m [1;30mLevel 1[0m _identify(node_modules/@parcel/watcher/src/macos) by extension 'python_setup_py'
[3.446s] [34mcolcon.colcon_core.package_identification[0m [1;30mLevel 1[0m _identify(node_modules/@parcel/watcher/src/shared) by extensions ['ignore', 'ignore_ament_install']
[3.446s] [34mcolcon.colcon_core.package_identification[0m [1;30mLevel 1[0m _identify(node_modules/@parcel/watcher/src/shared) by extension 'ignore'
[3.448s] [34mcolcon.colcon_core.package_identification[0m [1;30mLevel 1[0m _identify(node_modules/@parcel/watcher/src/shared) by extension 'ignore_ament_install'
[3.452s] [34mcolcon.colcon_core.package_identification[0m [1;30mLevel 1[0m _identify(node_modules/@parcel/watcher/src/shared) by extensions ['colcon_pkg']
[3.452s] [34mcolcon.colcon_core.package_identification[0m [1;30mLevel 1[0m _identify(node_modules/@parcel/watcher/src/shared) by extension 'colcon_pkg'
[3.455s] [34mcolcon.colcon_core.package_identification[0m [1;30mLevel 1[0m _identify(node_modules/@parcel/watcher/src/shared) by extensions ['colcon_meta']
[3.455s] [34mcolcon.colcon_core.package_identification[0m [1;30mLevel 1[0m _identify(node_modules/@parcel/watcher/src/shared) by extension 'colcon_meta'
[3.463s] [34mcolcon.colcon_core.package_identification[0m [1;30mLevel 1[0m _identify(node_modules/@parcel/watcher/src/shared) by extensions ['ros']
[3.463s] [34mcolcon.colcon_core.package_identification[0m [1;30mLevel 1[0m _identify(node_modules/@parcel/watcher/src/shared) by extension 'ros'
[3.474s] [34mcolcon.colcon_core.package_identification[0m [1;30mLevel 1[0m _identify(node_modules/@parcel/watcher/src/shared) by extensions ['cmake', 'python']
[3.474s] [34mcolcon.colcon_core.package_identification[0m [1;30mLevel 1[0m _identify(node_modules/@parcel/watcher/src/shared) by extension 'cmake'
[3.477s] [34mcolcon.colcon_core.package_identification[0m [1;30mLevel 1[0m _identify(node_modules/@parcel/watcher/src/shared) by extension 'python'
[3.479s] [34mcolcon.colcon_core.package_identification[0m [1;30mLevel 1[0m _identify(node_modules/@parcel/watcher/src/shared) by extensions ['python_setup_py']
[3.480s] [34mcolcon.colcon_core.package_identification[0m [1;30mLevel 1[0m _identify(node_modules/@parcel/watcher/src/shared) by extension 'python_setup_py'
[3.494s] [34mcolcon.colcon_core.package_identification[0m [1;30mLevel 1[0m _identify(node_modules/@parcel/watcher/src/unix) by extensions ['ignore', 'ignore_ament_install']
[3.494s] [34mcolcon.colcon_core.package_identification[0m [1;30mLevel 1[0m _identify(node_modules/@parcel/watcher/src/unix) by extension 'ignore'
[3.496s] [34mcolcon.colcon_core.package_identification[0m [1;30mLevel 1[0m _identify(node_modules/@parcel/watcher/src/unix) by extension 'ignore_ament_install'
[3.499s] [34mcolcon.colcon_core.package_identification[0m [1;30mLevel 1[0m _identify(node_modules/@parcel/watcher/src/unix) by extensions ['colcon_pkg']
[3.499s] [34mcolcon.colcon_core.package_identification[0m [1;30mLevel 1[0m _identify(node_modules/@parcel/watcher/src/unix) by extension 'colcon_pkg'
[3.501s] [34mcolcon.colcon_core.package_identification[0m [1;30mLevel 1[0m _identify(node_modules/@parcel/watcher/src/unix) by extensions ['colcon_meta']
[3.501s] [34mcolcon.colcon_core.package_identification[0m [1;30mLevel 1[0m _identify(node_modules/@parcel/watcher/src/unix) by extension 'colcon_meta'
[3.507s] [34mcolcon.colcon_core.package_identification[0m [1;30mLevel 1[0m _identify(node_modules/@parcel/watcher/src/unix) by extensions ['ros']
[3.507s] [34mcolcon.colcon_core.package_identification[0m [1;30mLevel 1[0m _identify(node_modules/@parcel/watcher/src/unix) by extension 'ros'
[3.515s] [34mcolcon.colcon_core.package_identification[0m [1;30mLevel 1[0m _identify(node_modules/@parcel/watcher/src/unix) by extensions ['cmake', 'python']
[3.515s] [34mcolcon.colcon_core.package_identification[0m [1;30mLevel 1[0m _identify(node_modules/@parcel/watcher/src/unix) by extension 'cmake'
[3.517s] [34mcolcon.colcon_core.package_identification[0m [1;30mLevel 1[0m _identify(node_modules/@parcel/watcher/src/unix) by extension 'python'
[3.520s] [34mcolcon.colcon_core.package_identification[0m [1;30mLevel 1[0m _identify(node_modules/@parcel/watcher/src/unix) by extensions ['python_setup_py']
[3.520s] [34mcolcon.colcon_core.package_identification[0m [1;30mLevel 1[0m _identify(node_modules/@parcel/watcher/src/unix) by extension 'python_setup_py'
[3.529s] [34mcolcon.colcon_core.package_identification[0m [1;30mLevel 1[0m _identify(node_modules/@parcel/watcher/src/wasm) by extensions ['ignore', 'ignore_ament_install']
[3.529s] [34mcolcon.colcon_core.package_identification[0m [1;30mLevel 1[0m _identify(node_modules/@parcel/watcher/src/wasm) by extension 'ignore'
[3.531s] [34mcolcon.colcon_core.package_identification[0m [1;30mLevel 1[0m _identify(node_modules/@parcel/watcher/src/wasm) by extension 'ignore_ament_install'
[3.535s] [34mcolcon.colcon_core.package_identification[0m [1;30mLevel 1[0m _identify(node_modules/@parcel/watcher/src/wasm) by extensions ['colcon_pkg']
[3.535s] [34mcolcon.colcon_core.package_identification[0m [1;30mLevel 1[0m _identify(node_modules/@parcel/watcher/src/wasm) by extension 'colcon_pkg'
[3.537s] [34mcolcon.colcon_core.package_identification[0m [1;30mLevel 1[0m _identify(node_modules/@parcel/watcher/src/wasm) by extensions ['colcon_meta']
[3.537s] [34mcolcon.colcon_core.package_identification[0m [1;30mLevel 1[0m _identify(node_modules/@parcel/watcher/src/wasm) by extension 'colcon_meta'
[3.542s] [34mcolcon.colcon_core.package_identification[0m [1;30mLevel 1[0m _identify(node_modules/@parcel/watcher/src/wasm) by extensions ['ros']
[3.542s] [34mcolcon.colcon_core.package_identification[0m [1;30mLevel 1[0m _identify(node_modules/@parcel/watcher/src/wasm) by extension 'ros'
[3.551s] [34mcolcon.colcon_core.package_identification[0m [1;30mLevel 1[0m _identify(node_modules/@parcel/watcher/src/wasm) by extensions ['cmake', 'python']
[3.551s] [34mcolcon.colcon_core.package_identification[0m [1;30mLevel 1[0m _identify(node_modules/@parcel/watcher/src/wasm) by extension 'cmake'
[3.553s] [34mcolcon.colcon_core.package_identification[0m [1;30mLevel 1[0m _identify(node_modules/@parcel/watcher/src/wasm) by extension 'python'
[3.555s] [34mcolcon.colcon_core.package_identification[0m [1;30mLevel 1[0m _identify(node_modules/@parcel/watcher/src/wasm) by extensions ['python_setup_py']
[3.555s] [34mcolcon.colcon_core.package_identification[0m [1;30mLevel 1[0m _identify(node_modules/@parcel/watcher/src/wasm) by extension 'python_setup_py'
[3.564s] [34mcolcon.colcon_core.package_identification[0m [1;30mLevel 1[0m _identify(node_modules/@parcel/watcher/src/watchman) by extensions ['ignore', 'ignore_ament_install']
[3.564s] [34mcolcon.colcon_core.package_identification[0m [1;30mLevel 1[0m _identify(node_modules/@parcel/watcher/src/watchman) by extension 'ignore'
[3.566s] [34mcolcon.colcon_core.package_identification[0m [1;30mLevel 1[0m _identify(node_modules/@parcel/watcher/src/watchman) by extension 'ignore_ament_install'
[3.570s] [34mcolcon.colcon_core.package_identification[0m [1;30mLevel 1[0m _identify(node_modules/@parcel/watcher/src/watchman) by extensions ['colcon_pkg']
[3.570s] [34mcolcon.colcon_core.package_identification[0m [1;30mLevel 1[0m _identify(node_modules/@parcel/watcher/src/watchman) by extension 'colcon_pkg'
[3.572s] [34mcolcon.colcon_core.package_identification[0m [1;30mLevel 1[0m _identify(node_modules/@parcel/watcher/src/watchman) by extensions ['colcon_meta']
[3.572s] [34mcolcon.colcon_core.package_identification[0m [1;30mLevel 1[0m _identify(node_modules/@parcel/watcher/src/watchman) by extension 'colcon_meta'
[3.577s] [34mcolcon.colcon_core.package_identification[0m [1;30mLevel 1[0m _identify(node_modules/@parcel/watcher/src/watchman) by extensions ['ros']
[3.578s] [34mcolcon.colcon_core.package_identification[0m [1;30mLevel 1[0m _identify(node_modules/@parcel/watcher/src/watchman) by extension 'ros'
[3.590s] [34mcolcon.colcon_core.package_identification[0m [1;30mLevel 1[0m _identify(node_modules/@parcel/watcher/src/watchman) by extensions ['cmake', 'python']
[3.591s] [34mcolcon.colcon_core.package_identification[0m [1;30mLevel 1[0m _identify(node_modules/@parcel/watcher/src/watchman) by extension 'cmake'
[3.594s] [34mcolcon.colcon_core.package_identification[0m [1;30mLevel 1[0m _identify(node_modules/@parcel/watcher/src/watchman) by extension 'python'
[3.598s] [34mcolcon.colcon_core.package_identification[0m [1;30mLevel 1[0m _identify(node_modules/@parcel/watcher/src/watchman) by extensions ['python_setup_py']
[3.599s] [34mcolcon.colcon_core.package_identification[0m [1;30mLevel 1[0m _identify(node_modules/@parcel/watcher/src/watchman) by extension 'python_setup_py'
[3.617s] [34mcolcon.colcon_core.package_identification[0m [1;30mLevel 1[0m _identify(node_modules/@parcel/watcher/src/windows) by extensions ['ignore', 'ignore_ament_install']
[3.617s] [34mcolcon.colcon_core.package_identification[0m [1;30mLevel 1[0m _identify(node_modules/@parcel/watcher/src/windows) by extension 'ignore'
[3.620s] [34mcolcon.colcon_core.package_identification[0m [1;30mLevel 1[0m _identify(node_modules/@parcel/watcher/src/windows) by extension 'ignore_ament_install'
[3.625s] [34mcolcon.colcon_core.package_identification[0m [1;30mLevel 1[0m _identify(node_modules/@parcel/watcher/src/windows) by extensions ['colcon_pkg']
[3.626s] [34mcolcon.colcon_core.package_identification[0m [1;30mLevel 1[0m _identify(node_modules/@parcel/watcher/src/windows) by extension 'colcon_pkg'
[3.629s] [34mcolcon.colcon_core.package_identification[0m [1;30mLevel 1[0m _identify(node_modules/@parcel/watcher/src/windows) by extensions ['colcon_meta']
[3.630s] [34mcolcon.colcon_core.package_identification[0m [1;30mLevel 1[0m _identify(node_modules/@parcel/watcher/src/windows) by extension 'colcon_meta'
[3.639s] [34mcolcon.colcon_core.package_identification[0m [1;30mLevel 1[0m _identify(node_modules/@parcel/watcher/src/windows) by extensions ['ros']
[3.639s] [34mcolcon.colcon_core.package_identification[0m [1;30mLevel 1[0m _identify(node_modules/@parcel/watcher/src/windows) by extension 'ros'
[3.656s] [34mcolcon.colcon_core.package_identification[0m [1;30mLevel 1[0m _identify(node_modules/@parcel/watcher/src/windows) by extensions ['cmake', 'python']
[3.656s] [34mcolcon.colcon_core.package_identification[0m [1;30mLevel 1[0m _identify(node_modules/@parcel/watcher/src/windows) by extension 'cmake'
[3.660s] [34mcolcon.colcon_core.package_identification[0m [1;30mLevel 1[0m _identify(node_modules/@parcel/watcher/src/windows) by extension 'python'
[3.664s] [34mcolcon.colcon_core.package_identification[0m [1;30mLevel 1[0m _identify(node_modules/@parcel/watcher/src/windows) by extensions ['python_setup_py']
[3.664s] [34mcolcon.colcon_core.package_identification[0m [1;30mLevel 1[0m _identify(node_modules/@parcel/watcher/src/windows) by extension 'python_setup_py'
[3.674s] [34mcolcon.colcon_core.package_identification[0m [1;30mLevel 1[0m _identify(node_modules/@parcel/watcher-win32-x64) by extensions ['ignore', 'ignore_ament_install']
[3.674s] [34mcolcon.colcon_core.package_identification[0m [1;30mLevel 1[0m _identify(node_modules/@parcel/watcher-win32-x64) by extension 'ignore'
[3.676s] [34mcolcon.colcon_core.package_identification[0m [1;30mLevel 1[0m _identify(node_modules/@parcel/watcher-win32-x64) by extension 'ignore_ament_install'
[3.679s] [34mcolcon.colcon_core.package_identification[0m [1;30mLevel 1[0m _identify(node_modules/@parcel/watcher-win32-x64) by extensions ['colcon_pkg']
[3.680s] [34mcolcon.colcon_core.package_identification[0m [1;30mLevel 1[0m _identify(node_modules/@parcel/watcher-win32-x64) by extension 'colcon_pkg'
[3.682s] [34mcolcon.colcon_core.package_identification[0m [1;30mLevel 1[0m _identify(node_modules/@parcel/watcher-win32-x64) by extensions ['colcon_meta']
[3.682s] [34mcolcon.colcon_core.package_identification[0m [1;30mLevel 1[0m _identify(node_modules/@parcel/watcher-win32-x64) by extension 'colcon_meta'
[3.686s] [34mcolcon.colcon_core.package_identification[0m [1;30mLevel 1[0m _identify(node_modules/@parcel/watcher-win32-x64) by extensions ['ros']
[3.686s] [34mcolcon.colcon_core.package_identification[0m [1;30mLevel 1[0m _identify(node_modules/@parcel/watcher-win32-x64) by extension 'ros'
[3.692s] [34mcolcon.colcon_core.package_identification[0m [1;30mLevel 1[0m _identify(node_modules/@parcel/watcher-win32-x64) by extensions ['cmake', 'python']
[3.692s] [34mcolcon.colcon_core.package_identification[0m [1;30mLevel 1[0m _identify(node_modules/@parcel/watcher-win32-x64) by extension 'cmake'
[3.693s] [34mcolcon.colcon_core.package_identification[0m [1;30mLevel 1[0m _identify(node_modules/@parcel/watcher-win32-x64) by extension 'python'
[3.695s] [34mcolcon.colcon_core.package_identification[0m [1;30mLevel 1[0m _identify(node_modules/@parcel/watcher-win32-x64) by extensions ['python_setup_py']
[3.695s] [34mcolcon.colcon_core.package_identification[0m [1;30mLevel 1[0m _identify(node_modules/@parcel/watcher-win32-x64) by extension 'python_setup_py'
[3.700s] [34mcolcon.colcon_core.package_identification[0m [1;30mLevel 1[0m _identify(node_modules/@tailwindcss) by extensions ['ignore', 'ignore_ament_install']
[3.700s] [34mcolcon.colcon_core.package_identification[0m [1;30mLevel 1[0m _identify(node_modules/@tailwindcss) by extension 'ignore'
[3.701s] [34mcolcon.colcon_core.package_identification[0m [1;30mLevel 1[0m _identify(node_modules/@tailwindcss) by extension 'ignore_ament_install'
[3.703s] [34mcolcon.colcon_core.package_identification[0m [1;30mLevel 1[0m _identify(node_modules/@tailwindcss) by extensions ['colcon_pkg']
[3.703s] [34mcolcon.colcon_core.package_identification[0m [1;30mLevel 1[0m _identify(node_modules/@tailwindcss) by extension 'colcon_pkg'
[3.704s] [34mcolcon.colcon_core.package_identification[0m [1;30mLevel 1[0m _identify(node_modules/@tailwindcss) by extensions ['colcon_meta']
[3.704s] [34mcolcon.colcon_core.package_identification[0m [1;30mLevel 1[0m _identify(node_modules/@tailwindcss) by extension 'colcon_meta'
[3.706s] [34mcolcon.colcon_core.package_identification[0m [1;30mLevel 1[0m _identify(node_modules/@tailwindcss) by extensions ['ros']
[3.706s] [34mcolcon.colcon_core.package_identification[0m [1;30mLevel 1[0m _identify(node_modules/@tailwindcss) by extension 'ros'
[3.710s] [34mcolcon.colcon_core.package_identification[0m [1;30mLevel 1[0m _identify(node_modules/@tailwindcss) by extensions ['cmake', 'python']
[3.710s] [34mcolcon.colcon_core.package_identification[0m [1;30mLevel 1[0m _identify(node_modules/@tailwindcss) by extension 'cmake'
[3.711s] [34mcolcon.colcon_core.package_identification[0m [1;30mLevel 1[0m _identify(node_modules/@tailwindcss) by extension 'python'
[3.712s] [34mcolcon.colcon_core.package_identification[0m [1;30mLevel 1[0m _identify(node_modules/@tailwindcss) by extensions ['python_setup_py']
[3.713s] [34mcolcon.colcon_core.package_identification[0m [1;30mLevel 1[0m _identify(node_modules/@tailwindcss) by extension 'python_setup_py'
[3.718s] [34mcolcon.colcon_core.package_identification[0m [1;30mLevel 1[0m _identify(node_modules/@tailwindcss/cli) by extensions ['ignore', 'ignore_ament_install']
[3.718s] [34mcolcon.colcon_core.package_identification[0m [1;30mLevel 1[0m _identify(node_modules/@tailwindcss/cli) by extension 'ignore'
[3.719s] [34mcolcon.colcon_core.package_identification[0m [1;30mLevel 1[0m _identify(node_modules/@tailwindcss/cli) by extension 'ignore_ament_install'
[3.721s] [34mcolcon.colcon_core.package_identification[0m [1;30mLevel 1[0m _identify(node_modules/@tailwindcss/cli) by extensions ['colcon_pkg']
[3.722s] [34mcolcon.colcon_core.package_identification[0m [1;30mLevel 1[0m _identify(node_modules/@tailwindcss/cli) by extension 'colcon_pkg'
[3.723s] [34mcolcon.colcon_core.package_identification[0m [1;30mLevel 1[0m _identify(node_modules/@tailwindcss/cli) by extensions ['colcon_meta']
[3.723s] [34mcolcon.colcon_core.package_identification[0m [1;30mLevel 1[0m _identify(node_modules/@tailwindcss/cli) by extension 'colcon_meta'
[3.727s] [34mcolcon.colcon_core.package_identification[0m [1;30mLevel 1[0m _identify(node_modules/@tailwindcss/cli) by extensions ['ros']
[3.727s] [34mcolcon.colcon_core.package_identification[0m [1;30mLevel 1[0m _identify(node_modules/@tailwindcss/cli) by extension 'ros'
[3.734s] [34mcolcon.colcon_core.package_identification[0m [1;30mLevel 1[0m _identify(node_modules/@tailwindcss/cli) by extensions ['cmake', 'python']
[3.734s] [34mcolcon.colcon_core.package_identification[0m [1;30mLevel 1[0m _identify(node_modules/@tailwindcss/cli) by extension 'cmake'
[3.735s] [34mcolcon.colcon_core.package_identification[0m [1;30mLevel 1[0m _identify(node_modules/@tailwindcss/cli) by extension 'python'
[3.737s] [34mcolcon.colcon_core.package_identification[0m [1;30mLevel 1[0m _identify(node_modules/@tailwindcss/cli) by extensions ['python_setup_py']
[3.737s] [34mcolcon.colcon_core.package_identification[0m [1;30mLevel 1[0m _identify(node_modules/@tailwindcss/cli) by extension 'python_setup_py'
[3.745s] [34mcolcon.colcon_core.package_identification[0m [1;30mLevel 1[0m _identify(node_modules/@tailwindcss/cli/dist) by extensions ['ignore', 'ignore_ament_install']
[3.745s] [34mcolcon.colcon_core.package_identification[0m [1;30mLevel 1[0m _identify(node_modules/@tailwindcss/cli/dist) by extension 'ignore'
[3.747s] [34mcolcon.colcon_core.package_identification[0m [1;30mLevel 1[0m _identify(node_modules/@tailwindcss/cli/dist) by extension 'ignore_ament_install'
[3.750s] [34mcolcon.colcon_core.package_identification[0m [1;30mLevel 1[0m _identify(node_modules/@tailwindcss/cli/dist) by extensions ['colcon_pkg']
[3.750s] [34mcolcon.colcon_core.package_identification[0m [1;30mLevel 1[0m _identify(node_modules/@tailwindcss/cli/dist) by extension 'colcon_pkg'
[3.752s] [34mcolcon.colcon_core.package_identification[0m [1;30mLevel 1[0m _identify(node_modules/@tailwindcss/cli/dist) by extensions ['colcon_meta']
[3.752s] [34mcolcon.colcon_core.package_identification[0m [1;30mLevel 1[0m _identify(node_modules/@tailwindcss/cli/dist) by extension 'colcon_meta'
[3.755s] [34mcolcon.colcon_core.package_identification[0m [1;30mLevel 1[0m _identify(node_modules/@tailwindcss/cli/dist) by extensions ['ros']
[3.755s] [34mcolcon.colcon_core.package_identification[0m [1;30mLevel 1[0m _identify(node_modules/@tailwindcss/cli/dist) by extension 'ros'
[3.763s] [34mcolcon.colcon_core.package_identification[0m [1;30mLevel 1[0m _identify(node_modules/@tailwindcss/cli/dist) by extensions ['cmake', 'python']
[3.764s] [34mcolcon.colcon_core.package_identification[0m [1;30mLevel 1[0m _identify(node_modules/@tailwindcss/cli/dist) by extension 'cmake'
[3.765s] [34mcolcon.colcon_core.package_identification[0m [1;30mLevel 1[0m _identify(node_modules/@tailwindcss/cli/dist) by extension 'python'
[3.767s] [34mcolcon.colcon_core.package_identification[0m [1;30mLevel 1[0m _identify(node_modules/@tailwindcss/cli/dist) by extensions ['python_setup_py']
[3.767s] [34mcolcon.colcon_core.package_identification[0m [1;30mLevel 1[0m _identify(node_modules/@tailwindcss/cli/dist) by extension 'python_setup_py'
[3.774s] [34mcolcon.colcon_core.package_identification[0m [1;30mLevel 1[0m _identify(node_modules/@tailwindcss/node) by extensions ['ignore', 'ignore_ament_install']
[3.774s] [34mcolcon.colcon_core.package_identification[0m [1;30mLevel 1[0m _identify(node_modules/@tailwindcss/node) by extension 'ignore'
[3.776s] [34mcolcon.colcon_core.package_identification[0m [1;30mLevel 1[0m _identify(node_modules/@tailwindcss/node) by extension 'ignore_ament_install'
[3.778s] [34mcolcon.colcon_core.package_identification[0m [1;30mLevel 1[0m _identify(node_modules/@tailwindcss/node) by extensions ['colcon_pkg']
[3.779s] [34mcolcon.colcon_core.package_identification[0m [1;30mLevel 1[0m _identify(node_modules/@tailwindcss/node) by extension 'colcon_pkg'
[3.780s] [34mcolcon.colcon_core.package_identification[0m [1;30mLevel 1[0m _identify(node_modules/@tailwindcss/node) by extensions ['colcon_meta']
[3.780s] [34mcolcon.colcon_core.package_identification[0m [1;30mLevel 1[0m _identify(node_modules/@tailwindcss/node) by extension 'colcon_meta'
[3.782s] [34mcolcon.colcon_core.package_identification[0m [1;30mLevel 1[0m _identify(node_modules/@tailwindcss/node) by extensions ['ros']
[3.783s] [34mcolcon.colcon_core.package_identification[0m [1;30mLevel 1[0m _identify(node_modules/@tailwindcss/node) by extension 'ros'
[3.788s] [34mcolcon.colcon_core.package_identification[0m [1;30mLevel 1[0m _identify(node_modules/@tailwindcss/node) by extensions ['cmake', 'python']
[3.788s] [34mcolcon.colcon_core.package_identification[0m [1;30mLevel 1[0m _identify(node_modules/@tailwindcss/node) by extension 'cmake'
[3.790s] [34mcolcon.colcon_core.package_identification[0m [1;30mLevel 1[0m _identify(node_modules/@tailwindcss/node) by extension 'python'
[3.792s] [34mcolcon.colcon_core.package_identification[0m [1;30mLevel 1[0m _identify(node_modules/@tailwindcss/node) by extensions ['python_setup_py']
[3.792s] [34mcolcon.colcon_core.package_identification[0m [1;30mLevel 1[0m _identify(node_modules/@tailwindcss/node) by extension 'python_setup_py'
[3.800s] [34mcolcon.colcon_core.package_identification[0m [1;30mLevel 1[0m _identify(node_modules/@tailwindcss/node/dist) by extensions ['ignore', 'ignore_ament_install']
[3.800s] [34mcolcon.colcon_core.package_identification[0m [1;30mLevel 1[0m _identify(node_modules/@tailwindcss/node/dist) by extension 'ignore'
[3.801s] [34mcolcon.colcon_core.package_identification[0m [1;30mLevel 1[0m _identify(node_modules/@tailwindcss/node/dist) by extension 'ignore_ament_install'
[3.804s] [34mcolcon.colcon_core.package_identification[0m [1;30mLevel 1[0m _identify(node_modules/@tailwindcss/node/dist) by extensions ['colcon_pkg']
[3.804s] [34mcolcon.colcon_core.package_identification[0m [1;30mLevel 1[0m _identify(node_modules/@tailwindcss/node/dist) by extension 'colcon_pkg'
[3.806s] [34mcolcon.colcon_core.package_identification[0m [1;30mLevel 1[0m _identify(node_modules/@tailwindcss/node/dist) by extensions ['colcon_meta']
[3.807s] [34mcolcon.colcon_core.package_identification[0m [1;30mLevel 1[0m _identify(node_modules/@tailwindcss/node/dist) by extension 'colcon_meta'
[3.811s] [34mcolcon.colcon_core.package_identification[0m [1;30mLevel 1[0m _identify(node_modules/@tailwindcss/node/dist) by extensions ['ros']
[3.812s] [34mcolcon.colcon_core.package_identification[0m [1;30mLevel 1[0m _identify(node_modules/@tailwindcss/node/dist) by extension 'ros'
[3.820s] [34mcolcon.colcon_core.package_identification[0m [1;30mLevel 1[0m _identify(node_modules/@tailwindcss/node/dist) by extensions ['cmake', 'python']
[3.820s] [34mcolcon.colcon_core.package_identification[0m [1;30mLevel 1[0m _identify(node_modules/@tailwindcss/node/dist) by extension 'cmake'
[3.822s] [34mcolcon.colcon_core.package_identification[0m [1;30mLevel 1[0m _identify(node_modules/@tailwindcss/node/dist) by extension 'python'
[3.825s] [34mcolcon.colcon_core.package_identification[0m [1;30mLevel 1[0m _identify(node_modules/@tailwindcss/node/dist) by extensions ['python_setup_py']
[3.825s] [34mcolcon.colcon_core.package_identification[0m [1;30mLevel 1[0m _identify(node_modules/@tailwindcss/node/dist) by extension 'python_setup_py'
[3.831s] [34mcolcon.colcon_core.package_identification[0m [1;30mLevel 1[0m _identify(node_modules/@tailwindcss/oxide) by extensions ['ignore', 'ignore_ament_install']
[3.831s] [34mcolcon.colcon_core.package_identification[0m [1;30mLevel 1[0m _identify(node_modules/@tailwindcss/oxide) by extension 'ignore'
[3.832s] [34mcolcon.colcon_core.package_identification[0m [1;30mLevel 1[0m _identify(node_modules/@tailwindcss/oxide) by extension 'ignore_ament_install'
[3.834s] [34mcolcon.colcon_core.package_identification[0m [1;30mLevel 1[0m _identify(node_modules/@tailwindcss/oxide) by extensions ['colcon_pkg']
[3.835s] [34mcolcon.colcon_core.package_identification[0m [1;30mLevel 1[0m _identify(node_modules/@tailwindcss/oxide) by extension 'colcon_pkg'
[3.836s] [34mcolcon.colcon_core.package_identification[0m [1;30mLevel 1[0m _identify(node_modules/@tailwindcss/oxide) by extensions ['colcon_meta']
[3.836s] [34mcolcon.colcon_core.package_identification[0m [1;30mLevel 1[0m _identify(node_modules/@tailwindcss/oxide) by extension 'colcon_meta'
[3.839s] [34mcolcon.colcon_core.package_identification[0m [1;30mLevel 1[0m _identify(node_modules/@tailwindcss/oxide) by extensions ['ros']
[3.839s] [34mcolcon.colcon_core.package_identification[0m [1;30mLevel 1[0m _identify(node_modules/@tailwindcss/oxide) by extension 'ros'
[3.845s] [34mcolcon.colcon_core.package_identification[0m [1;30mLevel 1[0m _identify(node_modules/@tailwindcss/oxide) by extensions ['cmake', 'python']
[3.845s] [34mcolcon.colcon_core.package_identification[0m [1;30mLevel 1[0m _identify(node_modules/@tailwindcss/oxide) by extension 'cmake'
[3.846s] [34mcolcon.colcon_core.package_identification[0m [1;30mLevel 1[0m _identify(node_modules/@tailwindcss/oxide) by extension 'python'
[3.847s] [34mcolcon.colcon_core.package_identification[0m [1;30mLevel 1[0m _identify(node_modules/@tailwindcss/oxide) by extensions ['python_setup_py']
[3.848s] [34mcolcon.colcon_core.package_identification[0m [1;30mLevel 1[0m _identify(node_modules/@tailwindcss/oxide) by extension 'python_setup_py'
[3.884s] [34mcolcon.colcon_core.package_identification[0m [1;30mLevel 1[0m _identify(node_modules/@tailwindcss/oxide-win32-x64-msvc) by extensions ['ignore', 'ignore_ament_install']
[3.885s] [34mcolcon.colcon_core.package_identification[0m [1;30mLevel 1[0m _identify(node_modules/@tailwindcss/oxide-win32-x64-msvc) by extension 'ignore'
[3.887s] [34mcolcon.colcon_core.package_identification[0m [1;30mLevel 1[0m _identify(node_modules/@tailwindcss/oxide-win32-x64-msvc) by extension 'ignore_ament_install'
[3.889s] [34mcolcon.colcon_core.package_identification[0m [1;30mLevel 1[0m _identify(node_modules/@tailwindcss/oxide-win32-x64-msvc) by extensions ['colcon_pkg']
[3.890s] [34mcolcon.colcon_core.package_identification[0m [1;30mLevel 1[0m _identify(node_modules/@tailwindcss/oxide-win32-x64-msvc) by extension 'colcon_pkg'
[3.891s] [34mcolcon.colcon_core.package_identification[0m [1;30mLevel 1[0m _identify(node_modules/@tailwindcss/oxide-win32-x64-msvc) by extensions ['colcon_meta']
[3.891s] [34mcolcon.colcon_core.package_identification[0m [1;30mLevel 1[0m _identify(node_modules/@tailwindcss/oxide-win32-x64-msvc) by extension 'colcon_meta'
[3.894s] [34mcolcon.colcon_core.package_identification[0m [1;30mLevel 1[0m _identify(node_modules/@tailwindcss/oxide-win32-x64-msvc) by extensions ['ros']
[3.894s] [34mcolcon.colcon_core.package_identification[0m [1;30mLevel 1[0m _identify(node_modules/@tailwindcss/oxide-win32-x64-msvc) by extension 'ros'
[3.899s] [34mcolcon.colcon_core.package_identification[0m [1;30mLevel 1[0m _identify(node_modules/@tailwindcss/oxide-win32-x64-msvc) by extensions ['cmake', 'python']
[3.900s] [34mcolcon.colcon_core.package_identification[0m [1;30mLevel 1[0m _identify(node_modules/@tailwindcss/oxide-win32-x64-msvc) by extension 'cmake'
[3.901s] [34mcolcon.colcon_core.package_identification[0m [1;30mLevel 1[0m _identify(node_modules/@tailwindcss/oxide-win32-x64-msvc) by extension 'python'
[3.903s] [34mcolcon.colcon_core.package_identification[0m [1;30mLevel 1[0m _identify(node_modules/@tailwindcss/oxide-win32-x64-msvc) by extensions ['python_setup_py']
[3.903s] [34mcolcon.colcon_core.package_identification[0m [1;30mLevel 1[0m _identify(node_modules/@tailwindcss/oxide-win32-x64-msvc) by extension 'python_setup_py'
[3.907s] [34mcolcon.colcon_core.package_identification[0m [1;30mLevel 1[0m _identify(node_modules/braces) by extensions ['ignore', 'ignore_ament_install']
[3.907s] [34mcolcon.colcon_core.package_identification[0m [1;30mLevel 1[0m _identify(node_modules/braces) by extension 'ignore'
[3.908s] [34mcolcon.colcon_core.package_identification[0m [1;30mLevel 1[0m _identify(node_modules/braces) by extension 'ignore_ament_install'
[3.910s] [34mcolcon.colcon_core.package_identification[0m [1;30mLevel 1[0m _identify(node_modules/braces) by extensions ['colcon_pkg']
[3.910s] [34mcolcon.colcon_core.package_identification[0m [1;30mLevel 1[0m _identify(node_modules/braces) by extension 'colcon_pkg'
[3.911s] [34mcolcon.colcon_core.package_identification[0m [1;30mLevel 1[0m _identify(node_modules/braces) by extensions ['colcon_meta']
[3.912s] [34mcolcon.colcon_core.package_identification[0m [1;30mLevel 1[0m _identify(node_modules/braces) by extension 'colcon_meta'
[3.913s] [34mcolcon.colcon_core.package_identification[0m [1;30mLevel 1[0m _identify(node_modules/braces) by extensions ['ros']
[3.913s] [34mcolcon.colcon_core.package_identification[0m [1;30mLevel 1[0m _identify(node_modules/braces) by extension 'ros'
[3.918s] [34mcolcon.colcon_core.package_identification[0m [1;30mLevel 1[0m _identify(node_modules/braces) by extensions ['cmake', 'python']
[3.918s] [34mcolcon.colcon_core.package_identification[0m [1;30mLevel 1[0m _identify(node_modules/braces) by extension 'cmake'
[3.919s] [34mcolcon.colcon_core.package_identification[0m [1;30mLevel 1[0m _identify(node_modules/braces) by extension 'python'
[3.920s] [34mcolcon.colcon_core.package_identification[0m [1;30mLevel 1[0m _identify(node_modules/braces) by extensions ['python_setup_py']
[3.921s] [34mcolcon.colcon_core.package_identification[0m [1;30mLevel 1[0m _identify(node_modules/braces) by extension 'python_setup_py'
[3.926s] [34mcolcon.colcon_core.package_identification[0m [1;30mLevel 1[0m _identify(node_modules/braces/lib) by extensions ['ignore', 'ignore_ament_install']
[3.926s] [34mcolcon.colcon_core.package_identification[0m [1;30mLevel 1[0m _identify(node_modules/braces/lib) by extension 'ignore'
[3.927s] [34mcolcon.colcon_core.package_identification[0m [1;30mLevel 1[0m _identify(node_modules/braces/lib) by extension 'ignore_ament_install'
[3.930s] [34mcolcon.colcon_core.package_identification[0m [1;30mLevel 1[0m _identify(node_modules/braces/lib) by extensions ['colcon_pkg']
[3.930s] [34mcolcon.colcon_core.package_identification[0m [1;30mLevel 1[0m _identify(node_modules/braces/lib) by extension 'colcon_pkg'
[3.932s] [34mcolcon.colcon_core.package_identification[0m [1;30mLevel 1[0m _identify(node_modules/braces/lib) by extensions ['colcon_meta']
[3.933s] [34mcolcon.colcon_core.package_identification[0m [1;30mLevel 1[0m _identify(node_modules/braces/lib) by extension 'colcon_meta'
[3.935s] [34mcolcon.colcon_core.package_identification[0m [1;30mLevel 1[0m _identify(node_modules/braces/lib) by extensions ['ros']
[3.935s] [34mcolcon.colcon_core.package_identification[0m [1;30mLevel 1[0m _identify(node_modules/braces/lib) by extension 'ros'
[3.941s] [34mcolcon.colcon_core.package_identification[0m [1;30mLevel 1[0m _identify(node_modules/braces/lib) by extensions ['cmake', 'python']
[3.941s] [34mcolcon.colcon_core.package_identification[0m [1;30mLevel 1[0m _identify(node_modules/braces/lib) by extension 'cmake'
[3.943s] [34mcolcon.colcon_core.package_identification[0m [1;30mLevel 1[0m _identify(node_modules/braces/lib) by extension 'python'
[3.944s] [34mcolcon.colcon_core.package_identification[0m [1;30mLevel 1[0m _identify(node_modules/braces/lib) by extensions ['python_setup_py']
[3.944s] [34mcolcon.colcon_core.package_identification[0m [1;30mLevel 1[0m _identify(node_modules/braces/lib) by extension 'python_setup_py'
[3.949s] [34mcolcon.colcon_core.package_identification[0m [1;30mLevel 1[0m _identify(node_modules/detect-libc) by extensions ['ignore', 'ignore_ament_install']
[3.950s] [34mcolcon.colcon_core.package_identification[0m [1;30mLevel 1[0m _identify(node_modules/detect-libc) by extension 'ignore'
[3.950s] [34mcolcon.colcon_core.package_identification[0m [1;30mLevel 1[0m _identify(node_modules/detect-libc) by extension 'ignore_ament_install'
[3.952s] [34mcolcon.colcon_core.package_identification[0m [1;30mLevel 1[0m _identify(node_modules/detect-libc) by extensions ['colcon_pkg']
[3.952s] [34mcolcon.colcon_core.package_identification[0m [1;30mLevel 1[0m _identify(node_modules/detect-libc) by extension 'colcon_pkg'
[3.953s] [34mcolcon.colcon_core.package_identification[0m [1;30mLevel 1[0m _identify(node_modules/detect-libc) by extensions ['colcon_meta']
[3.954s] [34mcolcon.colcon_core.package_identification[0m [1;30mLevel 1[0m _identify(node_modules/detect-libc) by extension 'colcon_meta'
[3.955s] [34mcolcon.colcon_core.package_identification[0m [1;30mLevel 1[0m _identify(node_modules/detect-libc) by extensions ['ros']
[3.955s] [34mcolcon.colcon_core.package_identification[0m [1;30mLevel 1[0m _identify(node_modules/detect-libc) by extension 'ros'
[3.959s] [34mcolcon.colcon_core.package_identification[0m [1;30mLevel 1[0m _identify(node_modules/detect-libc) by extensions ['cmake', 'python']
[3.960s] [34mcolcon.colcon_core.package_identification[0m [1;30mLevel 1[0m _identify(node_modules/detect-libc) by extension 'cmake'
[3.961s] [34mcolcon.colcon_core.package_identification[0m [1;30mLevel 1[0m _identify(node_modules/detect-libc) by extension 'python'
[3.962s] [34mcolcon.colcon_core.package_identification[0m [1;30mLevel 1[0m _identify(node_modules/detect-libc) by extensions ['python_setup_py']
[3.962s] [34mcolcon.colcon_core.package_identification[0m [1;30mLevel 1[0m _identify(node_modules/detect-libc) by extension 'python_setup_py'
[3.968s] [34mcolcon.colcon_core.package_identification[0m [1;30mLevel 1[0m _identify(node_modules/detect-libc/bin) by extensions ['ignore', 'ignore_ament_install']
[3.968s] [34mcolcon.colcon_core.package_identification[0m [1;30mLevel 1[0m _identify(node_modules/detect-libc/bin) by extension 'ignore'
[3.969s] [34mcolcon.colcon_core.package_identification[0m [1;30mLevel 1[0m _identify(node_modules/detect-libc/bin) by extension 'ignore_ament_install'
[3.971s] [34mcolcon.colcon_core.package_identification[0m [1;30mLevel 1[0m _identify(node_modules/detect-libc/bin) by extensions ['colcon_pkg']
[3.972s] [34mcolcon.colcon_core.package_identification[0m [1;30mLevel 1[0m _identify(node_modules/detect-libc/bin) by extension 'colcon_pkg'
[3.973s] [34mcolcon.colcon_core.package_identification[0m [1;30mLevel 1[0m _identify(node_modules/detect-libc/bin) by extensions ['colcon_meta']
[3.973s] [34mcolcon.colcon_core.package_identification[0m [1;30mLevel 1[0m _identify(node_modules/detect-libc/bin) by extension 'colcon_meta'
[3.976s] [34mcolcon.colcon_core.package_identification[0m [1;30mLevel 1[0m _identify(node_modules/detect-libc/bin) by extensions ['ros']
[3.977s] [34mcolcon.colcon_core.package_identification[0m [1;30mLevel 1[0m _identify(node_modules/detect-libc/bin) by extension 'ros'
[3.982s] [34mcolcon.colcon_core.package_identification[0m [1;30mLevel 1[0m _identify(node_modules/detect-libc/bin) by extensions ['cmake', 'python']
[3.982s] [34mcolcon.colcon_core.package_identification[0m [1;30mLevel 1[0m _identify(node_modules/detect-libc/bin) by extension 'cmake'
[3.984s] [34mcolcon.colcon_core.package_identification[0m [1;30mLevel 1[0m _identify(node_modules/detect-libc/bin) by extension 'python'
[3.985s] [34mcolcon.colcon_core.package_identification[0m [1;30mLevel 1[0m _identify(node_modules/detect-libc/bin) by extensions ['python_setup_py']
[3.985s] [34mcolcon.colcon_core.package_identification[0m [1;30mLevel 1[0m _identify(node_modules/detect-libc/bin) by extension 'python_setup_py'
[3.991s] [34mcolcon.colcon_core.package_identification[0m [1;30mLevel 1[0m _identify(node_modules/detect-libc/lib) by extensions ['ignore', 'ignore_ament_install']
[3.991s] [34mcolcon.colcon_core.package_identification[0m [1;30mLevel 1[0m _identify(node_modules/detect-libc/lib) by extension 'ignore'
[3.993s] [34mcolcon.colcon_core.package_identification[0m [1;30mLevel 1[0m _identify(node_modules/detect-libc/lib) by extension 'ignore_ament_install'
[3.995s] [34mcolcon.colcon_core.package_identification[0m [1;30mLevel 1[0m _identify(node_modules/detect-libc/lib) by extensions ['colcon_pkg']
[3.995s] [34mcolcon.colcon_core.package_identification[0m [1;30mLevel 1[0m _identify(node_modules/detect-libc/lib) by extension 'colcon_pkg'
[3.997s] [34mcolcon.colcon_core.package_identification[0m [1;30mLevel 1[0m _identify(node_modules/detect-libc/lib) by extensions ['colcon_meta']
[3.997s] [34mcolcon.colcon_core.package_identification[0m [1;30mLevel 1[0m _identify(node_modules/detect-libc/lib) by extension 'colcon_meta'
[3.999s] [34mcolcon.colcon_core.package_identification[0m [1;30mLevel 1[0m _identify(node_modules/detect-libc/lib) by extensions ['ros']
[3.999s] [34mcolcon.colcon_core.package_identification[0m [1;30mLevel 1[0m _identify(node_modules/detect-libc/lib) by extension 'ros'
[4.005s] [34mcolcon.colcon_core.package_identification[0m [1;30mLevel 1[0m _identify(node_modules/detect-libc/lib) by extensions ['cmake', 'python']
[4.005s] [34mcolcon.colcon_core.package_identification[0m [1;30mLevel 1[0m _identify(node_modules/detect-libc/lib) by extension 'cmake'
[4.007s] [34mcolcon.colcon_core.package_identification[0m [1;30mLevel 1[0m _identify(node_modules/detect-libc/lib) by extension 'python'
[4.008s] [34mcolcon.colcon_core.package_identification[0m [1;30mLevel 1[0m _identify(node_modules/detect-libc/lib) by extensions ['python_setup_py']
[4.008s] [34mcolcon.colcon_core.package_identification[0m [1;30mLevel 1[0m _identify(node_modules/detect-libc/lib) by extension 'python_setup_py'
[4.013s] [34mcolcon.colcon_core.package_identification[0m [1;30mLevel 1[0m _identify(node_modules/enhanced-resolve) by extensions ['ignore', 'ignore_ament_install']
[4.013s] [34mcolcon.colcon_core.package_identification[0m [1;30mLevel 1[0m _identify(node_modules/enhanced-resolve) by extension 'ignore'
[4.014s] [34mcolcon.colcon_core.package_identification[0m [1;30mLevel 1[0m _identify(node_modules/enhanced-resolve) by extension 'ignore_ament_install'
[4.017s] [34mcolcon.colcon_core.package_identification[0m [1;30mLevel 1[0m _identify(node_modules/enhanced-resolve) by extensions ['colcon_pkg']
[4.018s] [34mcolcon.colcon_core.package_identification[0m [1;30mLevel 1[0m _identify(node_modules/enhanced-resolve) by extension 'colcon_pkg'
[4.019s] [34mcolcon.colcon_core.package_identification[0m [1;30mLevel 1[0m _identify(node_modules/enhanced-resolve) by extensions ['colcon_meta']
[4.020s] [34mcolcon.colcon_core.package_identification[0m [1;30mLevel 1[0m _identify(node_modules/enhanced-resolve) by extension 'colcon_meta'
[4.022s] [34mcolcon.colcon_core.package_identification[0m [1;30mLevel 1[0m _identify(node_modules/enhanced-resolve) by extensions ['ros']
[4.022s] [34mcolcon.colcon_core.package_identification[0m [1;30mLevel 1[0m _identify(node_modules/enhanced-resolve) by extension 'ros'
[4.026s] [34mcolcon.colcon_core.package_identification[0m [1;30mLevel 1[0m _identify(node_modules/enhanced-resolve) by extensions ['cmake', 'python']
[4.026s] [34mcolcon.colcon_core.package_identification[0m [1;30mLevel 1[0m _identify(node_modules/enhanced-resolve) by extension 'cmake'
[4.027s] [34mcolcon.colcon_core.package_identification[0m [1;30mLevel 1[0m _identify(node_modules/enhanced-resolve) by extension 'python'
[4.028s] [34mcolcon.colcon_core.package_identification[0m [1;30mLevel 1[0m _identify(node_modules/enhanced-resolve) by extensions ['python_setup_py']
[4.028s] [34mcolcon.colcon_core.package_identification[0m [1;30mLevel 1[0m _identify(node_modules/enhanced-resolve) by extension 'python_setup_py'
[4.033s] [34mcolcon.colcon_core.package_identification[0m [1;30mLevel 1[0m _identify(node_modules/enhanced-resolve/lib) by extensions ['ignore', 'ignore_ament_install']
[4.033s] [34mcolcon.colcon_core.package_identification[0m [1;30mLevel 1[0m _identify(node_modules/enhanced-resolve/lib) by extension 'ignore'
[4.034s] [34mcolcon.colcon_core.package_identification[0m [1;30mLevel 1[0m _identify(node_modules/enhanced-resolve/lib) by extension 'ignore_ament_install'
[4.037s] [34mcolcon.colcon_core.package_identification[0m [1;30mLevel 1[0m _identify(node_modules/enhanced-resolve/lib) by extensions ['colcon_pkg']
[4.037s] [34mcolcon.colcon_core.package_identification[0m [1;30mLevel 1[0m _identify(node_modules/enhanced-resolve/lib) by extension 'colcon_pkg'
[4.039s] [34mcolcon.colcon_core.package_identification[0m [1;30mLevel 1[0m _identify(node_modules/enhanced-resolve/lib) by extensions ['colcon_meta']
[4.039s] [34mcolcon.colcon_core.package_identification[0m [1;30mLevel 1[0m _identify(node_modules/enhanced-resolve/lib) by extension 'colcon_meta'
[4.042s] [34mcolcon.colcon_core.package_identification[0m [1;30mLevel 1[0m _identify(node_modules/enhanced-resolve/lib) by extensions ['ros']
[4.042s] [34mcolcon.colcon_core.package_identification[0m [1;30mLevel 1[0m _identify(node_modules/enhanced-resolve/lib) by extension 'ros'
[4.047s] [34mcolcon.colcon_core.package_identification[0m [1;30mLevel 1[0m _identify(node_modules/enhanced-resolve/lib) by extensions ['cmake', 'python']
[4.048s] [34mcolcon.colcon_core.package_identification[0m [1;30mLevel 1[0m _identify(node_modules/enhanced-resolve/lib) by extension 'cmake'
[4.049s] [34mcolcon.colcon_core.package_identification[0m [1;30mLevel 1[0m _identify(node_modules/enhanced-resolve/lib) by extension 'python'
[4.050s] [34mcolcon.colcon_core.package_identification[0m [1;30mLevel 1[0m _identify(node_modules/enhanced-resolve/lib) by extensions ['python_setup_py']
[4.050s] [34mcolcon.colcon_core.package_identification[0m [1;30mLevel 1[0m _identify(node_modules/enhanced-resolve/lib) by extension 'python_setup_py'
[4.057s] [34mcolcon.colcon_core.package_identification[0m [1;30mLevel 1[0m _identify(node_modules/enhanced-resolve/lib/util) by extensions ['ignore', 'ignore_ament_install']
[4.057s] [34mcolcon.colcon_core.package_identification[0m [1;30mLevel 1[0m _identify(node_modules/enhanced-resolve/lib/util) by extension 'ignore'
[4.058s] [34mcolcon.colcon_core.package_identification[0m [1;30mLevel 1[0m _identify(node_modules/enhanced-resolve/lib/util) by extension 'ignore_ament_install'
[4.062s] [34mcolcon.colcon_core.package_identification[0m [1;30mLevel 1[0m _identify(node_modules/enhanced-resolve/lib/util) by extensions ['colcon_pkg']
[4.062s] [34mcolcon.colcon_core.package_identification[0m [1;30mLevel 1[0m _identify(node_modules/enhanced-resolve/lib/util) by extension 'colcon_pkg'
[4.063s] [34mcolcon.colcon_core.package_identification[0m [1;30mLevel 1[0m _identify(node_modules/enhanced-resolve/lib/util) by extensions ['colcon_meta']
[4.063s] [34mcolcon.colcon_core.package_identification[0m [1;30mLevel 1[0m _identify(node_modules/enhanced-resolve/lib/util) by extension 'colcon_meta'
[4.067s] [34mcolcon.colcon_core.package_identification[0m [1;30mLevel 1[0m _identify(node_modules/enhanced-resolve/lib/util) by extensions ['ros']
[4.067s] [34mcolcon.colcon_core.package_identification[0m [1;30mLevel 1[0m _identify(node_modules/enhanced-resolve/lib/util) by extension 'ros'
[4.087s] [34mcolcon.colcon_core.package_identification[0m [1;30mLevel 1[0m _identify(node_modules/enhanced-resolve/lib/util) by extensions ['cmake', 'python']
[4.087s] [34mcolcon.colcon_core.package_identification[0m [1;30mLevel 1[0m _identify(node_modules/enhanced-resolve/lib/util) by extension 'cmake'
[4.089s] [34mcolcon.colcon_core.package_identification[0m [1;30mLevel 1[0m _identify(node_modules/enhanced-resolve/lib/util) by extension 'python'
[4.091s] [34mcolcon.colcon_core.package_identification[0m [1;30mLevel 1[0m _identify(node_modules/enhanced-resolve/lib/util) by extensions ['python_setup_py']
[4.091s] [34mcolcon.colcon_core.package_identification[0m [1;30mLevel 1[0m _identify(node_modules/enhanced-resolve/lib/util) by extension 'python_setup_py'
[4.096s] [34mcolcon.colcon_core.package_identification[0m [1;30mLevel 1[0m _identify(node_modules/fill-range) by extensions ['ignore', 'ignore_ament_install']
[4.096s] [34mcolcon.colcon_core.package_identification[0m [1;30mLevel 1[0m _identify(node_modules/fill-range) by extension 'ignore'
[4.097s] [34mcolcon.colcon_core.package_identification[0m [1;30mLevel 1[0m _identify(node_modules/fill-range) by extension 'ignore_ament_install'
[4.098s] [34mcolcon.colcon_core.package_identification[0m [1;30mLevel 1[0m _identify(node_modules/fill-range) by extensions ['colcon_pkg']
[4.099s] [34mcolcon.colcon_core.package_identification[0m [1;30mLevel 1[0m _identify(node_modules/fill-range) by extension 'colcon_pkg'
[4.099s] [34mcolcon.colcon_core.package_identification[0m [1;30mLevel 1[0m _identify(node_modules/fill-range) by extensions ['colcon_meta']
[4.100s] [34mcolcon.colcon_core.package_identification[0m [1;30mLevel 1[0m _identify(node_modules/fill-range) by extension 'colcon_meta'
[4.101s] [34mcolcon.colcon_core.package_identification[0m [1;30mLevel 1[0m _identify(node_modules/fill-range) by extensions ['ros']
[4.101s] [34mcolcon.colcon_core.package_identification[0m [1;30mLevel 1[0m _identify(node_modules/fill-range) by extension 'ros'
[4.105s] [34mcolcon.colcon_core.package_identification[0m [1;30mLevel 1[0m _identify(node_modules/fill-range) by extensions ['cmake', 'python']
[4.105s] [34mcolcon.colcon_core.package_identification[0m [1;30mLevel 1[0m _identify(node_modules/fill-range) by extension 'cmake'
[4.106s] [34mcolcon.colcon_core.package_identification[0m [1;30mLevel 1[0m _identify(node_modules/fill-range) by extension 'python'
[4.107s] [34mcolcon.colcon_core.package_identification[0m [1;30mLevel 1[0m _identify(node_modules/fill-range) by extensions ['python_setup_py']
[4.108s] [34mcolcon.colcon_core.package_identification[0m [1;30mLevel 1[0m _identify(node_modules/fill-range) by extension 'python_setup_py'
[4.111s] [34mcolcon.colcon_core.package_identification[0m [1;30mLevel 1[0m _identify(node_modules/graceful-fs) by extensions ['ignore', 'ignore_ament_install']
[4.112s] [34mcolcon.colcon_core.package_identification[0m [1;30mLevel 1[0m _identify(node_modules/graceful-fs) by extension 'ignore'
[4.113s] [34mcolcon.colcon_core.package_identification[0m [1;30mLevel 1[0m _identify(node_modules/graceful-fs) by extension 'ignore_ament_install'
[4.114s] [34mcolcon.colcon_core.package_identification[0m [1;30mLevel 1[0m _identify(node_modules/graceful-fs) by extensions ['colcon_pkg']
[4.114s] [34mcolcon.colcon_core.package_identification[0m [1;30mLevel 1[0m _identify(node_modules/graceful-fs) by extension 'colcon_pkg'
[4.115s] [34mcolcon.colcon_core.package_identification[0m [1;30mLevel 1[0m _identify(node_modules/graceful-fs) by extensions ['colcon_meta']
[4.116s] [34mcolcon.colcon_core.package_identification[0m [1;30mLevel 1[0m _identify(node_modules/graceful-fs) by extension 'colcon_meta'
[4.117s] [34mcolcon.colcon_core.package_identification[0m [1;30mLevel 1[0m _identify(node_modules/graceful-fs) by extensions ['ros']
[4.117s] [34mcolcon.colcon_core.package_identification[0m [1;30mLevel 1[0m _identify(node_modules/graceful-fs) by extension 'ros'
[4.121s] [34mcolcon.colcon_core.package_identification[0m [1;30mLevel 1[0m _identify(node_modules/graceful-fs) by extensions ['cmake', 'python']
[4.121s] [34mcolcon.colcon_core.package_identification[0m [1;30mLevel 1[0m _identify(node_modules/graceful-fs) by extension 'cmake'
[4.122s] [34mcolcon.colcon_core.package_identification[0m [1;30mLevel 1[0m _identify(node_modules/graceful-fs) by extension 'python'
[4.123s] [34mcolcon.colcon_core.package_identification[0m [1;30mLevel 1[0m _identify(node_modules/graceful-fs) by extensions ['python_setup_py']
[4.123s] [34mcolcon.colcon_core.package_identification[0m [1;30mLevel 1[0m _identify(node_modules/graceful-fs) by extension 'python_setup_py'
[4.127s] [34mcolcon.colcon_core.package_identification[0m [1;30mLevel 1[0m _identify(node_modules/is-extglob) by extensions ['ignore', 'ignore_ament_install']
[4.128s] [34mcolcon.colcon_core.package_identification[0m [1;30mLevel 1[0m _identify(node_modules/is-extglob) by extension 'ignore'
[4.129s] [34mcolcon.colcon_core.package_identification[0m [1;30mLevel 1[0m _identify(node_modules/is-extglob) by extension 'ignore_ament_install'
[4.130s] [34mcolcon.colcon_core.package_identification[0m [1;30mLevel 1[0m _identify(node_modules/is-extglob) by extensions ['colcon_pkg']
[4.131s] [34mcolcon.colcon_core.package_identification[0m [1;30mLevel 1[0m _identify(node_modules/is-extglob) by extension 'colcon_pkg'
[4.132s] [34mcolcon.colcon_core.package_identification[0m [1;30mLevel 1[0m _identify(node_modules/is-extglob) by extensions ['colcon_meta']
[4.132s] [34mcolcon.colcon_core.package_identification[0m [1;30mLevel 1[0m _identify(node_modules/is-extglob) by extension 'colcon_meta'
[4.133s] [34mcolcon.colcon_core.package_identification[0m [1;30mLevel 1[0m _identify(node_modules/is-extglob) by extensions ['ros']
[4.134s] [34mcolcon.colcon_core.package_identification[0m [1;30mLevel 1[0m _identify(node_modules/is-extglob) by extension 'ros'
[4.140s] [34mcolcon.colcon_core.package_identification[0m [1;30mLevel 1[0m _identify(node_modules/is-extglob) by extensions ['cmake', 'python']
[4.140s] [34mcolcon.colcon_core.package_identification[0m [1;30mLevel 1[0m _identify(node_modules/is-extglob) by extension 'cmake'
[4.141s] [34mcolcon.colcon_core.package_identification[0m [1;30mLevel 1[0m _identify(node_modules/is-extglob) by extension 'python'
[4.142s] [34mcolcon.colcon_core.package_identification[0m [1;30mLevel 1[0m _identify(node_modules/is-extglob) by extensions ['python_setup_py']
[4.142s] [34mcolcon.colcon_core.package_identification[0m [1;30mLevel 1[0m _identify(node_modules/is-extglob) by extension 'python_setup_py'
[4.146s] [34mcolcon.colcon_core.package_identification[0m [1;30mLevel 1[0m _identify(node_modules/is-glob) by extensions ['ignore', 'ignore_ament_install']
[4.146s] [34mcolcon.colcon_core.package_identification[0m [1;30mLevel 1[0m _identify(node_modules/is-glob) by extension 'ignore'
[4.147s] [34mcolcon.colcon_core.package_identification[0m [1;30mLevel 1[0m _identify(node_modules/is-glob) by extension 'ignore_ament_install'
[4.149s] [34mcolcon.colcon_core.package_identification[0m [1;30mLevel 1[0m _identify(node_modules/is-glob) by extensions ['colcon_pkg']
[4.149s] [34mcolcon.colcon_core.package_identification[0m [1;30mLevel 1[0m _identify(node_modules/is-glob) by extension 'colcon_pkg'
[4.150s] [34mcolcon.colcon_core.package_identification[0m [1;30mLevel 1[0m _identify(node_modules/is-glob) by extensions ['colcon_meta']
[4.150s] [34mcolcon.colcon_core.package_identification[0m [1;30mLevel 1[0m _identify(node_modules/is-glob) by extension 'colcon_meta'
[4.151s] [34mcolcon.colcon_core.package_identification[0m [1;30mLevel 1[0m _identify(node_modules/is-glob) by extensions ['ros']
[4.151s] [34mcolcon.colcon_core.package_identification[0m [1;30mLevel 1[0m _identify(node_modules/is-glob) by extension 'ros'
[4.156s] [34mcolcon.colcon_core.package_identification[0m [1;30mLevel 1[0m _identify(node_modules/is-glob) by extensions ['cmake', 'python']
[4.156s] [34mcolcon.colcon_core.package_identification[0m [1;30mLevel 1[0m _identify(node_modules/is-glob) by extension 'cmake'
[4.157s] [34mcolcon.colcon_core.package_identification[0m [1;30mLevel 1[0m _identify(node_modules/is-glob) by extension 'python'
[4.158s] [34mcolcon.colcon_core.package_identification[0m [1;30mLevel 1[0m _identify(node_modules/is-glob) by extensions ['python_setup_py']
[4.158s] [34mcolcon.colcon_core.package_identification[0m [1;30mLevel 1[0m _identify(node_modules/is-glob) by extension 'python_setup_py'
[4.161s] [34mcolcon.colcon_core.package_identification[0m [1;30mLevel 1[0m _identify(node_modules/is-number) by extensions ['ignore', 'ignore_ament_install']
[4.161s] [34mcolcon.colcon_core.package_identification[0m [1;30mLevel 1[0m _identify(node_modules/is-number) by extension 'ignore'
[4.162s] [34mcolcon.colcon_core.package_identification[0m [1;30mLevel 1[0m _identify(node_modules/is-number) by extension 'ignore_ament_install'
[4.164s] [34mcolcon.colcon_core.package_identification[0m [1;30mLevel 1[0m _identify(node_modules/is-number) by extensions ['colcon_pkg']
[4.164s] [34mcolcon.colcon_core.package_identification[0m [1;30mLevel 1[0m _identify(node_modules/is-number) by extension 'colcon_pkg'
[4.165s] [34mcolcon.colcon_core.package_identification[0m [1;30mLevel 1[0m _identify(node_modules/is-number) by extensions ['colcon_meta']
[4.165s] [34mcolcon.colcon_core.package_identification[0m [1;30mLevel 1[0m _identify(node_modules/is-number) by extension 'colcon_meta'
[4.167s] [34mcolcon.colcon_core.package_identification[0m [1;30mLevel 1[0m _identify(node_modules/is-number) by extensions ['ros']
[4.167s] [34mcolcon.colcon_core.package_identification[0m [1;30mLevel 1[0m _identify(node_modules/is-number) by extension 'ros'
[4.172s] [34mcolcon.colcon_core.package_identification[0m [1;30mLevel 1[0m _identify(node_modules/is-number) by extensions ['cmake', 'python']
[4.172s] [34mcolcon.colcon_core.package_identification[0m [1;30mLevel 1[0m _identify(node_modules/is-number) by extension 'cmake'
[4.173s] [34mcolcon.colcon_core.package_identification[0m [1;30mLevel 1[0m _identify(node_modules/is-number) by extension 'python'
[4.174s] [34mcolcon.colcon_core.package_identification[0m [1;30mLevel 1[0m _identify(node_modules/is-number) by extensions ['python_setup_py']
[4.175s] [34mcolcon.colcon_core.package_identification[0m [1;30mLevel 1[0m _identify(node_modules/is-number) by extension 'python_setup_py'
[4.179s] [34mcolcon.colcon_core.package_identification[0m [1;30mLevel 1[0m _identify(node_modules/jiti) by extensions ['ignore', 'ignore_ament_install']
[4.180s] [34mcolcon.colcon_core.package_identification[0m [1;30mLevel 1[0m _identify(node_modules/jiti) by extension 'ignore'
[4.181s] [34mcolcon.colcon_core.package_identification[0m [1;30mLevel 1[0m _identify(node_modules/jiti) by extension 'ignore_ament_install'
[4.184s] [34mcolcon.colcon_core.package_identification[0m [1;30mLevel 1[0m _identify(node_modules/jiti) by extensions ['colcon_pkg']
[4.184s] [34mcolcon.colcon_core.package_identification[0m [1;30mLevel 1[0m _identify(node_modules/jiti) by extension 'colcon_pkg'
[4.185s] [34mcolcon.colcon_core.package_identification[0m [1;30mLevel 1[0m _identify(node_modules/jiti) by extensions ['colcon_meta']
[4.185s] [34mcolcon.colcon_core.package_identification[0m [1;30mLevel 1[0m _identify(node_modules/jiti) by extension 'colcon_meta'
[4.187s] [34mcolcon.colcon_core.package_identification[0m [1;30mLevel 1[0m _identify(node_modules/jiti) by extensions ['ros']
[4.188s] [34mcolcon.colcon_core.package_identification[0m [1;30mLevel 1[0m _identify(node_modules/jiti) by extension 'ros'
[4.192s] [34mcolcon.colcon_core.package_identification[0m [1;30mLevel 1[0m _identify(node_modules/jiti) by extensions ['cmake', 'python']
[4.192s] [34mcolcon.colcon_core.package_identification[0m [1;30mLevel 1[0m _identify(node_modules/jiti) by extension 'cmake'
[4.193s] [34mcolcon.colcon_core.package_identification[0m [1;30mLevel 1[0m _identify(node_modules/jiti) by extension 'python'
[4.194s] [34mcolcon.colcon_core.package_identification[0m [1;30mLevel 1[0m _identify(node_modules/jiti) by extensions ['python_setup_py']
[4.194s] [34mcolcon.colcon_core.package_identification[0m [1;30mLevel 1[0m _identify(node_modules/jiti) by extension 'python_setup_py'
[4.199s] [34mcolcon.colcon_core.package_identification[0m [1;30mLevel 1[0m _identify(node_modules/jiti/dist) by extensions ['ignore', 'ignore_ament_install']
[4.199s] [34mcolcon.colcon_core.package_identification[0m [1;30mLevel 1[0m _identify(node_modules/jiti/dist) by extension 'ignore'
[4.201s] [34mcolcon.colcon_core.package_identification[0m [1;30mLevel 1[0m _identify(node_modules/jiti/dist) by extension 'ignore_ament_install'
[4.203s] [34mcolcon.colcon_core.package_identification[0m [1;30mLevel 1[0m _identify(node_modules/jiti/dist) by extensions ['colcon_pkg']
[4.203s] [34mcolcon.colcon_core.package_identification[0m [1;30mLevel 1[0m _identify(node_modules/jiti/dist) by extension 'colcon_pkg'
[4.204s] [34mcolcon.colcon_core.package_identification[0m [1;30mLevel 1[0m _identify(node_modules/jiti/dist) by extensions ['colcon_meta']
[4.204s] [34mcolcon.colcon_core.package_identification[0m [1;30mLevel 1[0m _identify(node_modules/jiti/dist) by extension 'colcon_meta'
[4.207s] [34mcolcon.colcon_core.package_identification[0m [1;30mLevel 1[0m _identify(node_modules/jiti/dist) by extensions ['ros']
[4.207s] [34mcolcon.colcon_core.package_identification[0m [1;30mLevel 1[0m _identify(node_modules/jiti/dist) by extension 'ros'
[4.212s] [34mcolcon.colcon_core.package_identification[0m [1;30mLevel 1[0m _identify(node_modules/jiti/dist) by extensions ['cmake', 'python']
[4.212s] [34mcolcon.colcon_core.package_identification[0m [1;30mLevel 1[0m _identify(node_modules/jiti/dist) by extension 'cmake'
[4.213s] [34mcolcon.colcon_core.package_identification[0m [1;30mLevel 1[0m _identify(node_modules/jiti/dist) by extension 'python'
[4.215s] [34mcolcon.colcon_core.package_identification[0m [1;30mLevel 1[0m _identify(node_modules/jiti/dist) by extensions ['python_setup_py']
[4.215s] [34mcolcon.colcon_core.package_identification[0m [1;30mLevel 1[0m _identify(node_modules/jiti/dist) by extension 'python_setup_py'
[4.220s] [34mcolcon.colcon_core.package_identification[0m [1;30mLevel 1[0m _identify(node_modules/jiti/lib) by extensions ['ignore', 'ignore_ament_install']
[4.220s] [34mcolcon.colcon_core.package_identification[0m [1;30mLevel 1[0m _identify(node_modules/jiti/lib) by extension 'ignore'
[4.221s] [34mcolcon.colcon_core.package_identification[0m [1;30mLevel 1[0m _identify(node_modules/jiti/lib) by extension 'ignore_ament_install'
[4.224s] [34mcolcon.colcon_core.package_identification[0m [1;30mLevel 1[0m _identify(node_modules/jiti/lib) by extensions ['colcon_pkg']
[4.224s] [34mcolcon.colcon_core.package_identification[0m [1;30mLevel 1[0m _identify(node_modules/jiti/lib) by extension 'colcon_pkg'
[4.225s] [34mcolcon.colcon_core.package_identification[0m [1;30mLevel 1[0m _identify(node_modules/jiti/lib) by extensions ['colcon_meta']
[4.225s] [34mcolcon.colcon_core.package_identification[0m [1;30mLevel 1[0m _identify(node_modules/jiti/lib) by extension 'colcon_meta'
[4.227s] [34mcolcon.colcon_core.package_identification[0m [1;30mLevel 1[0m _identify(node_modules/jiti/lib) by extensions ['ros']
[4.227s] [34mcolcon.colcon_core.package_identification[0m [1;30mLevel 1[0m _identify(node_modules/jiti/lib) by extension 'ros'
[4.233s] [34mcolcon.colcon_core.package_identification[0m [1;30mLevel 1[0m _identify(node_modules/jiti/lib) by extensions ['cmake', 'python']
[4.233s] [34mcolcon.colcon_core.package_identification[0m [1;30mLevel 1[0m _identify(node_modules/jiti/lib) by extension 'cmake'
[4.235s] [34mcolcon.colcon_core.package_identification[0m [1;30mLevel 1[0m _identify(node_modules/jiti/lib) by extension 'python'
[4.236s] [34mcolcon.colcon_core.package_identification[0m [1;30mLevel 1[0m _identify(node_modules/jiti/lib) by extensions ['python_setup_py']
[4.236s] [34mcolcon.colcon_core.package_identification[0m [1;30mLevel 1[0m _identify(node_modules/jiti/lib) by extension 'python_setup_py'
[4.241s] [34mcolcon.colcon_core.package_identification[0m [1;30mLevel 1[0m _identify(node_modules/lightningcss) by extensions ['ignore', 'ignore_ament_install']
[4.241s] [34mcolcon.colcon_core.package_identification[0m [1;30mLevel 1[0m _identify(node_modules/lightningcss) by extension 'ignore'
[4.243s] [34mcolcon.colcon_core.package_identification[0m [1;30mLevel 1[0m _identify(node_modules/lightningcss) by extension 'ignore_ament_install'
[4.246s] [34mcolcon.colcon_core.package_identification[0m [1;30mLevel 1[0m _identify(node_modules/lightningcss) by extensions ['colcon_pkg']
[4.246s] [34mcolcon.colcon_core.package_identification[0m [1;30mLevel 1[0m _identify(node_modules/lightningcss) by extension 'colcon_pkg'
[4.247s] [34mcolcon.colcon_core.package_identification[0m [1;30mLevel 1[0m _identify(node_modules/lightningcss) by extensions ['colcon_meta']
[4.248s] [34mcolcon.colcon_core.package_identification[0m [1;30mLevel 1[0m _identify(node_modules/lightningcss) by extension 'colcon_meta'
[4.249s] [34mcolcon.colcon_core.package_identification[0m [1;30mLevel 1[0m _identify(node_modules/lightningcss) by extensions ['ros']
[4.250s] [34mcolcon.colcon_core.package_identification[0m [1;30mLevel 1[0m _identify(node_modules/lightningcss) by extension 'ros'
[4.254s] [34mcolcon.colcon_core.package_identification[0m [1;30mLevel 1[0m _identify(node_modules/lightningcss) by extensions ['cmake', 'python']
[4.254s] [34mcolcon.colcon_core.package_identification[0m [1;30mLevel 1[0m _identify(node_modules/lightningcss) by extension 'cmake'
[4.256s] [34mcolcon.colcon_core.package_identification[0m [1;30mLevel 1[0m _identify(node_modules/lightningcss) by extension 'python'
[4.257s] [34mcolcon.colcon_core.package_identification[0m [1;30mLevel 1[0m _identify(node_modules/lightningcss) by extensions ['python_setup_py']
[4.257s] [34mcolcon.colcon_core.package_identification[0m [1;30mLevel 1[0m _identify(node_modules/lightningcss) by extension 'python_setup_py'
[4.263s] [34mcolcon.colcon_core.package_identification[0m [1;30mLevel 1[0m _identify(node_modules/lightningcss/node) by extensions ['ignore', 'ignore_ament_install']
[4.264s] [34mcolcon.colcon_core.package_identification[0m [1;30mLevel 1[0m _identify(node_modules/lightningcss/node) by extension 'ignore'
[4.265s] [34mcolcon.colcon_core.package_identification[0m [1;30mLevel 1[0m _identify(node_modules/lightningcss/node) by extension 'ignore_ament_install'
[4.268s] [34mcolcon.colcon_core.package_identification[0m [1;30mLevel 1[0m _identify(node_modules/lightningcss/node) by extensions ['colcon_pkg']
[4.269s] [34mcolcon.colcon_core.package_identification[0m [1;30mLevel 1[0m _identify(node_modules/lightningcss/node) by extension 'colcon_pkg'
[4.270s] [34mcolcon.colcon_core.package_identification[0m [1;30mLevel 1[0m _identify(node_modules/lightningcss/node) by extensions ['colcon_meta']
[4.270s] [34mcolcon.colcon_core.package_identification[0m [1;30mLevel 1[0m _identify(node_modules/lightningcss/node) by extension 'colcon_meta'
[4.272s] [34mcolcon.colcon_core.package_identification[0m [1;30mLevel 1[0m _identify(node_modules/lightningcss/node) by extensions ['ros']
[4.273s] [34mcolcon.colcon_core.package_identification[0m [1;30mLevel 1[0m _identify(node_modules/lightningcss/node) by extension 'ros'
[4.279s] [34mcolcon.colcon_core.package_identification[0m [1;30mLevel 1[0m _identify(node_modules/lightningcss/node) by extensions ['cmake', 'python']
[4.279s] [34mcolcon.colcon_core.package_identification[0m [1;30mLevel 1[0m _identify(node_modules/lightningcss/node) by extension 'cmake'
[4.280s] [34mcolcon.colcon_core.package_identification[0m [1;30mLevel 1[0m _identify(node_modules/lightningcss/node) by extension 'python'
[4.282s] [34mcolcon.colcon_core.package_identification[0m [1;30mLevel 1[0m _identify(node_modules/lightningcss/node) by extensions ['python_setup_py']
[4.282s] [34mcolcon.colcon_core.package_identification[0m [1;30mLevel 1[0m _identify(node_modules/lightningcss/node) by extension 'python_setup_py'
[4.288s] [34mcolcon.colcon_core.package_identification[0m [1;30mLevel 1[0m _identify(node_modules/lightningcss/node_modules) by extensions ['ignore', 'ignore_ament_install']
[4.288s] [34mcolcon.colcon_core.package_identification[0m [1;30mLevel 1[0m _identify(node_modules/lightningcss/node_modules) by extension 'ignore'
[4.308s] [34mcolcon.colcon_core.package_identification[0m [1;30mLevel 1[0m _identify(node_modules/lightningcss/node_modules) by extension 'ignore_ament_install'
[4.313s] [34mcolcon.colcon_core.package_identification[0m [1;30mLevel 1[0m _identify(node_modules/lightningcss/node_modules) by extensions ['colcon_pkg']
[4.313s] [34mcolcon.colcon_core.package_identification[0m [1;30mLevel 1[0m _identify(node_modules/lightningcss/node_modules) by extension 'colcon_pkg'
[4.315s] [34mcolcon.colcon_core.package_identification[0m [1;30mLevel 1[0m _identify(node_modules/lightningcss/node_modules) by extensions ['colcon_meta']
[4.315s] [34mcolcon.colcon_core.package_identification[0m [1;30mLevel 1[0m _identify(node_modules/lightningcss/node_modules) by extension 'colcon_meta'
[4.318s] [34mcolcon.colcon_core.package_identification[0m [1;30mLevel 1[0m _identify(node_modules/lightningcss/node_modules) by extensions ['ros']
[4.318s] [34mcolcon.colcon_core.package_identification[0m [1;30mLevel 1[0m _identify(node_modules/lightningcss/node_modules) by extension 'ros'
[4.325s] [34mcolcon.colcon_core.package_identification[0m [1;30mLevel 1[0m _identify(node_modules/lightningcss/node_modules) by extensions ['cmake', 'python']
[4.325s] [34mcolcon.colcon_core.package_identification[0m [1;30mLevel 1[0m _identify(node_modules/lightningcss/node_modules) by extension 'cmake'
[4.327s] [34mcolcon.colcon_core.package_identification[0m [1;30mLevel 1[0m _identify(node_modules/lightningcss/node_modules) by extension 'python'
[4.328s] [34mcolcon.colcon_core.package_identification[0m [1;30mLevel 1[0m _identify(node_modules/lightningcss/node_modules) by extensions ['python_setup_py']
[4.328s] [34mcolcon.colcon_core.package_identification[0m [1;30mLevel 1[0m _identify(node_modules/lightningcss/node_modules) by extension 'python_setup_py'
[4.337s] [34mcolcon.colcon_core.package_identification[0m [1;30mLevel 1[0m _identify(node_modules/lightningcss/node_modules/detect-libc) by extensions ['ignore', 'ignore_ament_install']
[4.337s] [34mcolcon.colcon_core.package_identification[0m [1;30mLevel 1[0m _identify(node_modules/lightningcss/node_modules/detect-libc) by extension 'ignore'
[4.339s] [34mcolcon.colcon_core.package_identification[0m [1;30mLevel 1[0m _identify(node_modules/lightningcss/node_modules/detect-libc) by extension 'ignore_ament_install'
[4.343s] [34mcolcon.colcon_core.package_identification[0m [1;30mLevel 1[0m _identify(node_modules/lightningcss/node_modules/detect-libc) by extensions ['colcon_pkg']
[4.343s] [34mcolcon.colcon_core.package_identification[0m [1;30mLevel 1[0m _identify(node_modules/lightningcss/node_modules/detect-libc) by extension 'colcon_pkg'
[4.345s] [34mcolcon.colcon_core.package_identification[0m [1;30mLevel 1[0m _identify(node_modules/lightningcss/node_modules/detect-libc) by extensions ['colcon_meta']
[4.345s] [34mcolcon.colcon_core.package_identification[0m [1;30mLevel 1[0m _identify(node_modules/lightningcss/node_modules/detect-libc) by extension 'colcon_meta'
[4.350s] [34mcolcon.colcon_core.package_identification[0m [1;30mLevel 1[0m _identify(node_modules/lightningcss/node_modules/detect-libc) by extensions ['ros']
[4.350s] [34mcolcon.colcon_core.package_identification[0m [1;30mLevel 1[0m _identify(node_modules/lightningcss/node_modules/detect-libc) by extension 'ros'
[4.356s] [34mcolcon.colcon_core.package_identification[0m [1;30mLevel 1[0m _identify(node_modules/lightningcss/node_modules/detect-libc) by extensions ['cmake', 'python']
[4.357s] [34mcolcon.colcon_core.package_identification[0m [1;30mLevel 1[0m _identify(node_modules/lightningcss/node_modules/detect-libc) by extension 'cmake'
[4.358s] [34mcolcon.colcon_core.package_identification[0m [1;30mLevel 1[0m _identify(node_modules/lightningcss/node_modules/detect-libc) by extension 'python'
[4.360s] [34mcolcon.colcon_core.package_identification[0m [1;30mLevel 1[0m _identify(node_modules/lightningcss/node_modules/detect-libc) by extensions ['python_setup_py']
[4.360s] [34mcolcon.colcon_core.package_identification[0m [1;30mLevel 1[0m _identify(node_modules/lightningcss/node_modules/detect-libc) by extension 'python_setup_py'
[4.369s] [34mcolcon.colcon_core.package_identification[0m [1;30mLevel 1[0m _identify(node_modules/lightningcss/node_modules/detect-libc/lib) by extensions ['ignore', 'ignore_ament_install']
[4.369s] [34mcolcon.colcon_core.package_identification[0m [1;30mLevel 1[0m _identify(node_modules/lightningcss/node_modules/detect-libc/lib) by extension 'ignore'
[4.371s] [34mcolcon.colcon_core.package_identification[0m [1;30mLevel 1[0m _identify(node_modules/lightningcss/node_modules/detect-libc/lib) by extension 'ignore_ament_install'
[4.374s] [34mcolcon.colcon_core.package_identification[0m [1;30mLevel 1[0m _identify(node_modules/lightningcss/node_modules/detect-libc/lib) by extensions ['colcon_pkg']
[4.374s] [34mcolcon.colcon_core.package_identification[0m [1;30mLevel 1[0m _identify(node_modules/lightningcss/node_modules/detect-libc/lib) by extension 'colcon_pkg'
[4.376s] [34mcolcon.colcon_core.package_identification[0m [1;30mLevel 1[0m _identify(node_modules/lightningcss/node_modules/detect-libc/lib) by extensions ['colcon_meta']
[4.376s] [34mcolcon.colcon_core.package_identification[0m [1;30mLevel 1[0m _identify(node_modules/lightningcss/node_modules/detect-libc/lib) by extension 'colcon_meta'
[4.382s] [34mcolcon.colcon_core.package_identification[0m [1;30mLevel 1[0m _identify(node_modules/lightningcss/node_modules/detect-libc/lib) by extensions ['ros']
[4.482s] [34mcolcon.colcon_core.package_identification[0m [1;30mLevel 1[0m _identify(node_modules/lightningcss/node_modules/detect-libc/lib) by extension 'ros'
[4.527s] [34mcolcon.colcon_core.package_identification[0m [1;30mLevel 1[0m _identify(node_modules/lightningcss/node_modules/detect-libc/lib) by extensions ['cmake', 'python']
[4.528s] [34mcolcon.colcon_core.package_identification[0m [1;30mLevel 1[0m _identify(node_modules/lightningcss/node_modules/detect-libc/lib) by extension 'cmake'
[4.530s] [34mcolcon.colcon_core.package_identification[0m [1;30mLevel 1[0m _identify(node_modules/lightningcss/node_modules/detect-libc/lib) by extension 'python'
[4.532s] [34mcolcon.colcon_core.package_identification[0m [1;30mLevel 1[0m _identify(node_modules/lightningcss/node_modules/detect-libc/lib) by extensions ['python_setup_py']
[4.532s] [34mcolcon.colcon_core.package_identification[0m [1;30mLevel 1[0m _identify(node_modules/lightningcss/node_modules/detect-libc/lib) by extension 'python_setup_py'
[4.536s] [34mcolcon.colcon_core.package_identification[0m [1;30mLevel 1[0m _identify(node_modules/lightningcss-win32-x64-msvc) by extensions ['ignore', 'ignore_ament_install']
[4.536s] [34mcolcon.colcon_core.package_identification[0m [1;30mLevel 1[0m _identify(node_modules/lightningcss-win32-x64-msvc) by extension 'ignore'
[4.537s] [34mcolcon.colcon_core.package_identification[0m [1;30mLevel 1[0m _identify(node_modules/lightningcss-win32-x64-msvc) by extension 'ignore_ament_install'
[4.539s] [34mcolcon.colcon_core.package_identification[0m [1;30mLevel 1[0m _identify(node_modules/lightningcss-win32-x64-msvc) by extensions ['colcon_pkg']
[4.539s] [34mcolcon.colcon_core.package_identification[0m [1;30mLevel 1[0m _identify(node_modules/lightningcss-win32-x64-msvc) by extension 'colcon_pkg'
[4.540s] [34mcolcon.colcon_core.package_identification[0m [1;30mLevel 1[0m _identify(node_modules/lightningcss-win32-x64-msvc) by extensions ['colcon_meta']
[4.540s] [34mcolcon.colcon_core.package_identification[0m [1;30mLevel 1[0m _identify(node_modules/lightningcss-win32-x64-msvc) by extension 'colcon_meta'
[4.541s] [34mcolcon.colcon_core.package_identification[0m [1;30mLevel 1[0m _identify(node_modules/lightningcss-win32-x64-msvc) by extensions ['ros']
[4.542s] [34mcolcon.colcon_core.package_identification[0m [1;30mLevel 1[0m _identify(node_modules/lightningcss-win32-x64-msvc) by extension 'ros'
[4.545s] [34mcolcon.colcon_core.package_identification[0m [1;30mLevel 1[0m _identify(node_modules/lightningcss-win32-x64-msvc) by extensions ['cmake', 'python']
[4.546s] [34mcolcon.colcon_core.package_identification[0m [1;30mLevel 1[0m _identify(node_modules/lightningcss-win32-x64-msvc) by extension 'cmake'
[4.547s] [34mcolcon.colcon_core.package_identification[0m [1;30mLevel 1[0m _identify(node_modules/lightningcss-win32-x64-msvc) by extension 'python'
[4.547s] [34mcolcon.colcon_core.package_identification[0m [1;30mLevel 1[0m _identify(node_modules/lightningcss-win32-x64-msvc) by extensions ['python_setup_py']
[4.548s] [34mcolcon.colcon_core.package_identification[0m [1;30mLevel 1[0m _identify(node_modules/lightningcss-win32-x64-msvc) by extension 'python_setup_py'
[4.551s] [34mcolcon.colcon_core.package_identification[0m [1;30mLevel 1[0m _identify(node_modules/micromatch) by extensions ['ignore', 'ignore_ament_install']
[4.551s] [34mcolcon.colcon_core.package_identification[0m [1;30mLevel 1[0m _identify(node_modules/micromatch) by extension 'ignore'
[4.552s] [34mcolcon.colcon_core.package_identification[0m [1;30mLevel 1[0m _identify(node_modules/micromatch) by extension 'ignore_ament_install'
[4.554s] [34mcolcon.colcon_core.package_identification[0m [1;30mLevel 1[0m _identify(node_modules/micromatch) by extensions ['colcon_pkg']
[4.554s] [34mcolcon.colcon_core.package_identification[0m [1;30mLevel 1[0m _identify(node_modules/micromatch) by extension 'colcon_pkg'
[4.555s] [34mcolcon.colcon_core.package_identification[0m [1;30mLevel 1[0m _identify(node_modules/micromatch) by extensions ['colcon_meta']
[4.555s] [34mcolcon.colcon_core.package_identification[0m [1;30mLevel 1[0m _identify(node_modules/micromatch) by extension 'colcon_meta'
[4.556s] [34mcolcon.colcon_core.package_identification[0m [1;30mLevel 1[0m _identify(node_modules/micromatch) by extensions ['ros']
[4.556s] [34mcolcon.colcon_core.package_identification[0m [1;30mLevel 1[0m _identify(node_modules/micromatch) by extension 'ros'
[4.560s] [34mcolcon.colcon_core.package_identification[0m [1;30mLevel 1[0m _identify(node_modules/micromatch) by extensions ['cmake', 'python']
[4.560s] [34mcolcon.colcon_core.package_identification[0m [1;30mLevel 1[0m _identify(node_modules/micromatch) by extension 'cmake'
[4.561s] [34mcolcon.colcon_core.package_identification[0m [1;30mLevel 1[0m _identify(node_modules/micromatch) by extension 'python'
[4.562s] [34mcolcon.colcon_core.package_identification[0m [1;30mLevel 1[0m _identify(node_modules/micromatch) by extensions ['python_setup_py']
[4.562s] [34mcolcon.colcon_core.package_identification[0m [1;30mLevel 1[0m _identify(node_modules/micromatch) by extension 'python_setup_py'
[4.566s] [34mcolcon.colcon_core.package_identification[0m [1;30mLevel 1[0m _identify(node_modules/mri) by extensions ['ignore', 'ignore_ament_install']
[4.566s] [34mcolcon.colcon_core.package_identification[0m [1;30mLevel 1[0m _identify(node_modules/mri) by extension 'ignore'
[4.567s] [34mcolcon.colcon_core.package_identification[0m [1;30mLevel 1[0m _identify(node_modules/mri) by extension 'ignore_ament_install'
[4.568s] [34mcolcon.colcon_core.package_identification[0m [1;30mLevel 1[0m _identify(node_modules/mri) by extensions ['colcon_pkg']
[4.568s] [34mcolcon.colcon_core.package_identification[0m [1;30mLevel 1[0m _identify(node_modules/mri) by extension 'colcon_pkg'
[4.570s] [34mcolcon.colcon_core.package_identification[0m [1;30mLevel 1[0m _identify(node_modules/mri) by extensions ['colcon_meta']
[4.570s] [34mcolcon.colcon_core.package_identification[0m [1;30mLevel 1[0m _identify(node_modules/mri) by extension 'colcon_meta'
[4.571s] [34mcolcon.colcon_core.package_identification[0m [1;30mLevel 1[0m _identify(node_modules/mri) by extensions ['ros']
[4.571s] [34mcolcon.colcon_core.package_identification[0m [1;30mLevel 1[0m _identify(node_modules/mri) by extension 'ros'
[4.575s] [34mcolcon.colcon_core.package_identification[0m [1;30mLevel 1[0m _identify(node_modules/mri) by extensions ['cmake', 'python']
[4.575s] [34mcolcon.colcon_core.package_identification[0m [1;30mLevel 1[0m _identify(node_modules/mri) by extension 'cmake'
[4.576s] [34mcolcon.colcon_core.package_identification[0m [1;30mLevel 1[0m _identify(node_modules/mri) by extension 'python'
[4.577s] [34mcolcon.colcon_core.package_identification[0m [1;30mLevel 1[0m _identify(node_modules/mri) by extensions ['python_setup_py']
[4.577s] [34mcolcon.colcon_core.package_identification[0m [1;30mLevel 1[0m _identify(node_modules/mri) by extension 'python_setup_py'
[4.582s] [34mcolcon.colcon_core.package_identification[0m [1;30mLevel 1[0m _identify(node_modules/mri/lib) by extensions ['ignore', 'ignore_ament_install']
[4.582s] [34mcolcon.colcon_core.package_identification[0m [1;30mLevel 1[0m _identify(node_modules/mri/lib) by extension 'ignore'
[4.583s] [34mcolcon.colcon_core.package_identification[0m [1;30mLevel 1[0m _identify(node_modules/mri/lib) by extension 'ignore_ament_install'
[4.585s] [34mcolcon.colcon_core.package_identification[0m [1;30mLevel 1[0m _identify(node_modules/mri/lib) by extensions ['colcon_pkg']
[4.585s] [34mcolcon.colcon_core.package_identification[0m [1;30mLevel 1[0m _identify(node_modules/mri/lib) by extension 'colcon_pkg'
[4.587s] [34mcolcon.colcon_core.package_identification[0m [1;30mLevel 1[0m _identify(node_modules/mri/lib) by extensions ['colcon_meta']
[4.587s] [34mcolcon.colcon_core.package_identification[0m [1;30mLevel 1[0m _identify(node_modules/mri/lib) by extension 'colcon_meta'
[4.589s] [34mcolcon.colcon_core.package_identification[0m [1;30mLevel 1[0m _identify(node_modules/mri/lib) by extensions ['ros']
[4.589s] [34mcolcon.colcon_core.package_identification[0m [1;30mLevel 1[0m _identify(node_modules/mri/lib) by extension 'ros'
[4.594s] [34mcolcon.colcon_core.package_identification[0m [1;30mLevel 1[0m _identify(node_modules/mri/lib) by extensions ['cmake', 'python']
[4.595s] [34mcolcon.colcon_core.package_identification[0m [1;30mLevel 1[0m _identify(node_modules/mri/lib) by extension 'cmake'
[4.596s] [34mcolcon.colcon_core.package_identification[0m [1;30mLevel 1[0m _identify(node_modules/mri/lib) by extension 'python'
[4.597s] [34mcolcon.colcon_core.package_identification[0m [1;30mLevel 1[0m _identify(node_modules/mri/lib) by extensions ['python_setup_py']
[4.597s] [34mcolcon.colcon_core.package_identification[0m [1;30mLevel 1[0m _identify(node_modules/mri/lib) by extension 'python_setup_py'
[4.601s] [34mcolcon.colcon_core.package_identification[0m [1;30mLevel 1[0m _identify(node_modules/node-addon-api) by extensions ['ignore', 'ignore_ament_install']
[4.601s] [34mcolcon.colcon_core.package_identification[0m [1;30mLevel 1[0m _identify(node_modules/node-addon-api) by extension 'ignore'
[4.602s] [34mcolcon.colcon_core.package_identification[0m [1;30mLevel 1[0m _identify(node_modules/node-addon-api) by extension 'ignore_ament_install'
[4.604s] [34mcolcon.colcon_core.package_identification[0m [1;30mLevel 1[0m _identify(node_modules/node-addon-api) by extensions ['colcon_pkg']
[4.604s] [34mcolcon.colcon_core.package_identification[0m [1;30mLevel 1[0m _identify(node_modules/node-addon-api) by extension 'colcon_pkg'
[4.605s] [34mcolcon.colcon_core.package_identification[0m [1;30mLevel 1[0m _identify(node_modules/node-addon-api) by extensions ['colcon_meta']
[4.605s] [34mcolcon.colcon_core.package_identification[0m [1;30mLevel 1[0m _identify(node_modules/node-addon-api) by extension 'colcon_meta'
[4.607s] [34mcolcon.colcon_core.package_identification[0m [1;30mLevel 1[0m _identify(node_modules/node-addon-api) by extensions ['ros']
[4.607s] [34mcolcon.colcon_core.package_identification[0m [1;30mLevel 1[0m _identify(node_modules/node-addon-api) by extension 'ros'
[4.611s] [34mcolcon.colcon_core.package_identification[0m [1;30mLevel 1[0m _identify(node_modules/node-addon-api) by extensions ['cmake', 'python']
[4.611s] [34mcolcon.colcon_core.package_identification[0m [1;30mLevel 1[0m _identify(node_modules/node-addon-api) by extension 'cmake'
[4.612s] [34mcolcon.colcon_core.package_identification[0m [1;30mLevel 1[0m _identify(node_modules/node-addon-api) by extension 'python'
[4.613s] [34mcolcon.colcon_core.package_identification[0m [1;30mLevel 1[0m _identify(node_modules/node-addon-api) by extensions ['python_setup_py']
[4.613s] [34mcolcon.colcon_core.package_identification[0m [1;30mLevel 1[0m _identify(node_modules/node-addon-api) by extension 'python_setup_py'
[4.618s] [34mcolcon.colcon_core.package_identification[0m [1;30mLevel 1[0m _identify(node_modules/node-addon-api/tools) by extensions ['ignore', 'ignore_ament_install']
[4.618s] [34mcolcon.colcon_core.package_identification[0m [1;30mLevel 1[0m _identify(node_modules/node-addon-api/tools) by extension 'ignore'
[4.619s] [34mcolcon.colcon_core.package_identification[0m [1;30mLevel 1[0m _identify(node_modules/node-addon-api/tools) by extension 'ignore_ament_install'
[4.622s] [34mcolcon.colcon_core.package_identification[0m [1;30mLevel 1[0m _identify(node_modules/node-addon-api/tools) by extensions ['colcon_pkg']
[4.622s] [34mcolcon.colcon_core.package_identification[0m [1;30mLevel 1[0m _identify(node_modules/node-addon-api/tools) by extension 'colcon_pkg'
[4.623s] [34mcolcon.colcon_core.package_identification[0m [1;30mLevel 1[0m _identify(node_modules/node-addon-api/tools) by extensions ['colcon_meta']
[4.623s] [34mcolcon.colcon_core.package_identification[0m [1;30mLevel 1[0m _identify(node_modules/node-addon-api/tools) by extension 'colcon_meta'
[4.625s] [34mcolcon.colcon_core.package_identification[0m [1;30mLevel 1[0m _identify(node_modules/node-addon-api/tools) by extensions ['ros']
[4.626s] [34mcolcon.colcon_core.package_identification[0m [1;30mLevel 1[0m _identify(node_modules/node-addon-api/tools) by extension 'ros'
[4.631s] [34mcolcon.colcon_core.package_identification[0m [1;30mLevel 1[0m _identify(node_modules/node-addon-api/tools) by extensions ['cmake', 'python']
[4.631s] [34mcolcon.colcon_core.package_identification[0m [1;30mLevel 1[0m _identify(node_modules/node-addon-api/tools) by extension 'cmake'
[4.633s] [34mcolcon.colcon_core.package_identification[0m [1;30mLevel 1[0m _identify(node_modules/node-addon-api/tools) by extension 'python'
[4.634s] [34mcolcon.colcon_core.package_identification[0m [1;30mLevel 1[0m _identify(node_modules/node-addon-api/tools) by extensions ['python_setup_py']
[4.634s] [34mcolcon.colcon_core.package_identification[0m [1;30mLevel 1[0m _identify(node_modules/node-addon-api/tools) by extension 'python_setup_py'
[4.638s] [34mcolcon.colcon_core.package_identification[0m [1;30mLevel 1[0m _identify(node_modules/picocolors) by extensions ['ignore', 'ignore_ament_install']
[4.638s] [34mcolcon.colcon_core.package_identification[0m [1;30mLevel 1[0m _identify(node_modules/picocolors) by extension 'ignore'
[4.639s] [34mcolcon.colcon_core.package_identification[0m [1;30mLevel 1[0m _identify(node_modules/picocolors) by extension 'ignore_ament_install'
[4.641s] [34mcolcon.colcon_core.package_identification[0m [1;30mLevel 1[0m _identify(node_modules/picocolors) by extensions ['colcon_pkg']
[4.641s] [34mcolcon.colcon_core.package_identification[0m [1;30mLevel 1[0m _identify(node_modules/picocolors) by extension 'colcon_pkg'
[4.642s] [34mcolcon.colcon_core.package_identification[0m [1;30mLevel 1[0m _identify(node_modules/picocolors) by extensions ['colcon_meta']
[4.642s] [34mcolcon.colcon_core.package_identification[0m [1;30mLevel 1[0m _identify(node_modules/picocolors) by extension 'colcon_meta'
[4.643s] [34mcolcon.colcon_core.package_identification[0m [1;30mLevel 1[0m _identify(node_modules/picocolors) by extensions ['ros']
[4.644s] [34mcolcon.colcon_core.package_identification[0m [1;30mLevel 1[0m _identify(node_modules/picocolors) by extension 'ros'
[4.658s] [34mcolcon.colcon_core.package_identification[0m [1;30mLevel 1[0m _identify(node_modules/picocolors) by extensions ['cmake', 'python']
[4.658s] [34mcolcon.colcon_core.package_identification[0m [1;30mLevel 1[0m _identify(node_modules/picocolors) by extension 'cmake'
[4.659s] [34mcolcon.colcon_core.package_identification[0m [1;30mLevel 1[0m _identify(node_modules/picocolors) by extension 'python'
[4.661s] [34mcolcon.colcon_core.package_identification[0m [1;30mLevel 1[0m _identify(node_modules/picocolors) by extensions ['python_setup_py']
[4.661s] [34mcolcon.colcon_core.package_identification[0m [1;30mLevel 1[0m _identify(node_modules/picocolors) by extension 'python_setup_py'
[4.665s] [34mcolcon.colcon_core.package_identification[0m [1;30mLevel 1[0m _identify(node_modules/picomatch) by extensions ['ignore', 'ignore_ament_install']
[4.665s] [34mcolcon.colcon_core.package_identification[0m [1;30mLevel 1[0m _identify(node_modules/picomatch) by extension 'ignore'
[4.666s] [34mcolcon.colcon_core.package_identification[0m [1;30mLevel 1[0m _identify(node_modules/picomatch) by extension 'ignore_ament_install'
[4.668s] [34mcolcon.colcon_core.package_identification[0m [1;30mLevel 1[0m _identify(node_modules/picomatch) by extensions ['colcon_pkg']
[4.668s] [34mcolcon.colcon_core.package_identification[0m [1;30mLevel 1[0m _identify(node_modules/picomatch) by extension 'colcon_pkg'
[4.669s] [34mcolcon.colcon_core.package_identification[0m [1;30mLevel 1[0m _identify(node_modules/picomatch) by extensions ['colcon_meta']
[4.669s] [34mcolcon.colcon_core.package_identification[0m [1;30mLevel 1[0m _identify(node_modules/picomatch) by extension 'colcon_meta'
[4.670s] [34mcolcon.colcon_core.package_identification[0m [1;30mLevel 1[0m _identify(node_modules/picomatch) by extensions ['ros']
[4.670s] [34mcolcon.colcon_core.package_identification[0m [1;30mLevel 1[0m _identify(node_modules/picomatch) by extension 'ros'
[4.674s] [34mcolcon.colcon_core.package_identification[0m [1;30mLevel 1[0m _identify(node_modules/picomatch) by extensions ['cmake', 'python']
[4.675s] [34mcolcon.colcon_core.package_identification[0m [1;30mLevel 1[0m _identify(node_modules/picomatch) by extension 'cmake'
[4.675s] [34mcolcon.colcon_core.package_identification[0m [1;30mLevel 1[0m _identify(node_modules/picomatch) by extension 'python'
[4.676s] [34mcolcon.colcon_core.package_identification[0m [1;30mLevel 1[0m _identify(node_modules/picomatch) by extensions ['python_setup_py']
[4.676s] [34mcolcon.colcon_core.package_identification[0m [1;30mLevel 1[0m _identify(node_modules/picomatch) by extension 'python_setup_py'
[4.682s] [34mcolcon.colcon_core.package_identification[0m [1;30mLevel 1[0m _identify(node_modules/picomatch/lib) by extensions ['ignore', 'ignore_ament_install']
[4.682s] [34mcolcon.colcon_core.package_identification[0m [1;30mLevel 1[0m _identify(node_modules/picomatch/lib) by extension 'ignore'
[4.683s] [34mcolcon.colcon_core.package_identification[0m [1;30mLevel 1[0m _identify(node_modules/picomatch/lib) by extension 'ignore_ament_install'
[4.685s] [34mcolcon.colcon_core.package_identification[0m [1;30mLevel 1[0m _identify(node_modules/picomatch/lib) by extensions ['colcon_pkg']
[4.685s] [34mcolcon.colcon_core.package_identification[0m [1;30mLevel 1[0m _identify(node_modules/picomatch/lib) by extension 'colcon_pkg'
[4.687s] [34mcolcon.colcon_core.package_identification[0m [1;30mLevel 1[0m _identify(node_modules/picomatch/lib) by extensions ['colcon_meta']
[4.687s] [34mcolcon.colcon_core.package_identification[0m [1;30mLevel 1[0m _identify(node_modules/picomatch/lib) by extension 'colcon_meta'
[4.689s] [34mcolcon.colcon_core.package_identification[0m [1;30mLevel 1[0m _identify(node_modules/picomatch/lib) by extensions ['ros']
[4.690s] [34mcolcon.colcon_core.package_identification[0m [1;30mLevel 1[0m _identify(node_modules/picomatch/lib) by extension 'ros'
[4.695s] [34mcolcon.colcon_core.package_identification[0m [1;30mLevel 1[0m _identify(node_modules/picomatch/lib) by extensions ['cmake', 'python']
[4.695s] [34mcolcon.colcon_core.package_identification[0m [1;30mLevel 1[0m _identify(node_modules/picomatch/lib) by extension 'cmake'
[4.696s] [34mcolcon.colcon_core.package_identification[0m [1;30mLevel 1[0m _identify(node_modules/picomatch/lib) by extension 'python'
[4.698s] [34mcolcon.colcon_core.package_identification[0m [1;30mLevel 1[0m _identify(node_modules/picomatch/lib) by extensions ['python_setup_py']
[4.698s] [34mcolcon.colcon_core.package_identification[0m [1;30mLevel 1[0m _identify(node_modules/picomatch/lib) by extension 'python_setup_py'
[4.702s] [34mcolcon.colcon_core.package_identification[0m [1;30mLevel 1[0m _identify(node_modules/tailwindcss) by extensions ['ignore', 'ignore_ament_install']
[4.702s] [34mcolcon.colcon_core.package_identification[0m [1;30mLevel 1[0m _identify(node_modules/tailwindcss) by extension 'ignore'
[4.703s] [34mcolcon.colcon_core.package_identification[0m [1;30mLevel 1[0m _identify(node_modules/tailwindcss) by extension 'ignore_ament_install'
[4.704s] [34mcolcon.colcon_core.package_identification[0m [1;30mLevel 1[0m _identify(node_modules/tailwindcss) by extensions ['colcon_pkg']
[4.704s] [34mcolcon.colcon_core.package_identification[0m [1;30mLevel 1[0m _identify(node_modules/tailwindcss) by extension 'colcon_pkg'
[4.705s] [34mcolcon.colcon_core.package_identification[0m [1;30mLevel 1[0m _identify(node_modules/tailwindcss) by extensions ['colcon_meta']
[4.706s] [34mcolcon.colcon_core.package_identification[0m [1;30mLevel 1[0m _identify(node_modules/tailwindcss) by extension 'colcon_meta'
[4.707s] [34mcolcon.colcon_core.package_identification[0m [1;30mLevel 1[0m _identify(node_modules/tailwindcss) by extensions ['ros']
[4.707s] [34mcolcon.colcon_core.package_identification[0m [1;30mLevel 1[0m _identify(node_modules/tailwindcss) by extension 'ros'
[4.711s] [34mcolcon.colcon_core.package_identification[0m [1;30mLevel 1[0m _identify(node_modules/tailwindcss) by extensions ['cmake', 'python']
[4.711s] [34mcolcon.colcon_core.package_identification[0m [1;30mLevel 1[0m _identify(node_modules/tailwindcss) by extension 'cmake'
[4.712s] [34mcolcon.colcon_core.package_identification[0m [1;30mLevel 1[0m _identify(node_modules/tailwindcss) by extension 'python'
[4.713s] [34mcolcon.colcon_core.package_identification[0m [1;30mLevel 1[0m _identify(node_modules/tailwindcss) by extensions ['python_setup_py']
[4.713s] [34mcolcon.colcon_core.package_identification[0m [1;30mLevel 1[0m _identify(node_modules/tailwindcss) by extension 'python_setup_py'
[4.718s] [34mcolcon.colcon_core.package_identification[0m [1;30mLevel 1[0m _identify(node_modules/tailwindcss/dist) by extensions ['ignore', 'ignore_ament_install']
[4.718s] [34mcolcon.colcon_core.package_identification[0m [1;30mLevel 1[0m _identify(node_modules/tailwindcss/dist) by extension 'ignore'
[4.719s] [34mcolcon.colcon_core.package_identification[0m [1;30mLevel 1[0m _identify(node_modules/tailwindcss/dist) by extension 'ignore_ament_install'
[4.722s] [34mcolcon.colcon_core.package_identification[0m [1;30mLevel 1[0m _identify(node_modules/tailwindcss/dist) by extensions ['colcon_pkg']
[4.722s] [34mcolcon.colcon_core.package_identification[0m [1;30mLevel 1[0m _identify(node_modules/tailwindcss/dist) by extension 'colcon_pkg'
[4.723s] [34mcolcon.colcon_core.package_identification[0m [1;30mLevel 1[0m _identify(node_modules/tailwindcss/dist) by extensions ['colcon_meta']
[4.723s] [34mcolcon.colcon_core.package_identification[0m [1;30mLevel 1[0m _identify(node_modules/tailwindcss/dist) by extension 'colcon_meta'
[4.726s] [34mcolcon.colcon_core.package_identification[0m [1;30mLevel 1[0m _identify(node_modules/tailwindcss/dist) by extensions ['ros']
[4.726s] [34mcolcon.colcon_core.package_identification[0m [1;30mLevel 1[0m _identify(node_modules/tailwindcss/dist) by extension 'ros'
[4.732s] [34mcolcon.colcon_core.package_identification[0m [1;30mLevel 1[0m _identify(node_modules/tailwindcss/dist) by extensions ['cmake', 'python']
[4.732s] [34mcolcon.colcon_core.package_identification[0m [1;30mLevel 1[0m _identify(node_modules/tailwindcss/dist) by extension 'cmake'
[4.733s] [34mcolcon.colcon_core.package_identification[0m [1;30mLevel 1[0m _identify(node_modules/tailwindcss/dist) by extension 'python'
[4.734s] [34mcolcon.colcon_core.package_identification[0m [1;30mLevel 1[0m _identify(node_modules/tailwindcss/dist) by extensions ['python_setup_py']
[4.734s] [34mcolcon.colcon_core.package_identification[0m [1;30mLevel 1[0m _identify(node_modules/tailwindcss/dist) by extension 'python_setup_py'
[4.738s] [34mcolcon.colcon_core.package_identification[0m [1;30mLevel 1[0m _identify(node_modules/tapable) by extensions ['ignore', 'ignore_ament_install']
[4.738s] [34mcolcon.colcon_core.package_identification[0m [1;30mLevel 1[0m _identify(node_modules/tapable) by extension 'ignore'
[4.739s] [34mcolcon.colcon_core.package_identification[0m [1;30mLevel 1[0m _identify(node_modules/tapable) by extension 'ignore_ament_install'
[4.741s] [34mcolcon.colcon_core.package_identification[0m [1;30mLevel 1[0m _identify(node_modules/tapable) by extensions ['colcon_pkg']
[4.741s] [34mcolcon.colcon_core.package_identification[0m [1;30mLevel 1[0m _identify(node_modules/tapable) by extension 'colcon_pkg'
[4.742s] [34mcolcon.colcon_core.package_identification[0m [1;30mLevel 1[0m _identify(node_modules/tapable) by extensions ['colcon_meta']
[4.742s] [34mcolcon.colcon_core.package_identification[0m [1;30mLevel 1[0m _identify(node_modules/tapable) by extension 'colcon_meta'
[4.743s] [34mcolcon.colcon_core.package_identification[0m [1;30mLevel 1[0m _identify(node_modules/tapable) by extensions ['ros']
[4.743s] [34mcolcon.colcon_core.package_identification[0m [1;30mLevel 1[0m _identify(node_modules/tapable) by extension 'ros'
[4.747s] [34mcolcon.colcon_core.package_identification[0m [1;30mLevel 1[0m _identify(node_modules/tapable) by extensions ['cmake', 'python']
[4.748s] [34mcolcon.colcon_core.package_identification[0m [1;30mLevel 1[0m _identify(node_modules/tapable) by extension 'cmake'
[4.748s] [34mcolcon.colcon_core.package_identification[0m [1;30mLevel 1[0m _identify(node_modules/tapable) by extension 'python'
[4.749s] [34mcolcon.colcon_core.package_identification[0m [1;30mLevel 1[0m _identify(node_modules/tapable) by extensions ['python_setup_py']
[4.749s] [34mcolcon.colcon_core.package_identification[0m [1;30mLevel 1[0m _identify(node_modules/tapable) by extension 'python_setup_py'
[4.754s] [34mcolcon.colcon_core.package_identification[0m [1;30mLevel 1[0m _identify(node_modules/tapable/lib) by extensions ['ignore', 'ignore_ament_install']
[4.754s] [34mcolcon.colcon_core.package_identification[0m [1;30mLevel 1[0m _identify(node_modules/tapable/lib) by extension 'ignore'
[4.756s] [34mcolcon.colcon_core.package_identification[0m [1;30mLevel 1[0m _identify(node_modules/tapable/lib) by extension 'ignore_ament_install'
[4.758s] [34mcolcon.colcon_core.package_identification[0m [1;30mLevel 1[0m _identify(node_modules/tapable/lib) by extensions ['colcon_pkg']
[4.758s] [34mcolcon.colcon_core.package_identification[0m [1;30mLevel 1[0m _identify(node_modules/tapable/lib) by extension 'colcon_pkg'
[4.759s] [34mcolcon.colcon_core.package_identification[0m [1;30mLevel 1[0m _identify(node_modules/tapable/lib) by extensions ['colcon_meta']
[4.759s] [34mcolcon.colcon_core.package_identification[0m [1;30mLevel 1[0m _identify(node_modules/tapable/lib) by extension 'colcon_meta'
[4.762s] [34mcolcon.colcon_core.package_identification[0m [1;30mLevel 1[0m _identify(node_modules/tapable/lib) by extensions ['ros']
[4.762s] [34mcolcon.colcon_core.package_identification[0m [1;30mLevel 1[0m _identify(node_modules/tapable/lib) by extension 'ros'
[4.768s] [34mcolcon.colcon_core.package_identification[0m [1;30mLevel 1[0m _identify(node_modules/tapable/lib) by extensions ['cmake', 'python']
[4.768s] [34mcolcon.colcon_core.package_identification[0m [1;30mLevel 1[0m _identify(node_modules/tapable/lib) by extension 'cmake'
[4.769s] [34mcolcon.colcon_core.package_identification[0m [1;30mLevel 1[0m _identify(node_modules/tapable/lib) by extension 'python'
[4.770s] [34mcolcon.colcon_core.package_identification[0m [1;30mLevel 1[0m _identify(node_modules/tapable/lib) by extensions ['python_setup_py']
[4.770s] [34mcolcon.colcon_core.package_identification[0m [1;30mLevel 1[0m _identify(node_modules/tapable/lib) by extension 'python_setup_py'
[4.775s] [34mcolcon.colcon_core.package_identification[0m [1;30mLevel 1[0m _identify(node_modules/to-regex-range) by extensions ['ignore', 'ignore_ament_install']
[4.775s] [34mcolcon.colcon_core.package_identification[0m [1;30mLevel 1[0m _identify(node_modules/to-regex-range) by extension 'ignore'
[4.776s] [34mcolcon.colcon_core.package_identification[0m [1;30mLevel 1[0m _identify(node_modules/to-regex-range) by extension 'ignore_ament_install'
[4.778s] [34mcolcon.colcon_core.package_identification[0m [1;30mLevel 1[0m _identify(node_modules/to-regex-range) by extensions ['colcon_pkg']
[4.778s] [34mcolcon.colcon_core.package_identification[0m [1;30mLevel 1[0m _identify(node_modules/to-regex-range) by extension 'colcon_pkg'
[4.779s] [34mcolcon.colcon_core.package_identification[0m [1;30mLevel 1[0m _identify(node_modules/to-regex-range) by extensions ['colcon_meta']
[4.779s] [34mcolcon.colcon_core.package_identification[0m [1;30mLevel 1[0m _identify(node_modules/to-regex-range) by extension 'colcon_meta'
[4.781s] [34mcolcon.colcon_core.package_identification[0m [1;30mLevel 1[0m _identify(node_modules/to-regex-range) by extensions ['ros']
[4.781s] [34mcolcon.colcon_core.package_identification[0m [1;30mLevel 1[0m _identify(node_modules/to-regex-range) by extension 'ros'
[4.785s] [34mcolcon.colcon_core.package_identification[0m [1;30mLevel 1[0m _identify(node_modules/to-regex-range) by extensions ['cmake', 'python']
[4.785s] [34mcolcon.colcon_core.package_identification[0m [1;30mLevel 1[0m _identify(node_modules/to-regex-range) by extension 'cmake'
[4.786s] [34mcolcon.colcon_core.package_identification[0m [1;30mLevel 1[0m _identify(node_modules/to-regex-range) by extension 'python'
[4.787s] [34mcolcon.colcon_core.package_identification[0m [1;30mLevel 1[0m _identify(node_modules/to-regex-range) by extensions ['python_setup_py']
[4.787s] [34mcolcon.colcon_core.package_identification[0m [1;30mLevel 1[0m _identify(node_modules/to-regex-range) by extension 'python_setup_py'
[4.789s] [34mcolcon.colcon_core.package_identification[0m [1;30mLevel 1[0m _identify(other_codes) by extensions ['ignore', 'ignore_ament_install']
[4.789s] [34mcolcon.colcon_core.package_identification[0m [1;30mLevel 1[0m _identify(other_codes) by extension 'ignore'
[4.790s] [34mcolcon.colcon_core.package_identification[0m [1;30mLevel 1[0m _identify(other_codes) by extension 'ignore_ament_install'
[4.791s] [34mcolcon.colcon_core.package_identification[0m [1;30mLevel 1[0m _identify(other_codes) by extensions ['colcon_pkg']
[4.791s] [34mcolcon.colcon_core.package_identification[0m [1;30mLevel 1[0m _identify(other_codes) by extension 'colcon_pkg'
[4.792s] [34mcolcon.colcon_core.package_identification[0m [1;30mLevel 1[0m _identify(other_codes) by extensions ['colcon_meta']
[4.792s] [34mcolcon.colcon_core.package_identification[0m [1;30mLevel 1[0m _identify(other_codes) by extension 'colcon_meta'
[4.793s] [34mcolcon.colcon_core.package_identification[0m [1;30mLevel 1[0m _identify(other_codes) by extensions ['ros']
[4.793s] [34mcolcon.colcon_core.package_identification[0m [1;30mLevel 1[0m _identify(other_codes) by extension 'ros'
[4.795s] [34mcolcon.colcon_core.package_identification[0m [1;30mLevel 1[0m _identify(other_codes) by extensions ['cmake', 'python']
[4.795s] [34mcolcon.colcon_core.package_identification[0m [1;30mLevel 1[0m _identify(other_codes) by extension 'cmake'
[4.796s] [34mcolcon.colcon_core.package_identification[0m [1;30mLevel 1[0m _identify(other_codes) by extension 'python'
[4.797s] [34mcolcon.colcon_core.package_identification[0m [1;30mLevel 1[0m _identify(other_codes) by extensions ['python_setup_py']
[4.797s] [34mcolcon.colcon_core.package_identification[0m [1;30mLevel 1[0m _identify(other_codes) by extension 'python_setup_py'
[4.799s] [34mcolcon.colcon_core.package_identification[0m [1;30mLevel 1[0m _identify(ros2_Ws) by extensions ['ignore', 'ignore_ament_install']
[4.799s] [34mcolcon.colcon_core.package_identification[0m [1;30mLevel 1[0m _identify(ros2_Ws) by extension 'ignore'
[4.800s] [34mcolcon.colcon_core.package_identification[0m [1;30mLevel 1[0m _identify(ros2_Ws) by extension 'ignore_ament_install'
[4.801s] [34mcolcon.colcon_core.package_identification[0m [1;30mLevel 1[0m _identify(ros2_Ws) by extensions ['colcon_pkg']
[4.801s] [34mcolcon.colcon_core.package_identification[0m [1;30mLevel 1[0m _identify(ros2_Ws) by extension 'colcon_pkg'
[4.802s] [34mcolcon.colcon_core.package_identification[0m [1;30mLevel 1[0m _identify(ros2_Ws) by extensions ['colcon_meta']
[4.802s] [34mcolcon.colcon_core.package_identification[0m [1;30mLevel 1[0m _identify(ros2_Ws) by extension 'colcon_meta'
[4.803s] [34mcolcon.colcon_core.package_identification[0m [1;30mLevel 1[0m _identify(ros2_Ws) by extensions ['ros']
[4.803s] [34mcolcon.colcon_core.package_identification[0m [1;30mLevel 1[0m _identify(ros2_Ws) by extension 'ros'
[4.805s] [34mcolcon.colcon_core.package_identification[0m [1;30mLevel 1[0m _identify(ros2_Ws) by extensions ['cmake', 'python']
[4.805s] [34mcolcon.colcon_core.package_identification[0m [1;30mLevel 1[0m _identify(ros2_Ws) by extension 'cmake'
[4.806s] [34mcolcon.colcon_core.package_identification[0m [1;30mLevel 1[0m _identify(ros2_Ws) by extension 'python'
[4.806s] [34mcolcon.colcon_core.package_identification[0m [1;30mLevel 1[0m _identify(ros2_Ws) by extensions ['python_setup_py']
[4.807s] [34mcolcon.colcon_core.package_identification[0m [1;30mLevel 1[0m _identify(ros2_Ws) by extension 'python_setup_py'
[4.810s] [34mcolcon.colcon_core.package_identification[0m [1;30mLevel 1[0m _identify(ros2_Ws/build) by extensions ['ignore', 'ignore_ament_install']
[4.810s] [34mcolcon.colcon_core.package_identification[0m [1;30mLevel 1[0m _identify(ros2_Ws/build) by extension 'ignore'
[4.811s] [34mcolcon.colcon_core.package_identification[0m [1;30mLevel 1[0m _identify(ros2_Ws/build) ignored
[4.814s] [34mcolcon.colcon_core.package_identification[0m [1;30mLevel 1[0m _identify(ros2_Ws/install) by extensions ['ignore', 'ignore_ament_install']
[4.814s] [34mcolcon.colcon_core.package_identification[0m [1;30mLevel 1[0m _identify(ros2_Ws/install) by extension 'ignore'
[4.815s] [34mcolcon.colcon_core.package_identification[0m [1;30mLevel 1[0m _identify(ros2_Ws/install) ignored
[4.820s] [34mcolcon.colcon_core.package_identification[0m [1;30mLevel 1[0m _identify(ros2_Ws/log) by extensions ['ignore', 'ignore_ament_install']
[4.820s] [34mcolcon.colcon_core.package_identification[0m [1;30mLevel 1[0m _identify(ros2_Ws/log) by extension 'ignore'
[4.821s] [34mcolcon.colcon_core.package_identification[0m [1;30mLevel 1[0m _identify(ros2_Ws/log) ignored
[4.824s] [34mcolcon.colcon_core.package_identification[0m [1;30mLevel 1[0m _identify(ros2_Ws/src) by extensions ['ignore', 'ignore_ament_install']
[4.824s] [34mcolcon.colcon_core.package_identification[0m [1;30mLevel 1[0m _identify(ros2_Ws/src) by extension 'ignore'
[4.825s] [34mcolcon.colcon_core.package_identification[0m [1;30mLevel 1[0m _identify(ros2_Ws/src) by extension 'ignore_ament_install'
[4.826s] [34mcolcon.colcon_core.package_identification[0m [1;30mLevel 1[0m _identify(ros2_Ws/src) by extensions ['colcon_pkg']
[4.827s] [34mcolcon.colcon_core.package_identification[0m [1;30mLevel 1[0m _identify(ros2_Ws/src) by extension 'colcon_pkg'
[4.827s] [34mcolcon.colcon_core.package_identification[0m [1;30mLevel 1[0m _identify(ros2_Ws/src) by extensions ['colcon_meta']
[4.828s] [34mcolcon.colcon_core.package_identification[0m [1;30mLevel 1[0m _identify(ros2_Ws/src) by extension 'colcon_meta'
[4.829s] [34mcolcon.colcon_core.package_identification[0m [1;30mLevel 1[0m _identify(ros2_Ws/src) by extensions ['ros']
[4.829s] [34mcolcon.colcon_core.package_identification[0m [1;30mLevel 1[0m _identify(ros2_Ws/src) by extension 'ros'
[4.833s] [34mcolcon.colcon_core.package_identification[0m [1;30mLevel 1[0m _identify(ros2_Ws/src) by extensions ['cmake', 'python']
[4.833s] [34mcolcon.colcon_core.package_identification[0m [1;30mLevel 1[0m _identify(ros2_Ws/src) by extension 'cmake'
[4.834s] [34mcolcon.colcon_core.package_identification[0m [1;30mLevel 1[0m _identify(ros2_Ws/src) by extension 'python'
[4.835s] [34mcolcon.colcon_core.package_identification[0m [1;30mLevel 1[0m _identify(ros2_Ws/src) by extensions ['python_setup_py']
[4.835s] [34mcolcon.colcon_core.package_identification[0m [1;30mLevel 1[0m _identify(ros2_Ws/src) by extension 'python_setup_py'
[4.839s] [34mcolcon.colcon_core.package_identification[0m [1;30mLevel 1[0m _identify(ros2_Ws/src/my_drone_launcher) by extensions ['ignore', 'ignore_ament_install']
[4.840s] [34mcolcon.colcon_core.package_identification[0m [1;30mLevel 1[0m _identify(ros2_Ws/src/my_drone_launcher) by extension 'ignore'
[4.841s] [34mcolcon.colcon_core.package_identification[0m [1;30mLevel 1[0m _identify(ros2_Ws/src/my_drone_launcher) by extension 'ignore_ament_install'
[4.843s] [34mcolcon.colcon_core.package_identification[0m [1;30mLevel 1[0m _identify(ros2_Ws/src/my_drone_launcher) by extensions ['colcon_pkg']
[4.843s] [34mcolcon.colcon_core.package_identification[0m [1;30mLevel 1[0m _identify(ros2_Ws/src/my_drone_launcher) by extension 'colcon_pkg'
[4.844s] [34mcolcon.colcon_core.package_identification[0m [1;30mLevel 1[0m _identify(ros2_Ws/src/my_drone_launcher) by extensions ['colcon_meta']
[4.845s] [34mcolcon.colcon_core.package_identification[0m [1;30mLevel 1[0m _identify(ros2_Ws/src/my_drone_launcher) by extension 'colcon_meta'
[4.847s] [34mcolcon.colcon_core.package_identification[0m [1;30mLevel 1[0m _identify(ros2_Ws/src/my_drone_launcher) by extensions ['ros']
[4.847s] [34mcolcon.colcon_core.package_identification[0m [1;30mLevel 1[0m _identify(ros2_Ws/src/my_drone_launcher) by extension 'ros'
[5.105s] [34mcolcon.colcon_core.package_identification[0m [1;30mDEBUG[0m [32mPackage 'ros2_Ws/src/my_drone_launcher' with type 'ros.ament_cmake' and name 'my_drone_launcher'[0m
[5.115s] [34mcolcon.colcon_core.package_identification[0m [1;30mLevel 1[0m _identify(ros2_Ws/src/my_robot_controller) by extensions ['ignore', 'ignore_ament_install']
[5.116s] [34mcolcon.colcon_core.package_identification[0m [1;30mLevel 1[0m _identify(ros2_Ws/src/my_robot_controller) by extension 'ignore'
[5.119s] [34mcolcon.colcon_core.package_identification[0m [1;30mLevel 1[0m _identify(ros2_Ws/src/my_robot_controller) by extension 'ignore_ament_install'
[5.122s] [34mcolcon.colcon_core.package_identification[0m [1;30mLevel 1[0m _identify(ros2_Ws/src/my_robot_controller) by extensions ['colcon_pkg']
[5.122s] [34mcolcon.colcon_core.package_identification[0m [1;30mLevel 1[0m _identify(ros2_Ws/src/my_robot_controller) by extension 'colcon_pkg'
[5.124s] [34mcolcon.colcon_core.package_identification[0m [1;30mLevel 1[0m _identify(ros2_Ws/src/my_robot_controller) by extensions ['colcon_meta']
[5.124s] [34mcolcon.colcon_core.package_identification[0m [1;30mLevel 1[0m _identify(ros2_Ws/src/my_robot_controller) by extension 'colcon_meta'
[5.126s] [34mcolcon.colcon_core.package_identification[0m [1;30mLevel 1[0m _identify(ros2_Ws/src/my_robot_controller) by extensions ['ros']
[5.126s] [34mcolcon.colcon_core.package_identification[0m [1;30mLevel 1[0m _identify(ros2_Ws/src/my_robot_controller) by extension 'ros'
[5.147s] [34mcolcon.colcon_core.package_identification[0m [1;30mDEBUG[0m [32mPackage 'ros2_Ws/src/my_robot_controller' with type 'ros.ament_python' and name 'my_robot_controller'[0m
[5.155s] [34mcolcon.colcon_core.package_identification[0m [1;30mLevel 1[0m _identify(ros2_Ws/src/my_robot_launcher) by extensions ['ignore', 'ignore_ament_install']
[5.155s] [34mcolcon.colcon_core.package_identification[0m [1;30mLevel 1[0m _identify(ros2_Ws/src/my_robot_launcher) by extension 'ignore'
[5.156s] [34mcolcon.colcon_core.package_identification[0m [1;30mLevel 1[0m _identify(ros2_Ws/src/my_robot_launcher) by extension 'ignore_ament_install'
[5.158s] [34mcolcon.colcon_core.package_identification[0m [1;30mLevel 1[0m _identify(ros2_Ws/src/my_robot_launcher) by extensions ['colcon_pkg']
[5.158s] [34mcolcon.colcon_core.package_identification[0m [1;30mLevel 1[0m _identify(ros2_Ws/src/my_robot_launcher) by extension 'colcon_pkg'
[5.160s] [34mcolcon.colcon_core.package_identification[0m [1;30mLevel 1[0m _identify(ros2_Ws/src/my_robot_launcher) by extensions ['colcon_meta']
[5.160s] [34mcolcon.colcon_core.package_identification[0m [1;30mLevel 1[0m _identify(ros2_Ws/src/my_robot_launcher) by extension 'colcon_meta'
[5.162s] [34mcolcon.colcon_core.package_identification[0m [1;30mLevel 1[0m _identify(ros2_Ws/src/my_robot_launcher) by extensions ['ros']
[5.162s] [34mcolcon.colcon_core.package_identification[0m [1;30mLevel 1[0m _identify(ros2_Ws/src/my_robot_launcher) by extension 'ros'
[5.183s] [34mcolcon.colcon_core.package_identification[0m [1;30mDEBUG[0m [32mPackage 'ros2_Ws/src/my_robot_launcher' with type 'ros.ament_cmake' and name 'my_robot_launcher'[0m
[5.186s] [34mcolcon.colcon_core.package_identification[0m [1;30mLevel 1[0m _identify(temp) by extensions ['ignore', 'ignore_ament_install']
[5.186s] [34mcolcon.colcon_core.package_identification[0m [1;30mLevel 1[0m _identify(temp) by extension 'ignore'
[5.187s] [34mcolcon.colcon_core.package_identification[0m [1;30mLevel 1[0m _identify(temp) by extension 'ignore_ament_install'
[5.189s] [34mcolcon.colcon_core.package_identification[0m [1;30mLevel 1[0m _identify(temp) by extensions ['colcon_pkg']
[5.189s] [34mcolcon.colcon_core.package_identification[0m [1;30mLevel 1[0m _identify(temp) by extension 'colcon_pkg'
[5.190s] [34mcolcon.colcon_core.package_identification[0m [1;30mLevel 1[0m _identify(temp) by extensions ['colcon_meta']
[5.190s] [34mcolcon.colcon_core.package_identification[0m [1;30mLevel 1[0m _identify(temp) by extension 'colcon_meta'
[5.191s] [34mcolcon.colcon_core.package_identification[0m [1;30mLevel 1[0m _identify(temp) by extensions ['ros']
[5.191s] [34mcolcon.colcon_core.package_identification[0m [1;30mLevel 1[0m _identify(temp) by extension 'ros'
[5.193s] [34mcolcon.colcon_core.package_identification[0m [1;30mLevel 1[0m _identify(temp) by extensions ['cmake', 'python']
[5.194s] [34mcolcon.colcon_core.package_identification[0m [1;30mLevel 1[0m _identify(temp) by extension 'cmake'
[5.194s] [34mcolcon.colcon_core.package_identification[0m [1;30mLevel 1[0m _identify(temp) by extension 'python'
[5.195s] [34mcolcon.colcon_core.package_identification[0m [1;30mLevel 1[0m _identify(temp) by extensions ['python_setup_py']
[5.195s] [34mcolcon.colcon_core.package_identification[0m [1;30mLevel 1[0m _identify(temp) by extension 'python_setup_py'
[5.198s] [34mcolcon.colcon_core.package_identification[0m [1;30mLevel 1[0m _identify(temp/package) by extensions ['ignore', 'ignore_ament_install']
[5.198s] [34mcolcon.colcon_core.package_identification[0m [1;30mLevel 1[0m _identify(temp/package) by extension 'ignore'
[5.199s] [34mcolcon.colcon_core.package_identification[0m [1;30mLevel 1[0m _identify(temp/package) by extension 'ignore_ament_install'
[5.201s] [34mcolcon.colcon_core.package_identification[0m [1;30mLevel 1[0m _identify(temp/package) by extensions ['colcon_pkg']
[5.201s] [34mcolcon.colcon_core.package_identification[0m [1;30mLevel 1[0m _identify(temp/package) by extension 'colcon_pkg'
[5.202s] [34mcolcon.colcon_core.package_identification[0m [1;30mLevel 1[0m _identify(temp/package) by extensions ['colcon_meta']
[5.202s] [34mcolcon.colcon_core.package_identification[0m [1;30mLevel 1[0m _identify(temp/package) by extension 'colcon_meta'
[5.203s] [34mcolcon.colcon_core.package_identification[0m [1;30mLevel 1[0m _identify(temp/package) by extensions ['ros']
[5.203s] [34mcolcon.colcon_core.package_identification[0m [1;30mLevel 1[0m _identify(temp/package) by extension 'ros'
[5.208s] [34mcolcon.colcon_core.package_identification[0m [1;30mLevel 1[0m _identify(temp/package) by extensions ['cmake', 'python']
[5.208s] [34mcolcon.colcon_core.package_identification[0m [1;30mLevel 1[0m _identify(temp/package) by extension 'cmake'
[5.209s] [34mcolcon.colcon_core.package_identification[0m [1;30mLevel 1[0m _identify(temp/package) by extension 'python'
[5.210s] [34mcolcon.colcon_core.package_identification[0m [1;30mLevel 1[0m _identify(temp/package) by extensions ['python_setup_py']
[5.211s] [34mcolcon.colcon_core.package_identification[0m [1;30mLevel 1[0m _identify(temp/package) by extension 'python_setup_py'
[5.216s] [34mcolcon.colcon_core.package_identification[0m [1;30mLevel 1[0m _identify(temp/package/dist) by extensions ['ignore', 'ignore_ament_install']
[5.217s] [34mcolcon.colcon_core.package_identification[0m [1;30mLevel 1[0m _identify(temp/package/dist) by extension 'ignore'
[5.218s] [34mcolcon.colcon_core.package_identification[0m [1;30mLevel 1[0m _identify(temp/package/dist) by extension 'ignore_ament_install'
[5.221s] [34mcolcon.colcon_core.package_identification[0m [1;30mLevel 1[0m _identify(temp/package/dist) by extensions ['colcon_pkg']
[5.221s] [34mcolcon.colcon_core.package_identification[0m [1;30mLevel 1[0m _identify(temp/package/dist) by extension 'colcon_pkg'
[5.223s] [34mcolcon.colcon_core.package_identification[0m [1;30mLevel 1[0m _identify(temp/package/dist) by extensions ['colcon_meta']
[5.223s] [34mcolcon.colcon_core.package_identification[0m [1;30mLevel 1[0m _identify(temp/package/dist) by extension 'colcon_meta'
[5.226s] [34mcolcon.colcon_core.package_identification[0m [1;30mLevel 1[0m _identify(temp/package/dist) by extensions ['ros']
[5.226s] [34mcolcon.colcon_core.package_identification[0m [1;30mLevel 1[0m _identify(temp/package/dist) by extension 'ros'
[5.232s] [34mcolcon.colcon_core.package_identification[0m [1;30mLevel 1[0m _identify(temp/package/dist) by extensions ['cmake', 'python']
[5.232s] [34mcolcon.colcon_core.package_identification[0m [1;30mLevel 1[0m _identify(temp/package/dist) by extension 'cmake'
[5.234s] [34mcolcon.colcon_core.package_identification[0m [1;30mLevel 1[0m _identify(temp/package/dist) by extension 'python'
[5.236s] [34mcolcon.colcon_core.package_identification[0m [1;30mLevel 1[0m _identify(temp/package/dist) by extensions ['python_setup_py']
[5.236s] [34mcolcon.colcon_core.package_identification[0m [1;30mLevel 1[0m _identify(temp/package/dist) by extension 'python_setup_py'
[5.238s] [34mcolcon.colcon_core.package_discovery[0m [1;30mLevel 1[0m discover_packages(recursive) using defaults
[5.238s] [34mcolcon.colcon_core.package_discovery[0m [1;30mLevel 1[0m discover_packages(ignore) discover
[5.238s] [34mcolcon.colcon_core.package_discovery[0m [1;30mLevel 1[0m discover_packages(ignore) using defaults
[5.238s] [34mcolcon.colcon_core.package_discovery[0m [1;30mLevel 1[0m discover_packages(path) discover
[5.239s] [34mcolcon.colcon_core.package_discovery[0m [1;30mLevel 1[0m discover_packages(path) using defaults
[5.413s] [34mcolcon.colcon_core.package_selection[0m [1;30mINFO[0m Skipping not selected package 'my_robot_controller' in 'ros2_Ws/src/my_robot_controller'
[5.413s] [34mcolcon.colcon_core.package_selection[0m [1;30mINFO[0m Skipping not selected package 'my_drone_launcher' in 'ros2_Ws/src/my_drone_launcher'
[5.414s] [34mcolcon.colcon_core.package_discovery[0m [1;30mLevel 1[0m discover_packages(prefix_path) check parameters
[5.414s] [34mcolcon.colcon_core.package_discovery[0m [1;30mLevel 1[0m discover_packages(prefix_path) discover
[5.488s] [34mcolcon.colcon_installed_package_information.package_discovery[0m [1;30mDEBUG[0m [32mFound 3 installed packages in /mnt/f/NITS/ANAV/main/ros2_Ws/install[0m
[5.489s] [34mcolcon.colcon_installed_package_information.package_discovery[0m [1;30mDEBUG[0m [32mFound 226 installed packages in /opt/ros/humble[0m
[5.491s] [34mcolcon.colcon_core.package_discovery[0m [1;30mLevel 1[0m discover_packages(prefix_path) using defaults
[5.560s] [34mcolcon.colcon_core.verb[0m [1;30mLevel 5[0m set package 'my_robot_launcher' build argument 'cmake_args' from command line to 'None'
[5.561s] [34mcolcon.colcon_core.verb[0m [1;30mLevel 5[0m set package 'my_robot_launcher' build argument 'cmake_target' from command line to 'None'
[5.561s] [34mcolcon.colcon_core.verb[0m [1;30mLevel 5[0m set package 'my_robot_launcher' build argument 'cmake_target_skip_unavailable' from command line to 'False'
[5.561s] [34mcolcon.colcon_core.verb[0m [1;30mLevel 5[0m set package 'my_robot_launcher' build argument 'cmake_clean_cache' from command line to 'False'
[5.562s] [34mcolcon.colcon_core.verb[0m [1;30mLevel 5[0m set package 'my_robot_launcher' build argument 'cmake_clean_first' from command line to 'False'
[5.562s] [34mcolcon.colcon_core.verb[0m [1;30mLevel 5[0m set package 'my_robot_launcher' build argument 'cmake_force_configure' from command line to 'False'
[5.562s] [34mcolcon.colcon_core.verb[0m [1;30mLevel 5[0m set package 'my_robot_launcher' build argument 'ament_cmake_args' from command line to 'None'
[5.563s] [34mcolcon.colcon_core.verb[0m [1;30mLevel 5[0m set package 'my_robot_launcher' build argument 'catkin_cmake_args' from command line to 'None'
[5.563s] [34mcolcon.colcon_core.verb[0m [1;30mLevel 5[0m set package 'my_robot_launcher' build argument 'catkin_skip_building_tests' from command line to 'False'
[5.563s] [34mcolcon.colcon_core.verb[0m [1;30mDEBUG[0m [32mBuilding package 'my_robot_launcher' with the following arguments: {'ament_cmake_args': None, 'build_base': '/mnt/f/NITS/ANAV/main/build/my_robot_launcher', 'catkin_cmake_args': None, 'catkin_skip_building_tests': False, 'cmake_args': None, 'cmake_clean_cache': False, 'cmake_clean_first': False, 'cmake_force_configure': False, 'cmake_target': None, 'cmake_target_skip_unavailable': False, 'install_base': '/mnt/f/NITS/ANAV/main/install/my_robot_launcher', 'merge_install': False, 'path': '/mnt/f/NITS/ANAV/main/ros2_Ws/src/my_robot_launcher', 'symlink_install': False, 'test_result_base': None}[0m
[5.564s] [34mcolcon.colcon_core.executor[0m [1;30mINFO[0m Executing jobs using 'parallel' executor
[5.565s] [34mcolcon.colcon_parallel_executor.executor.parallel[0m [1;30mDEBUG[0m [32mrun_until_complete[0m
[5.566s] [34mcolcon.colcon_ros.task.ament_cmake.build[0m [1;30mINFO[0m Building ROS package in '/mnt/f/NITS/ANAV/main/ros2_Ws/src/my_robot_launcher' with build type 'ament_cmake'
[5.566s] [34mcolcon.colcon_cmake.task.cmake.build[0m [1;30mINFO[0m Building CMake package in '/mnt/f/NITS/ANAV/main/ros2_Ws/src/my_robot_launcher'
[5.676s] [34mcolcon.colcon_core.plugin_system[0m [1;30mINFO[0m Skipping extension 'colcon_core.shell.bat': Not used on non-Windows systems
[5.677s] [34mcolcon.colcon_core.shell[0m [1;30mINFO[0m Skip shell extension 'powershell' for command environment: Not usable outside of PowerShell
[5.680s] [34mcolcon.colcon_core.shell[0m [1;30mDEBUG[0m [32mSkip shell extension 'dsv' for command environment[0m
[5.748s] [34mcolcon.colcon_core.shell[0m [1;30mWARNING[0m [33mThe following packages are in the workspace but haven't been built:
- my_robot_controller
They are being used from the following locations instead:
- /mnt/f/NITS/ANAV/main/ros2_Ws/install/my_robot_controller
To suppress this warning ignore these packages in the workspace:
--packages-ignore my_robot_controller[0m
[5.856s] [34mcolcon.colcon_core.event_handler.log_command[0m [1;30mDEBUG[0m [32mInvoking command in '/mnt/f/NITS/ANAV/main/build/my_robot_launcher': CMAKE_PREFIX_PATH=${CMAKE_PREFIX_PATH}:/mnt/f/NITS/ANAV/main/ros2_Ws/install/my_robot_controller:/opt/ros/humble /usr/bin/cmake /mnt/f/NITS/ANAV/main/ros2_Ws/src/my_robot_launcher -DCMAKE_INSTALL_PREFIX=/mnt/f/NITS/ANAV/main/install/my_robot_launcher[0m
[14.220s] [34mcolcon.colcon_parallel_executor.executor.parallel[0m [1;30mDEBUG[0m [32mrun_until_complete was interrupted[0m
[14.220s] [34mcolcon.colcon_parallel_executor.executor.parallel[0m [1;30mDEBUG[0m [32mrun_until_complete again[0m
[14.237s] [34mcolcon.colcon_core.event_handler.log_command[0m [1;30mDEBUG[0m [32mInvoked command in '/mnt/f/NITS/ANAV/main/build/my_robot_launcher' returned '-2': CMAKE_PREFIX_PATH=${CMAKE_PREFIX_PATH}:/mnt/f/NITS/ANAV/main/ros2_Ws/install/my_robot_controller:/opt/ros/humble /usr/bin/cmake /mnt/f/NITS/ANAV/main/ros2_Ws/src/my_robot_launcher -DCMAKE_INSTALL_PREFIX=/mnt/f/NITS/ANAV/main/install/my_robot_launcher[0m
[14.263s] [34mcolcon.colcon_core.environment[0m [1;30mLevel 1[0m create_environment_scripts_only(my_robot_launcher)
[14.280s] [34mcolcon.colcon_core.environment[0m [1;30mLevel 1[0m checking '/mnt/f/NITS/ANAV/main/install/my_robot_launcher' for CMake module files
[14.288s] [34mcolcon.colcon_core.environment[0m [1;30mLevel 1[0m checking '/mnt/f/NITS/ANAV/main/install/my_robot_launcher' for CMake config files
[14.290s] [34mcolcon.colcon_core.environment[0m [1;30mLevel 1[0m checking '/mnt/f/NITS/ANAV/main/install/my_robot_launcher/bin'
[14.290s] [34mcolcon.colcon_core.environment[0m [1;30mLevel 1[0m checking '/mnt/f/NITS/ANAV/main/install/my_robot_launcher/lib/pkgconfig/my_robot_launcher.pc'
[14.291s] [34mcolcon.colcon_core.environment[0m [1;30mLevel 1[0m checking '/mnt/f/NITS/ANAV/main/install/my_robot_launcher/lib/python3.10/site-packages'
[14.292s] [34mcolcon.colcon_core.environment[0m [1;30mLevel 1[0m checking '/mnt/f/NITS/ANAV/main/install/my_robot_launcher/bin'
[14.293s] [34mcolcon.colcon_core.shell[0m [1;30mINFO[0m Creating package script '/mnt/f/NITS/ANAV/main/install/my_robot_launcher/share/my_robot_launcher/package.ps1'
[14.305s] [34mcolcon.colcon_core.shell[0m [1;30mINFO[0m Creating package descriptor '/mnt/f/NITS/ANAV/main/install/my_robot_launcher/share/my_robot_launcher/package.dsv'
[14.314s] [34mcolcon.colcon_core.shell[0m [1;30mINFO[0m Creating package script '/mnt/f/NITS/ANAV/main/install/my_robot_launcher/share/my_robot_launcher/package.sh'
[14.323s] [34mcolcon.colcon_core.shell[0m [1;30mINFO[0m Creating package script '/mnt/f/NITS/ANAV/main/install/my_robot_launcher/share/my_robot_launcher/package.bash'
[14.346s] [34mcolcon.colcon_core.shell[0m [1;30mINFO[0m Creating package script '/mnt/f/NITS/ANAV/main/install/my_robot_launcher/share/my_robot_launcher/package.zsh'
[14.358s] [34mcolcon.colcon_core.environment[0m [1;30mLevel 1[0m create_file_with_runtime_dependencies(/mnt/f/NITS/ANAV/main/install/my_robot_launcher/share/colcon-core/packages/my_robot_launcher)
[14.378s] [34mcolcon.colcon_parallel_executor.executor.parallel[0m [1;30mDEBUG[0m [32mrun_until_complete finished[0m
[14.421s] [34mcolcon.colcon_parallel_executor.executor.parallel[0m [1;30mDEBUG[0m [32mclosing loop[0m
[14.425s] [34mcolcon.colcon_parallel_executor.executor.parallel[0m [1;30mDEBUG[0m [32mloop closed[0m
[14.427s] [34mcolcon.colcon_core.event_reactor[0m [1;30mDEBUG[0m [32mjoining thread[0m
[14.742s] [34mcolcon.colcon_core.plugin_system[0m [1;30mINFO[0m Skipping extension 'colcon_notification.desktop_notification.notify_send': Could not find 'notify-send'
[14.742s] [34mcolcon.colcon_core.plugin_system[0m [1;30mINFO[0m Skipping extension 'colcon_notification.desktop_notification.terminal_notifier': Not used on non-Darwin systems
[14.743s] [34mcolcon.colcon_core.plugin_system[0m [1;30mINFO[0m Skipping extension 'colcon_notification.desktop_notification.win32': Not used on non-Windows systems
[14.743s] [34mcolcon.colcon_notification.desktop_notification[0m [1;30mINFO[0m Sending desktop notification using 'notify2'
[15.051s] [34mcolcon.colcon_notification.desktop_notification.notify2[0m [1;30mDEBUG[0m [32mFailed to initialize notify2: org.freedesktop.DBus.Error.FileNotFound: Failed to connect to socket /run/user/1000/bus: No such file or directory[0m
[15.053s] [34mcolcon.colcon_core.event_reactor[0m [1;30mDEBUG[0m [32mjoined thread[0m
[15.055s] [34mcolcon.colcon_core.shell[0m [1;30mINFO[0m Creating prefix script '/mnt/f/NITS/ANAV/main/install/local_setup.ps1'
[15.075s] [34mcolcon.colcon_core.shell[0m [1;30mINFO[0m Creating prefix util module '/mnt/f/NITS/ANAV/main/install/_local_setup_util_ps1.py'
[15.091s] [34mcolcon.colcon_core.shell[0m [1;30mINFO[0m Creating prefix chain script '/mnt/f/NITS/ANAV/main/install/setup.ps1'
[15.126s] [34mcolcon.colcon_core.shell[0m [1;30mINFO[0m Creating prefix script '/mnt/f/NITS/ANAV/main/install/local_setup.sh'
[15.131s] [34mcolcon.colcon_core.shell[0m [1;30mINFO[0m Creating prefix util module '/mnt/f/NITS/ANAV/main/install/_local_setup_util_sh.py'
[15.137s] [34mcolcon.colcon_core.shell[0m [1;30mINFO[0m Creating prefix chain script '/mnt/f/NITS/ANAV/main/install/setup.sh'
[15.171s] [34mcolcon.colcon_core.shell[0m [1;30mINFO[0m Creating prefix script '/mnt/f/NITS/ANAV/main/install/local_setup.bash'
[15.176s] [34mcolcon.colcon_core.shell[0m [1;30mINFO[0m Creating prefix chain script '/mnt/f/NITS/ANAV/main/install/setup.bash'
[15.208s] [34mcolcon.colcon_core.shell[0m [1;30mINFO[0m Creating prefix script '/mnt/f/NITS/ANAV/main/install/local_setup.zsh'
[15.213s] [34mcolcon.colcon_core.shell[0m [1;30mINFO[0m Creating prefix chain script '/mnt/f/NITS/ANAV/main/install/setup.zsh'
