[0.242s] DEBUG:colcon:Command line arguments: ['/usr/bin/colcon', 'build', '--packages-select', 'boundary_mapper', 'boundary_mapper_launcher', '--symlink-install']
[0.242s] DEBUG:colcon:Parsed command line arguments: Namespace(log_base=None, log_level=None, verb_name='build', build_base='build', install_base='install', merge_install=False, symlink_install=True, test_result_base=None, continue_on_error=False, executor='parallel', parallel_workers=6, event_handlers=None, ignore_user_meta=False, metas=['./colcon.meta'], base_paths=['.'], packages_ignore=None, packages_ignore_regex=None, paths=None, packages_up_to=None, packages_up_to_regex=None, packages_above=None, packages_above_and_dependencies=None, packages_above_depth=None, packages_select_by_dep=None, packages_skip_by_dep=None, packages_skip_up_to=None, packages_select_build_failed=False, packages_skip_build_finished=False, packages_select_test_failures=False, packages_skip_test_passed=False, packages_select=['boundary_mapper', 'boundary_mapper_launcher'], packages_skip=None, packages_select_regex=None, packages_skip_regex=None, packages_start=None, packages_end=None, allow_overriding=[], cmake_args=None, cmake_target=None, cmake_target_skip_unavailable=False, cmake_clean_cache=False, cmake_clean_first=False, cmake_force_configure=False, ament_cmake_args=None, catkin_cmake_args=None, catkin_skip_building_tests=False, mixin_files=None, mixin=None, verb_parser=<colcon_mixin.mixin.mixin_argument.MixinArgumentDecorator object at 0xffffb809c040>, verb_extension=<colcon_core.verb.build.BuildVerb object at 0xffffb82595a0>, main=<bound method BuildVerb.main of <colcon_core.verb.build.BuildVerb object at 0xffffb82595a0>>, mixin_verb=('build',))
[0.330s] Level 1:colcon.colcon_core.package_discovery:discover_packages(colcon_meta) check parameters
[0.331s] Level 1:colcon.colcon_core.package_discovery:discover_packages(recursive) check parameters
[0.331s] Level 1:colcon.colcon_core.package_discovery:discover_packages(ignore) check parameters
[0.331s] Level 1:colcon.colcon_core.package_discovery:discover_packages(path) check parameters
[0.331s] Level 1:colcon.colcon_core.package_discovery:discover_packages(colcon_meta) discover
[0.331s] Level 1:colcon.colcon_core.package_discovery:discover_packages(recursive) discover
[0.331s] INFO:colcon.colcon_core.package_discovery:Crawling recursively for packages in '/home/nits/master_controller/nits-yantrarnav'
[0.332s] Level 1:colcon.colcon_core.package_identification:_identify(.) by extensions ['ignore', 'ignore_ament_install']
[0.332s] Level 1:colcon.colcon_core.package_identification:_identify(.) by extension 'ignore'
[0.332s] Level 1:colcon.colcon_core.package_identification:_identify(.) by extension 'ignore_ament_install'
[0.332s] Level 1:colcon.colcon_core.package_identification:_identify(.) by extensions ['colcon_pkg']
[0.332s] Level 1:colcon.colcon_core.package_identification:_identify(.) by extension 'colcon_pkg'
[0.332s] Level 1:colcon.colcon_core.package_identification:_identify(.) by extensions ['colcon_meta']
[0.332s] Level 1:colcon.colcon_core.package_identification:_identify(.) by extension 'colcon_meta'
[0.333s] Level 1:colcon.colcon_core.package_identification:_identify(.) by extensions ['ros']
[0.333s] Level 1:colcon.colcon_core.package_identification:_identify(.) by extension 'ros'
[0.364s] Level 1:colcon.colcon_core.package_identification:_identify(.) by extensions ['cmake', 'python']
[0.365s] Level 1:colcon.colcon_core.package_identification:_identify(.) by extension 'cmake'
[0.365s] Level 1:colcon.colcon_core.package_identification:_identify(.) by extension 'python'
[0.365s] Level 1:colcon.colcon_core.package_identification:_identify(.) by extensions ['python_setup_py']
[0.365s] Level 1:colcon.colcon_core.package_identification:_identify(.) by extension 'python_setup_py'
[0.365s] Level 1:colcon.colcon_core.package_identification:_identify(ML) by extensions ['ignore', 'ignore_ament_install']
[0.366s] Level 1:colcon.colcon_core.package_identification:_identify(ML) by extension 'ignore'
[0.366s] Level 1:colcon.colcon_core.package_identification:_identify(ML) by extension 'ignore_ament_install'
[0.366s] Level 1:colcon.colcon_core.package_identification:_identify(ML) by extensions ['colcon_pkg']
[0.366s] Level 1:colcon.colcon_core.package_identification:_identify(ML) by extension 'colcon_pkg'
[0.366s] Level 1:colcon.colcon_core.package_identification:_identify(ML) by extensions ['colcon_meta']
[0.366s] Level 1:colcon.colcon_core.package_identification:_identify(ML) by extension 'colcon_meta'
[0.366s] Level 1:colcon.colcon_core.package_identification:_identify(ML) by extensions ['ros']
[0.366s] Level 1:colcon.colcon_core.package_identification:_identify(ML) by extension 'ros'
[0.366s] Level 1:colcon.colcon_core.package_identification:_identify(ML) by extensions ['cmake', 'python']
[0.367s] Level 1:colcon.colcon_core.package_identification:_identify(ML) by extension 'cmake'
[0.367s] Level 1:colcon.colcon_core.package_identification:_identify(ML) by extension 'python'
[0.367s] Level 1:colcon.colcon_core.package_identification:_identify(ML) by extensions ['python_setup_py']
[0.367s] Level 1:colcon.colcon_core.package_identification:_identify(ML) by extension 'python_setup_py'
[0.367s] Level 1:colcon.colcon_core.package_identification:_identify(build) by extensions ['ignore', 'ignore_ament_install']
[0.367s] Level 1:colcon.colcon_core.package_identification:_identify(build) by extension 'ignore'
[0.367s] Level 1:colcon.colcon_core.package_identification:_identify(build) ignored
[0.368s] Level 1:colcon.colcon_core.package_identification:_identify(frontend) by extensions ['ignore', 'ignore_ament_install']
[0.368s] Level 1:colcon.colcon_core.package_identification:_identify(frontend) by extension 'ignore'
[0.368s] Level 1:colcon.colcon_core.package_identification:_identify(frontend) by extension 'ignore_ament_install'
[0.368s] Level 1:colcon.colcon_core.package_identification:_identify(frontend) by extensions ['colcon_pkg']
[0.368s] Level 1:colcon.colcon_core.package_identification:_identify(frontend) by extension 'colcon_pkg'
[0.368s] Level 1:colcon.colcon_core.package_identification:_identify(frontend) by extensions ['colcon_meta']
[0.368s] Level 1:colcon.colcon_core.package_identification:_identify(frontend) by extension 'colcon_meta'
[0.368s] Level 1:colcon.colcon_core.package_identification:_identify(frontend) by extensions ['ros']
[0.368s] Level 1:colcon.colcon_core.package_identification:_identify(frontend) by extension 'ros'
[0.369s] Level 1:colcon.colcon_core.package_identification:_identify(frontend) by extensions ['cmake', 'python']
[0.369s] Level 1:colcon.colcon_core.package_identification:_identify(frontend) by extension 'cmake'
[0.369s] Level 1:colcon.colcon_core.package_identification:_identify(frontend) by extension 'python'
[0.369s] Level 1:colcon.colcon_core.package_identification:_identify(frontend) by extensions ['python_setup_py']
[0.369s] Level 1:colcon.colcon_core.package_identification:_identify(frontend) by extension 'python_setup_py'
[0.369s] Level 1:colcon.colcon_core.package_identification:_identify(frontend/static) by extensions ['ignore', 'ignore_ament_install']
[0.369s] Level 1:colcon.colcon_core.package_identification:_identify(frontend/static) by extension 'ignore'
[0.369s] Level 1:colcon.colcon_core.package_identification:_identify(frontend/static) by extension 'ignore_ament_install'
[0.370s] Level 1:colcon.colcon_core.package_identification:_identify(frontend/static) by extensions ['colcon_pkg']
[0.370s] Level 1:colcon.colcon_core.package_identification:_identify(frontend/static) by extension 'colcon_pkg'
[0.370s] Level 1:colcon.colcon_core.package_identification:_identify(frontend/static) by extensions ['colcon_meta']
[0.370s] Level 1:colcon.colcon_core.package_identification:_identify(frontend/static) by extension 'colcon_meta'
[0.370s] Level 1:colcon.colcon_core.package_identification:_identify(frontend/static) by extensions ['ros']
[0.370s] Level 1:colcon.colcon_core.package_identification:_identify(frontend/static) by extension 'ros'
[0.370s] Level 1:colcon.colcon_core.package_identification:_identify(frontend/static) by extensions ['cmake', 'python']
[0.370s] Level 1:colcon.colcon_core.package_identification:_identify(frontend/static) by extension 'cmake'
[0.370s] Level 1:colcon.colcon_core.package_identification:_identify(frontend/static) by extension 'python'
[0.370s] Level 1:colcon.colcon_core.package_identification:_identify(frontend/static) by extensions ['python_setup_py']
[0.371s] Level 1:colcon.colcon_core.package_identification:_identify(frontend/static) by extension 'python_setup_py'
[0.371s] Level 1:colcon.colcon_core.package_identification:_identify(frontend/static/others) by extensions ['ignore', 'ignore_ament_install']
[0.371s] Level 1:colcon.colcon_core.package_identification:_identify(frontend/static/others) by extension 'ignore'
[0.371s] Level 1:colcon.colcon_core.package_identification:_identify(frontend/static/others) by extension 'ignore_ament_install'
[0.371s] Level 1:colcon.colcon_core.package_identification:_identify(frontend/static/others) by extensions ['colcon_pkg']
[0.371s] Level 1:colcon.colcon_core.package_identification:_identify(frontend/static/others) by extension 'colcon_pkg'
[0.371s] Level 1:colcon.colcon_core.package_identification:_identify(frontend/static/others) by extensions ['colcon_meta']
[0.371s] Level 1:colcon.colcon_core.package_identification:_identify(frontend/static/others) by extension 'colcon_meta'
[0.372s] Level 1:colcon.colcon_core.package_identification:_identify(frontend/static/others) by extensions ['ros']
[0.372s] Level 1:colcon.colcon_core.package_identification:_identify(frontend/static/others) by extension 'ros'
[0.372s] Level 1:colcon.colcon_core.package_identification:_identify(frontend/static/others) by extensions ['cmake', 'python']
[0.372s] Level 1:colcon.colcon_core.package_identification:_identify(frontend/static/others) by extension 'cmake'
[0.372s] Level 1:colcon.colcon_core.package_identification:_identify(frontend/static/others) by extension 'python'
[0.372s] Level 1:colcon.colcon_core.package_identification:_identify(frontend/static/others) by extensions ['python_setup_py']
[0.372s] Level 1:colcon.colcon_core.package_identification:_identify(frontend/static/others) by extension 'python_setup_py'
[0.372s] Level 1:colcon.colcon_core.package_identification:_identify(frontend/static/src) by extensions ['ignore', 'ignore_ament_install']
[0.372s] Level 1:colcon.colcon_core.package_identification:_identify(frontend/static/src) by extension 'ignore'
[0.373s] Level 1:colcon.colcon_core.package_identification:_identify(frontend/static/src) by extension 'ignore_ament_install'
[0.373s] Level 1:colcon.colcon_core.package_identification:_identify(frontend/static/src) by extensions ['colcon_pkg']
[0.373s] Level 1:colcon.colcon_core.package_identification:_identify(frontend/static/src) by extension 'colcon_pkg'
[0.373s] Level 1:colcon.colcon_core.package_identification:_identify(frontend/static/src) by extensions ['colcon_meta']
[0.373s] Level 1:colcon.colcon_core.package_identification:_identify(frontend/static/src) by extension 'colcon_meta'
[0.373s] Level 1:colcon.colcon_core.package_identification:_identify(frontend/static/src) by extensions ['ros']
[0.373s] Level 1:colcon.colcon_core.package_identification:_identify(frontend/static/src) by extension 'ros'
[0.373s] Level 1:colcon.colcon_core.package_identification:_identify(frontend/static/src) by extensions ['cmake', 'python']
[0.373s] Level 1:colcon.colcon_core.package_identification:_identify(frontend/static/src) by extension 'cmake'
[0.373s] Level 1:colcon.colcon_core.package_identification:_identify(frontend/static/src) by extension 'python'
[0.374s] Level 1:colcon.colcon_core.package_identification:_identify(frontend/static/src) by extensions ['python_setup_py']
[0.374s] Level 1:colcon.colcon_core.package_identification:_identify(frontend/static/src) by extension 'python_setup_py'
[0.374s] Level 1:colcon.colcon_core.package_identification:_identify(install) by extensions ['ignore', 'ignore_ament_install']
[0.374s] Level 1:colcon.colcon_core.package_identification:_identify(install) by extension 'ignore'
[0.374s] Level 1:colcon.colcon_core.package_identification:_identify(install) ignored
[0.374s] Level 1:colcon.colcon_core.package_identification:_identify(log) by extensions ['ignore', 'ignore_ament_install']
[0.374s] Level 1:colcon.colcon_core.package_identification:_identify(log) by extension 'ignore'
[0.375s] Level 1:colcon.colcon_core.package_identification:_identify(log) ignored
[0.375s] Level 1:colcon.colcon_core.package_identification:_identify(node_modules) by extensions ['ignore', 'ignore_ament_install']
[0.375s] Level 1:colcon.colcon_core.package_identification:_identify(node_modules) by extension 'ignore'
[0.375s] Level 1:colcon.colcon_core.package_identification:_identify(node_modules) by extension 'ignore_ament_install'
[0.375s] Level 1:colcon.colcon_core.package_identification:_identify(node_modules) by extensions ['colcon_pkg']
[0.375s] Level 1:colcon.colcon_core.package_identification:_identify(node_modules) by extension 'colcon_pkg'
[0.375s] Level 1:colcon.colcon_core.package_identification:_identify(node_modules) by extensions ['colcon_meta']
[0.375s] Level 1:colcon.colcon_core.package_identification:_identify(node_modules) by extension 'colcon_meta'
[0.376s] Level 1:colcon.colcon_core.package_identification:_identify(node_modules) by extensions ['ros']
[0.376s] Level 1:colcon.colcon_core.package_identification:_identify(node_modules) by extension 'ros'
[0.376s] Level 1:colcon.colcon_core.package_identification:_identify(node_modules) by extensions ['cmake', 'python']
[0.376s] Level 1:colcon.colcon_core.package_identification:_identify(node_modules) by extension 'cmake'
[0.376s] Level 1:colcon.colcon_core.package_identification:_identify(node_modules) by extension 'python'
[0.376s] Level 1:colcon.colcon_core.package_identification:_identify(node_modules) by extensions ['python_setup_py']
[0.376s] Level 1:colcon.colcon_core.package_identification:_identify(node_modules) by extension 'python_setup_py'
[0.376s] Level 1:colcon.colcon_core.package_identification:_identify(node_modules/@parcel) by extensions ['ignore', 'ignore_ament_install']
[0.376s] Level 1:colcon.colcon_core.package_identification:_identify(node_modules/@parcel) by extension 'ignore'
[0.377s] Level 1:colcon.colcon_core.package_identification:_identify(node_modules/@parcel) by extension 'ignore_ament_install'
[0.377s] Level 1:colcon.colcon_core.package_identification:_identify(node_modules/@parcel) by extensions ['colcon_pkg']
[0.377s] Level 1:colcon.colcon_core.package_identification:_identify(node_modules/@parcel) by extension 'colcon_pkg'
[0.377s] Level 1:colcon.colcon_core.package_identification:_identify(node_modules/@parcel) by extensions ['colcon_meta']
[0.377s] Level 1:colcon.colcon_core.package_identification:_identify(node_modules/@parcel) by extension 'colcon_meta'
[0.377s] Level 1:colcon.colcon_core.package_identification:_identify(node_modules/@parcel) by extensions ['ros']
[0.377s] Level 1:colcon.colcon_core.package_identification:_identify(node_modules/@parcel) by extension 'ros'
[0.377s] Level 1:colcon.colcon_core.package_identification:_identify(node_modules/@parcel) by extensions ['cmake', 'python']
[0.377s] Level 1:colcon.colcon_core.package_identification:_identify(node_modules/@parcel) by extension 'cmake'
[0.377s] Level 1:colcon.colcon_core.package_identification:_identify(node_modules/@parcel) by extension 'python'
[0.377s] Level 1:colcon.colcon_core.package_identification:_identify(node_modules/@parcel) by extensions ['python_setup_py']
[0.378s] Level 1:colcon.colcon_core.package_identification:_identify(node_modules/@parcel) by extension 'python_setup_py'
[0.378s] Level 1:colcon.colcon_core.package_identification:_identify(node_modules/@parcel/watcher) by extensions ['ignore', 'ignore_ament_install']
[0.378s] Level 1:colcon.colcon_core.package_identification:_identify(node_modules/@parcel/watcher) by extension 'ignore'
[0.378s] Level 1:colcon.colcon_core.package_identification:_identify(node_modules/@parcel/watcher) by extension 'ignore_ament_install'
[0.378s] Level 1:colcon.colcon_core.package_identification:_identify(node_modules/@parcel/watcher) by extensions ['colcon_pkg']
[0.378s] Level 1:colcon.colcon_core.package_identification:_identify(node_modules/@parcel/watcher) by extension 'colcon_pkg'
[0.378s] Level 1:colcon.colcon_core.package_identification:_identify(node_modules/@parcel/watcher) by extensions ['colcon_meta']
[0.378s] Level 1:colcon.colcon_core.package_identification:_identify(node_modules/@parcel/watcher) by extension 'colcon_meta'
[0.379s] Level 1:colcon.colcon_core.package_identification:_identify(node_modules/@parcel/watcher) by extensions ['ros']
[0.379s] Level 1:colcon.colcon_core.package_identification:_identify(node_modules/@parcel/watcher) by extension 'ros'
[0.379s] Level 1:colcon.colcon_core.package_identification:_identify(node_modules/@parcel/watcher) by extensions ['cmake', 'python']
[0.379s] Level 1:colcon.colcon_core.package_identification:_identify(node_modules/@parcel/watcher) by extension 'cmake'
[0.379s] Level 1:colcon.colcon_core.package_identification:_identify(node_modules/@parcel/watcher) by extension 'python'
[0.379s] Level 1:colcon.colcon_core.package_identification:_identify(node_modules/@parcel/watcher) by extensions ['python_setup_py']
[0.379s] Level 1:colcon.colcon_core.package_identification:_identify(node_modules/@parcel/watcher) by extension 'python_setup_py'
[0.379s] Level 1:colcon.colcon_core.package_identification:_identify(node_modules/@parcel/watcher/scripts) by extensions ['ignore', 'ignore_ament_install']
[0.380s] Level 1:colcon.colcon_core.package_identification:_identify(node_modules/@parcel/watcher/scripts) by extension 'ignore'
[0.380s] Level 1:colcon.colcon_core.package_identification:_identify(node_modules/@parcel/watcher/scripts) by extension 'ignore_ament_install'
[0.380s] Level 1:colcon.colcon_core.package_identification:_identify(node_modules/@parcel/watcher/scripts) by extensions ['colcon_pkg']
[0.380s] Level 1:colcon.colcon_core.package_identification:_identify(node_modules/@parcel/watcher/scripts) by extension 'colcon_pkg'
[0.380s] Level 1:colcon.colcon_core.package_identification:_identify(node_modules/@parcel/watcher/scripts) by extensions ['colcon_meta']
[0.380s] Level 1:colcon.colcon_core.package_identification:_identify(node_modules/@parcel/watcher/scripts) by extension 'colcon_meta'
[0.380s] Level 1:colcon.colcon_core.package_identification:_identify(node_modules/@parcel/watcher/scripts) by extensions ['ros']
[0.380s] Level 1:colcon.colcon_core.package_identification:_identify(node_modules/@parcel/watcher/scripts) by extension 'ros'
[0.380s] Level 1:colcon.colcon_core.package_identification:_identify(node_modules/@parcel/watcher/scripts) by extensions ['cmake', 'python']
[0.380s] Level 1:colcon.colcon_core.package_identification:_identify(node_modules/@parcel/watcher/scripts) by extension 'cmake'
[0.380s] Level 1:colcon.colcon_core.package_identification:_identify(node_modules/@parcel/watcher/scripts) by extension 'python'
[0.381s] Level 1:colcon.colcon_core.package_identification:_identify(node_modules/@parcel/watcher/scripts) by extensions ['python_setup_py']
[0.381s] Level 1:colcon.colcon_core.package_identification:_identify(node_modules/@parcel/watcher/scripts) by extension 'python_setup_py'
[0.381s] Level 1:colcon.colcon_core.package_identification:_identify(node_modules/@parcel/watcher/src) by extensions ['ignore', 'ignore_ament_install']
[0.381s] Level 1:colcon.colcon_core.package_identification:_identify(node_modules/@parcel/watcher/src) by extension 'ignore'
[0.381s] Level 1:colcon.colcon_core.package_identification:_identify(node_modules/@parcel/watcher/src) by extension 'ignore_ament_install'
[0.381s] Level 1:colcon.colcon_core.package_identification:_identify(node_modules/@parcel/watcher/src) by extensions ['colcon_pkg']
[0.381s] Level 1:colcon.colcon_core.package_identification:_identify(node_modules/@parcel/watcher/src) by extension 'colcon_pkg'
[0.381s] Level 1:colcon.colcon_core.package_identification:_identify(node_modules/@parcel/watcher/src) by extensions ['colcon_meta']
[0.381s] Level 1:colcon.colcon_core.package_identification:_identify(node_modules/@parcel/watcher/src) by extension 'colcon_meta'
[0.382s] Level 1:colcon.colcon_core.package_identification:_identify(node_modules/@parcel/watcher/src) by extensions ['ros']
[0.382s] Level 1:colcon.colcon_core.package_identification:_identify(node_modules/@parcel/watcher/src) by extension 'ros'
[0.382s] Level 1:colcon.colcon_core.package_identification:_identify(node_modules/@parcel/watcher/src) by extensions ['cmake', 'python']
[0.382s] Level 1:colcon.colcon_core.package_identification:_identify(node_modules/@parcel/watcher/src) by extension 'cmake'
[0.382s] Level 1:colcon.colcon_core.package_identification:_identify(node_modules/@parcel/watcher/src) by extension 'python'
[0.382s] Level 1:colcon.colcon_core.package_identification:_identify(node_modules/@parcel/watcher/src) by extensions ['python_setup_py']
[0.382s] Level 1:colcon.colcon_core.package_identification:_identify(node_modules/@parcel/watcher/src) by extension 'python_setup_py'
[0.382s] Level 1:colcon.colcon_core.package_identification:_identify(node_modules/@parcel/watcher/src/kqueue) by extensions ['ignore', 'ignore_ament_install']
[0.383s] Level 1:colcon.colcon_core.package_identification:_identify(node_modules/@parcel/watcher/src/kqueue) by extension 'ignore'
[0.383s] Level 1:colcon.colcon_core.package_identification:_identify(node_modules/@parcel/watcher/src/kqueue) by extension 'ignore_ament_install'
[0.383s] Level 1:colcon.colcon_core.package_identification:_identify(node_modules/@parcel/watcher/src/kqueue) by extensions ['colcon_pkg']
[0.383s] Level 1:colcon.colcon_core.package_identification:_identify(node_modules/@parcel/watcher/src/kqueue) by extension 'colcon_pkg'
[0.383s] Level 1:colcon.colcon_core.package_identification:_identify(node_modules/@parcel/watcher/src/kqueue) by extensions ['colcon_meta']
[0.383s] Level 1:colcon.colcon_core.package_identification:_identify(node_modules/@parcel/watcher/src/kqueue) by extension 'colcon_meta'
[0.383s] Level 1:colcon.colcon_core.package_identification:_identify(node_modules/@parcel/watcher/src/kqueue) by extensions ['ros']
[0.383s] Level 1:colcon.colcon_core.package_identification:_identify(node_modules/@parcel/watcher/src/kqueue) by extension 'ros'
[0.383s] Level 1:colcon.colcon_core.package_identification:_identify(node_modules/@parcel/watcher/src/kqueue) by extensions ['cmake', 'python']
[0.383s] Level 1:colcon.colcon_core.package_identification:_identify(node_modules/@parcel/watcher/src/kqueue) by extension 'cmake'
[0.384s] Level 1:colcon.colcon_core.package_identification:_identify(node_modules/@parcel/watcher/src/kqueue) by extension 'python'
[0.384s] Level 1:colcon.colcon_core.package_identification:_identify(node_modules/@parcel/watcher/src/kqueue) by extensions ['python_setup_py']
[0.384s] Level 1:colcon.colcon_core.package_identification:_identify(node_modules/@parcel/watcher/src/kqueue) by extension 'python_setup_py'
[0.384s] Level 1:colcon.colcon_core.package_identification:_identify(node_modules/@parcel/watcher/src/linux) by extensions ['ignore', 'ignore_ament_install']
[0.384s] Level 1:colcon.colcon_core.package_identification:_identify(node_modules/@parcel/watcher/src/linux) by extension 'ignore'
[0.384s] Level 1:colcon.colcon_core.package_identification:_identify(node_modules/@parcel/watcher/src/linux) by extension 'ignore_ament_install'
[0.384s] Level 1:colcon.colcon_core.package_identification:_identify(node_modules/@parcel/watcher/src/linux) by extensions ['colcon_pkg']
[0.384s] Level 1:colcon.colcon_core.package_identification:_identify(node_modules/@parcel/watcher/src/linux) by extension 'colcon_pkg'
[0.384s] Level 1:colcon.colcon_core.package_identification:_identify(node_modules/@parcel/watcher/src/linux) by extensions ['colcon_meta']
[0.385s] Level 1:colcon.colcon_core.package_identification:_identify(node_modules/@parcel/watcher/src/linux) by extension 'colcon_meta'
[0.385s] Level 1:colcon.colcon_core.package_identification:_identify(node_modules/@parcel/watcher/src/linux) by extensions ['ros']
[0.385s] Level 1:colcon.colcon_core.package_identification:_identify(node_modules/@parcel/watcher/src/linux) by extension 'ros'
[0.385s] Level 1:colcon.colcon_core.package_identification:_identify(node_modules/@parcel/watcher/src/linux) by extensions ['cmake', 'python']
[0.385s] Level 1:colcon.colcon_core.package_identification:_identify(node_modules/@parcel/watcher/src/linux) by extension 'cmake'
[0.385s] Level 1:colcon.colcon_core.package_identification:_identify(node_modules/@parcel/watcher/src/linux) by extension 'python'
[0.385s] Level 1:colcon.colcon_core.package_identification:_identify(node_modules/@parcel/watcher/src/linux) by extensions ['python_setup_py']
[0.385s] Level 1:colcon.colcon_core.package_identification:_identify(node_modules/@parcel/watcher/src/linux) by extension 'python_setup_py'
[0.385s] Level 1:colcon.colcon_core.package_identification:_identify(node_modules/@parcel/watcher/src/macos) by extensions ['ignore', 'ignore_ament_install']
[0.386s] Level 1:colcon.colcon_core.package_identification:_identify(node_modules/@parcel/watcher/src/macos) by extension 'ignore'
[0.386s] Level 1:colcon.colcon_core.package_identification:_identify(node_modules/@parcel/watcher/src/macos) by extension 'ignore_ament_install'
[0.386s] Level 1:colcon.colcon_core.package_identification:_identify(node_modules/@parcel/watcher/src/macos) by extensions ['colcon_pkg']
[0.386s] Level 1:colcon.colcon_core.package_identification:_identify(node_modules/@parcel/watcher/src/macos) by extension 'colcon_pkg'
[0.386s] Level 1:colcon.colcon_core.package_identification:_identify(node_modules/@parcel/watcher/src/macos) by extensions ['colcon_meta']
[0.386s] Level 1:colcon.colcon_core.package_identification:_identify(node_modules/@parcel/watcher/src/macos) by extension 'colcon_meta'
[0.386s] Level 1:colcon.colcon_core.package_identification:_identify(node_modules/@parcel/watcher/src/macos) by extensions ['ros']
[0.386s] Level 1:colcon.colcon_core.package_identification:_identify(node_modules/@parcel/watcher/src/macos) by extension 'ros'
[0.386s] Level 1:colcon.colcon_core.package_identification:_identify(node_modules/@parcel/watcher/src/macos) by extensions ['cmake', 'python']
[0.387s] Level 1:colcon.colcon_core.package_identification:_identify(node_modules/@parcel/watcher/src/macos) by extension 'cmake'
[0.387s] Level 1:colcon.colcon_core.package_identification:_identify(node_modules/@parcel/watcher/src/macos) by extension 'python'
[0.387s] Level 1:colcon.colcon_core.package_identification:_identify(node_modules/@parcel/watcher/src/macos) by extensions ['python_setup_py']
[0.387s] Level 1:colcon.colcon_core.package_identification:_identify(node_modules/@parcel/watcher/src/macos) by extension 'python_setup_py'
[0.387s] Level 1:colcon.colcon_core.package_identification:_identify(node_modules/@parcel/watcher/src/shared) by extensions ['ignore', 'ignore_ament_install']
[0.387s] Level 1:colcon.colcon_core.package_identification:_identify(node_modules/@parcel/watcher/src/shared) by extension 'ignore'
[0.387s] Level 1:colcon.colcon_core.package_identification:_identify(node_modules/@parcel/watcher/src/shared) by extension 'ignore_ament_install'
[0.387s] Level 1:colcon.colcon_core.package_identification:_identify(node_modules/@parcel/watcher/src/shared) by extensions ['colcon_pkg']
[0.387s] Level 1:colcon.colcon_core.package_identification:_identify(node_modules/@parcel/watcher/src/shared) by extension 'colcon_pkg'
[0.388s] Level 1:colcon.colcon_core.package_identification:_identify(node_modules/@parcel/watcher/src/shared) by extensions ['colcon_meta']
[0.388s] Level 1:colcon.colcon_core.package_identification:_identify(node_modules/@parcel/watcher/src/shared) by extension 'colcon_meta'
[0.388s] Level 1:colcon.colcon_core.package_identification:_identify(node_modules/@parcel/watcher/src/shared) by extensions ['ros']
[0.388s] Level 1:colcon.colcon_core.package_identification:_identify(node_modules/@parcel/watcher/src/shared) by extension 'ros'
[0.388s] Level 1:colcon.colcon_core.package_identification:_identify(node_modules/@parcel/watcher/src/shared) by extensions ['cmake', 'python']
[0.388s] Level 1:colcon.colcon_core.package_identification:_identify(node_modules/@parcel/watcher/src/shared) by extension 'cmake'
[0.388s] Level 1:colcon.colcon_core.package_identification:_identify(node_modules/@parcel/watcher/src/shared) by extension 'python'
[0.388s] Level 1:colcon.colcon_core.package_identification:_identify(node_modules/@parcel/watcher/src/shared) by extensions ['python_setup_py']
[0.388s] Level 1:colcon.colcon_core.package_identification:_identify(node_modules/@parcel/watcher/src/shared) by extension 'python_setup_py'
[0.388s] Level 1:colcon.colcon_core.package_identification:_identify(node_modules/@parcel/watcher/src/unix) by extensions ['ignore', 'ignore_ament_install']
[0.389s] Level 1:colcon.colcon_core.package_identification:_identify(node_modules/@parcel/watcher/src/unix) by extension 'ignore'
[0.389s] Level 1:colcon.colcon_core.package_identification:_identify(node_modules/@parcel/watcher/src/unix) by extension 'ignore_ament_install'
[0.389s] Level 1:colcon.colcon_core.package_identification:_identify(node_modules/@parcel/watcher/src/unix) by extensions ['colcon_pkg']
[0.389s] Level 1:colcon.colcon_core.package_identification:_identify(node_modules/@parcel/watcher/src/unix) by extension 'colcon_pkg'
[0.389s] Level 1:colcon.colcon_core.package_identification:_identify(node_modules/@parcel/watcher/src/unix) by extensions ['colcon_meta']
[0.389s] Level 1:colcon.colcon_core.package_identification:_identify(node_modules/@parcel/watcher/src/unix) by extension 'colcon_meta'
[0.389s] Level 1:colcon.colcon_core.package_identification:_identify(node_modules/@parcel/watcher/src/unix) by extensions ['ros']
[0.389s] Level 1:colcon.colcon_core.package_identification:_identify(node_modules/@parcel/watcher/src/unix) by extension 'ros'
[0.389s] Level 1:colcon.colcon_core.package_identification:_identify(node_modules/@parcel/watcher/src/unix) by extensions ['cmake', 'python']
[0.390s] Level 1:colcon.colcon_core.package_identification:_identify(node_modules/@parcel/watcher/src/unix) by extension 'cmake'
[0.390s] Level 1:colcon.colcon_core.package_identification:_identify(node_modules/@parcel/watcher/src/unix) by extension 'python'
[0.390s] Level 1:colcon.colcon_core.package_identification:_identify(node_modules/@parcel/watcher/src/unix) by extensions ['python_setup_py']
[0.390s] Level 1:colcon.colcon_core.package_identification:_identify(node_modules/@parcel/watcher/src/unix) by extension 'python_setup_py'
[0.390s] Level 1:colcon.colcon_core.package_identification:_identify(node_modules/@parcel/watcher/src/wasm) by extensions ['ignore', 'ignore_ament_install']
[0.390s] Level 1:colcon.colcon_core.package_identification:_identify(node_modules/@parcel/watcher/src/wasm) by extension 'ignore'
[0.390s] Level 1:colcon.colcon_core.package_identification:_identify(node_modules/@parcel/watcher/src/wasm) by extension 'ignore_ament_install'
[0.390s] Level 1:colcon.colcon_core.package_identification:_identify(node_modules/@parcel/watcher/src/wasm) by extensions ['colcon_pkg']
[0.390s] Level 1:colcon.colcon_core.package_identification:_identify(node_modules/@parcel/watcher/src/wasm) by extension 'colcon_pkg'
[0.391s] Level 1:colcon.colcon_core.package_identification:_identify(node_modules/@parcel/watcher/src/wasm) by extensions ['colcon_meta']
[0.391s] Level 1:colcon.colcon_core.package_identification:_identify(node_modules/@parcel/watcher/src/wasm) by extension 'colcon_meta'
[0.391s] Level 1:colcon.colcon_core.package_identification:_identify(node_modules/@parcel/watcher/src/wasm) by extensions ['ros']
[0.391s] Level 1:colcon.colcon_core.package_identification:_identify(node_modules/@parcel/watcher/src/wasm) by extension 'ros'
[0.391s] Level 1:colcon.colcon_core.package_identification:_identify(node_modules/@parcel/watcher/src/wasm) by extensions ['cmake', 'python']
[0.391s] Level 1:colcon.colcon_core.package_identification:_identify(node_modules/@parcel/watcher/src/wasm) by extension 'cmake'
[0.391s] Level 1:colcon.colcon_core.package_identification:_identify(node_modules/@parcel/watcher/src/wasm) by extension 'python'
[0.391s] Level 1:colcon.colcon_core.package_identification:_identify(node_modules/@parcel/watcher/src/wasm) by extensions ['python_setup_py']
[0.391s] Level 1:colcon.colcon_core.package_identification:_identify(node_modules/@parcel/watcher/src/wasm) by extension 'python_setup_py'
[0.391s] Level 1:colcon.colcon_core.package_identification:_identify(node_modules/@parcel/watcher/src/watchman) by extensions ['ignore', 'ignore_ament_install']
[0.392s] Level 1:colcon.colcon_core.package_identification:_identify(node_modules/@parcel/watcher/src/watchman) by extension 'ignore'
[0.392s] Level 1:colcon.colcon_core.package_identification:_identify(node_modules/@parcel/watcher/src/watchman) by extension 'ignore_ament_install'
[0.392s] Level 1:colcon.colcon_core.package_identification:_identify(node_modules/@parcel/watcher/src/watchman) by extensions ['colcon_pkg']
[0.392s] Level 1:colcon.colcon_core.package_identification:_identify(node_modules/@parcel/watcher/src/watchman) by extension 'colcon_pkg'
[0.392s] Level 1:colcon.colcon_core.package_identification:_identify(node_modules/@parcel/watcher/src/watchman) by extensions ['colcon_meta']
[0.392s] Level 1:colcon.colcon_core.package_identification:_identify(node_modules/@parcel/watcher/src/watchman) by extension 'colcon_meta'
[0.392s] Level 1:colcon.colcon_core.package_identification:_identify(node_modules/@parcel/watcher/src/watchman) by extensions ['ros']
[0.392s] Level 1:colcon.colcon_core.package_identification:_identify(node_modules/@parcel/watcher/src/watchman) by extension 'ros'
[0.392s] Level 1:colcon.colcon_core.package_identification:_identify(node_modules/@parcel/watcher/src/watchman) by extensions ['cmake', 'python']
[0.393s] Level 1:colcon.colcon_core.package_identification:_identify(node_modules/@parcel/watcher/src/watchman) by extension 'cmake'
[0.393s] Level 1:colcon.colcon_core.package_identification:_identify(node_modules/@parcel/watcher/src/watchman) by extension 'python'
[0.393s] Level 1:colcon.colcon_core.package_identification:_identify(node_modules/@parcel/watcher/src/watchman) by extensions ['python_setup_py']
[0.393s] Level 1:colcon.colcon_core.package_identification:_identify(node_modules/@parcel/watcher/src/watchman) by extension 'python_setup_py'
[0.393s] Level 1:colcon.colcon_core.package_identification:_identify(node_modules/@parcel/watcher/src/windows) by extensions ['ignore', 'ignore_ament_install']
[0.393s] Level 1:colcon.colcon_core.package_identification:_identify(node_modules/@parcel/watcher/src/windows) by extension 'ignore'
[0.393s] Level 1:colcon.colcon_core.package_identification:_identify(node_modules/@parcel/watcher/src/windows) by extension 'ignore_ament_install'
[0.393s] Level 1:colcon.colcon_core.package_identification:_identify(node_modules/@parcel/watcher/src/windows) by extensions ['colcon_pkg']
[0.393s] Level 1:colcon.colcon_core.package_identification:_identify(node_modules/@parcel/watcher/src/windows) by extension 'colcon_pkg'
[0.394s] Level 1:colcon.colcon_core.package_identification:_identify(node_modules/@parcel/watcher/src/windows) by extensions ['colcon_meta']
[0.394s] Level 1:colcon.colcon_core.package_identification:_identify(node_modules/@parcel/watcher/src/windows) by extension 'colcon_meta'
[0.394s] Level 1:colcon.colcon_core.package_identification:_identify(node_modules/@parcel/watcher/src/windows) by extensions ['ros']
[0.394s] Level 1:colcon.colcon_core.package_identification:_identify(node_modules/@parcel/watcher/src/windows) by extension 'ros'
[0.394s] Level 1:colcon.colcon_core.package_identification:_identify(node_modules/@parcel/watcher/src/windows) by extensions ['cmake', 'python']
[0.394s] Level 1:colcon.colcon_core.package_identification:_identify(node_modules/@parcel/watcher/src/windows) by extension 'cmake'
[0.394s] Level 1:colcon.colcon_core.package_identification:_identify(node_modules/@parcel/watcher/src/windows) by extension 'python'
[0.394s] Level 1:colcon.colcon_core.package_identification:_identify(node_modules/@parcel/watcher/src/windows) by extensions ['python_setup_py']
[0.394s] Level 1:colcon.colcon_core.package_identification:_identify(node_modules/@parcel/watcher/src/windows) by extension 'python_setup_py'
[0.394s] Level 1:colcon.colcon_core.package_identification:_identify(node_modules/@parcel/watcher-win32-x64) by extensions ['ignore', 'ignore_ament_install']
[0.395s] Level 1:colcon.colcon_core.package_identification:_identify(node_modules/@parcel/watcher-win32-x64) by extension 'ignore'
[0.395s] Level 1:colcon.colcon_core.package_identification:_identify(node_modules/@parcel/watcher-win32-x64) by extension 'ignore_ament_install'
[0.395s] Level 1:colcon.colcon_core.package_identification:_identify(node_modules/@parcel/watcher-win32-x64) by extensions ['colcon_pkg']
[0.395s] Level 1:colcon.colcon_core.package_identification:_identify(node_modules/@parcel/watcher-win32-x64) by extension 'colcon_pkg'
[0.395s] Level 1:colcon.colcon_core.package_identification:_identify(node_modules/@parcel/watcher-win32-x64) by extensions ['colcon_meta']
[0.395s] Level 1:colcon.colcon_core.package_identification:_identify(node_modules/@parcel/watcher-win32-x64) by extension 'colcon_meta'
[0.395s] Level 1:colcon.colcon_core.package_identification:_identify(node_modules/@parcel/watcher-win32-x64) by extensions ['ros']
[0.395s] Level 1:colcon.colcon_core.package_identification:_identify(node_modules/@parcel/watcher-win32-x64) by extension 'ros'
[0.395s] Level 1:colcon.colcon_core.package_identification:_identify(node_modules/@parcel/watcher-win32-x64) by extensions ['cmake', 'python']
[0.396s] Level 1:colcon.colcon_core.package_identification:_identify(node_modules/@parcel/watcher-win32-x64) by extension 'cmake'
[0.396s] Level 1:colcon.colcon_core.package_identification:_identify(node_modules/@parcel/watcher-win32-x64) by extension 'python'
[0.396s] Level 1:colcon.colcon_core.package_identification:_identify(node_modules/@parcel/watcher-win32-x64) by extensions ['python_setup_py']
[0.396s] Level 1:colcon.colcon_core.package_identification:_identify(node_modules/@parcel/watcher-win32-x64) by extension 'python_setup_py'
[0.396s] Level 1:colcon.colcon_core.package_identification:_identify(node_modules/@tailwindcss) by extensions ['ignore', 'ignore_ament_install']
[0.396s] Level 1:colcon.colcon_core.package_identification:_identify(node_modules/@tailwindcss) by extension 'ignore'
[0.396s] Level 1:colcon.colcon_core.package_identification:_identify(node_modules/@tailwindcss) by extension 'ignore_ament_install'
[0.396s] Level 1:colcon.colcon_core.package_identification:_identify(node_modules/@tailwindcss) by extensions ['colcon_pkg']
[0.397s] Level 1:colcon.colcon_core.package_identification:_identify(node_modules/@tailwindcss) by extension 'colcon_pkg'
[0.397s] Level 1:colcon.colcon_core.package_identification:_identify(node_modules/@tailwindcss) by extensions ['colcon_meta']
[0.397s] Level 1:colcon.colcon_core.package_identification:_identify(node_modules/@tailwindcss) by extension 'colcon_meta'
[0.397s] Level 1:colcon.colcon_core.package_identification:_identify(node_modules/@tailwindcss) by extensions ['ros']
[0.397s] Level 1:colcon.colcon_core.package_identification:_identify(node_modules/@tailwindcss) by extension 'ros'
[0.397s] Level 1:colcon.colcon_core.package_identification:_identify(node_modules/@tailwindcss) by extensions ['cmake', 'python']
[0.397s] Level 1:colcon.colcon_core.package_identification:_identify(node_modules/@tailwindcss) by extension 'cmake'
[0.397s] Level 1:colcon.colcon_core.package_identification:_identify(node_modules/@tailwindcss) by extension 'python'
[0.397s] Level 1:colcon.colcon_core.package_identification:_identify(node_modules/@tailwindcss) by extensions ['python_setup_py']
[0.397s] Level 1:colcon.colcon_core.package_identification:_identify(node_modules/@tailwindcss) by extension 'python_setup_py'
[0.398s] Level 1:colcon.colcon_core.package_identification:_identify(node_modules/@tailwindcss/cli) by extensions ['ignore', 'ignore_ament_install']
[0.398s] Level 1:colcon.colcon_core.package_identification:_identify(node_modules/@tailwindcss/cli) by extension 'ignore'
[0.398s] Level 1:colcon.colcon_core.package_identification:_identify(node_modules/@tailwindcss/cli) by extension 'ignore_ament_install'
[0.398s] Level 1:colcon.colcon_core.package_identification:_identify(node_modules/@tailwindcss/cli) by extensions ['colcon_pkg']
[0.398s] Level 1:colcon.colcon_core.package_identification:_identify(node_modules/@tailwindcss/cli) by extension 'colcon_pkg'
[0.398s] Level 1:colcon.colcon_core.package_identification:_identify(node_modules/@tailwindcss/cli) by extensions ['colcon_meta']
[0.398s] Level 1:colcon.colcon_core.package_identification:_identify(node_modules/@tailwindcss/cli) by extension 'colcon_meta'
[0.398s] Level 1:colcon.colcon_core.package_identification:_identify(node_modules/@tailwindcss/cli) by extensions ['ros']
[0.398s] Level 1:colcon.colcon_core.package_identification:_identify(node_modules/@tailwindcss/cli) by extension 'ros'
[0.399s] Level 1:colcon.colcon_core.package_identification:_identify(node_modules/@tailwindcss/cli) by extensions ['cmake', 'python']
[0.399s] Level 1:colcon.colcon_core.package_identification:_identify(node_modules/@tailwindcss/cli) by extension 'cmake'
[0.399s] Level 1:colcon.colcon_core.package_identification:_identify(node_modules/@tailwindcss/cli) by extension 'python'
[0.399s] Level 1:colcon.colcon_core.package_identification:_identify(node_modules/@tailwindcss/cli) by extensions ['python_setup_py']
[0.399s] Level 1:colcon.colcon_core.package_identification:_identify(node_modules/@tailwindcss/cli) by extension 'python_setup_py'
[0.399s] Level 1:colcon.colcon_core.package_identification:_identify(node_modules/@tailwindcss/cli/dist) by extensions ['ignore', 'ignore_ament_install']
[0.399s] Level 1:colcon.colcon_core.package_identification:_identify(node_modules/@tailwindcss/cli/dist) by extension 'ignore'
[0.400s] Level 1:colcon.colcon_core.package_identification:_identify(node_modules/@tailwindcss/cli/dist) by extension 'ignore_ament_install'
[0.400s] Level 1:colcon.colcon_core.package_identification:_identify(node_modules/@tailwindcss/cli/dist) by extensions ['colcon_pkg']
[0.400s] Level 1:colcon.colcon_core.package_identification:_identify(node_modules/@tailwindcss/cli/dist) by extension 'colcon_pkg'
[0.400s] Level 1:colcon.colcon_core.package_identification:_identify(node_modules/@tailwindcss/cli/dist) by extensions ['colcon_meta']
[0.400s] Level 1:colcon.colcon_core.package_identification:_identify(node_modules/@tailwindcss/cli/dist) by extension 'colcon_meta'
[0.400s] Level 1:colcon.colcon_core.package_identification:_identify(node_modules/@tailwindcss/cli/dist) by extensions ['ros']
[0.400s] Level 1:colcon.colcon_core.package_identification:_identify(node_modules/@tailwindcss/cli/dist) by extension 'ros'
[0.400s] Level 1:colcon.colcon_core.package_identification:_identify(node_modules/@tailwindcss/cli/dist) by extensions ['cmake', 'python']
[0.400s] Level 1:colcon.colcon_core.package_identification:_identify(node_modules/@tailwindcss/cli/dist) by extension 'cmake'
[0.400s] Level 1:colcon.colcon_core.package_identification:_identify(node_modules/@tailwindcss/cli/dist) by extension 'python'
[0.400s] Level 1:colcon.colcon_core.package_identification:_identify(node_modules/@tailwindcss/cli/dist) by extensions ['python_setup_py']
[0.401s] Level 1:colcon.colcon_core.package_identification:_identify(node_modules/@tailwindcss/cli/dist) by extension 'python_setup_py'
[0.401s] Level 1:colcon.colcon_core.package_identification:_identify(node_modules/@tailwindcss/node) by extensions ['ignore', 'ignore_ament_install']
[0.401s] Level 1:colcon.colcon_core.package_identification:_identify(node_modules/@tailwindcss/node) by extension 'ignore'
[0.401s] Level 1:colcon.colcon_core.package_identification:_identify(node_modules/@tailwindcss/node) by extension 'ignore_ament_install'
[0.401s] Level 1:colcon.colcon_core.package_identification:_identify(node_modules/@tailwindcss/node) by extensions ['colcon_pkg']
[0.401s] Level 1:colcon.colcon_core.package_identification:_identify(node_modules/@tailwindcss/node) by extension 'colcon_pkg'
[0.401s] Level 1:colcon.colcon_core.package_identification:_identify(node_modules/@tailwindcss/node) by extensions ['colcon_meta']
[0.401s] Level 1:colcon.colcon_core.package_identification:_identify(node_modules/@tailwindcss/node) by extension 'colcon_meta'
[0.402s] Level 1:colcon.colcon_core.package_identification:_identify(node_modules/@tailwindcss/node) by extensions ['ros']
[0.402s] Level 1:colcon.colcon_core.package_identification:_identify(node_modules/@tailwindcss/node) by extension 'ros'
[0.402s] Level 1:colcon.colcon_core.package_identification:_identify(node_modules/@tailwindcss/node) by extensions ['cmake', 'python']
[0.402s] Level 1:colcon.colcon_core.package_identification:_identify(node_modules/@tailwindcss/node) by extension 'cmake'
[0.402s] Level 1:colcon.colcon_core.package_identification:_identify(node_modules/@tailwindcss/node) by extension 'python'
[0.402s] Level 1:colcon.colcon_core.package_identification:_identify(node_modules/@tailwindcss/node) by extensions ['python_setup_py']
[0.402s] Level 1:colcon.colcon_core.package_identification:_identify(node_modules/@tailwindcss/node) by extension 'python_setup_py'
[0.402s] Level 1:colcon.colcon_core.package_identification:_identify(node_modules/@tailwindcss/node/dist) by extensions ['ignore', 'ignore_ament_install']
[0.402s] Level 1:colcon.colcon_core.package_identification:_identify(node_modules/@tailwindcss/node/dist) by extension 'ignore'
[0.403s] Level 1:colcon.colcon_core.package_identification:_identify(node_modules/@tailwindcss/node/dist) by extension 'ignore_ament_install'
[0.403s] Level 1:colcon.colcon_core.package_identification:_identify(node_modules/@tailwindcss/node/dist) by extensions ['colcon_pkg']
[0.403s] Level 1:colcon.colcon_core.package_identification:_identify(node_modules/@tailwindcss/node/dist) by extension 'colcon_pkg'
[0.403s] Level 1:colcon.colcon_core.package_identification:_identify(node_modules/@tailwindcss/node/dist) by extensions ['colcon_meta']
[0.403s] Level 1:colcon.colcon_core.package_identification:_identify(node_modules/@tailwindcss/node/dist) by extension 'colcon_meta'
[0.403s] Level 1:colcon.colcon_core.package_identification:_identify(node_modules/@tailwindcss/node/dist) by extensions ['ros']
[0.403s] Level 1:colcon.colcon_core.package_identification:_identify(node_modules/@tailwindcss/node/dist) by extension 'ros'
[0.403s] Level 1:colcon.colcon_core.package_identification:_identify(node_modules/@tailwindcss/node/dist) by extensions ['cmake', 'python']
[0.403s] Level 1:colcon.colcon_core.package_identification:_identify(node_modules/@tailwindcss/node/dist) by extension 'cmake'
[0.403s] Level 1:colcon.colcon_core.package_identification:_identify(node_modules/@tailwindcss/node/dist) by extension 'python'
[0.403s] Level 1:colcon.colcon_core.package_identification:_identify(node_modules/@tailwindcss/node/dist) by extensions ['python_setup_py']
[0.404s] Level 1:colcon.colcon_core.package_identification:_identify(node_modules/@tailwindcss/node/dist) by extension 'python_setup_py'
[0.404s] Level 1:colcon.colcon_core.package_identification:_identify(node_modules/@tailwindcss/oxide) by extensions ['ignore', 'ignore_ament_install']
[0.404s] Level 1:colcon.colcon_core.package_identification:_identify(node_modules/@tailwindcss/oxide) by extension 'ignore'
[0.404s] Level 1:colcon.colcon_core.package_identification:_identify(node_modules/@tailwindcss/oxide) by extension 'ignore_ament_install'
[0.404s] Level 1:colcon.colcon_core.package_identification:_identify(node_modules/@tailwindcss/oxide) by extensions ['colcon_pkg']
[0.404s] Level 1:colcon.colcon_core.package_identification:_identify(node_modules/@tailwindcss/oxide) by extension 'colcon_pkg'
[0.404s] Level 1:colcon.colcon_core.package_identification:_identify(node_modules/@tailwindcss/oxide) by extensions ['colcon_meta']
[0.404s] Level 1:colcon.colcon_core.package_identification:_identify(node_modules/@tailwindcss/oxide) by extension 'colcon_meta'
[0.404s] Level 1:colcon.colcon_core.package_identification:_identify(node_modules/@tailwindcss/oxide) by extensions ['ros']
[0.405s] Level 1:colcon.colcon_core.package_identification:_identify(node_modules/@tailwindcss/oxide) by extension 'ros'
[0.405s] Level 1:colcon.colcon_core.package_identification:_identify(node_modules/@tailwindcss/oxide) by extensions ['cmake', 'python']
[0.405s] Level 1:colcon.colcon_core.package_identification:_identify(node_modules/@tailwindcss/oxide) by extension 'cmake'
[0.405s] Level 1:colcon.colcon_core.package_identification:_identify(node_modules/@tailwindcss/oxide) by extension 'python'
[0.405s] Level 1:colcon.colcon_core.package_identification:_identify(node_modules/@tailwindcss/oxide) by extensions ['python_setup_py']
[0.405s] Level 1:colcon.colcon_core.package_identification:_identify(node_modules/@tailwindcss/oxide) by extension 'python_setup_py'
[0.405s] Level 1:colcon.colcon_core.package_identification:_identify(node_modules/@tailwindcss/oxide-win32-x64-msvc) by extensions ['ignore', 'ignore_ament_install']
[0.405s] Level 1:colcon.colcon_core.package_identification:_identify(node_modules/@tailwindcss/oxide-win32-x64-msvc) by extension 'ignore'
[0.406s] Level 1:colcon.colcon_core.package_identification:_identify(node_modules/@tailwindcss/oxide-win32-x64-msvc) by extension 'ignore_ament_install'
[0.406s] Level 1:colcon.colcon_core.package_identification:_identify(node_modules/@tailwindcss/oxide-win32-x64-msvc) by extensions ['colcon_pkg']
[0.406s] Level 1:colcon.colcon_core.package_identification:_identify(node_modules/@tailwindcss/oxide-win32-x64-msvc) by extension 'colcon_pkg'
[0.406s] Level 1:colcon.colcon_core.package_identification:_identify(node_modules/@tailwindcss/oxide-win32-x64-msvc) by extensions ['colcon_meta']
[0.406s] Level 1:colcon.colcon_core.package_identification:_identify(node_modules/@tailwindcss/oxide-win32-x64-msvc) by extension 'colcon_meta'
[0.406s] Level 1:colcon.colcon_core.package_identification:_identify(node_modules/@tailwindcss/oxide-win32-x64-msvc) by extensions ['ros']
[0.406s] Level 1:colcon.colcon_core.package_identification:_identify(node_modules/@tailwindcss/oxide-win32-x64-msvc) by extension 'ros'
[0.406s] Level 1:colcon.colcon_core.package_identification:_identify(node_modules/@tailwindcss/oxide-win32-x64-msvc) by extensions ['cmake', 'python']
[0.406s] Level 1:colcon.colcon_core.package_identification:_identify(node_modules/@tailwindcss/oxide-win32-x64-msvc) by extension 'cmake'
[0.406s] Level 1:colcon.colcon_core.package_identification:_identify(node_modules/@tailwindcss/oxide-win32-x64-msvc) by extension 'python'
[0.406s] Level 1:colcon.colcon_core.package_identification:_identify(node_modules/@tailwindcss/oxide-win32-x64-msvc) by extensions ['python_setup_py']
[0.407s] Level 1:colcon.colcon_core.package_identification:_identify(node_modules/@tailwindcss/oxide-win32-x64-msvc) by extension 'python_setup_py'
[0.407s] Level 1:colcon.colcon_core.package_identification:_identify(node_modules/braces) by extensions ['ignore', 'ignore_ament_install']
[0.407s] Level 1:colcon.colcon_core.package_identification:_identify(node_modules/braces) by extension 'ignore'
[0.407s] Level 1:colcon.colcon_core.package_identification:_identify(node_modules/braces) by extension 'ignore_ament_install'
[0.407s] Level 1:colcon.colcon_core.package_identification:_identify(node_modules/braces) by extensions ['colcon_pkg']
[0.407s] Level 1:colcon.colcon_core.package_identification:_identify(node_modules/braces) by extension 'colcon_pkg'
[0.407s] Level 1:colcon.colcon_core.package_identification:_identify(node_modules/braces) by extensions ['colcon_meta']
[0.407s] Level 1:colcon.colcon_core.package_identification:_identify(node_modules/braces) by extension 'colcon_meta'
[0.407s] Level 1:colcon.colcon_core.package_identification:_identify(node_modules/braces) by extensions ['ros']
[0.408s] Level 1:colcon.colcon_core.package_identification:_identify(node_modules/braces) by extension 'ros'
[0.408s] Level 1:colcon.colcon_core.package_identification:_identify(node_modules/braces) by extensions ['cmake', 'python']
[0.408s] Level 1:colcon.colcon_core.package_identification:_identify(node_modules/braces) by extension 'cmake'
[0.408s] Level 1:colcon.colcon_core.package_identification:_identify(node_modules/braces) by extension 'python'
[0.408s] Level 1:colcon.colcon_core.package_identification:_identify(node_modules/braces) by extensions ['python_setup_py']
[0.408s] Level 1:colcon.colcon_core.package_identification:_identify(node_modules/braces) by extension 'python_setup_py'
[0.408s] Level 1:colcon.colcon_core.package_identification:_identify(node_modules/braces/lib) by extensions ['ignore', 'ignore_ament_install']
[0.408s] Level 1:colcon.colcon_core.package_identification:_identify(node_modules/braces/lib) by extension 'ignore'
[0.408s] Level 1:colcon.colcon_core.package_identification:_identify(node_modules/braces/lib) by extension 'ignore_ament_install'
[0.409s] Level 1:colcon.colcon_core.package_identification:_identify(node_modules/braces/lib) by extensions ['colcon_pkg']
[0.409s] Level 1:colcon.colcon_core.package_identification:_identify(node_modules/braces/lib) by extension 'colcon_pkg'
[0.409s] Level 1:colcon.colcon_core.package_identification:_identify(node_modules/braces/lib) by extensions ['colcon_meta']
[0.409s] Level 1:colcon.colcon_core.package_identification:_identify(node_modules/braces/lib) by extension 'colcon_meta'
[0.409s] Level 1:colcon.colcon_core.package_identification:_identify(node_modules/braces/lib) by extensions ['ros']
[0.409s] Level 1:colcon.colcon_core.package_identification:_identify(node_modules/braces/lib) by extension 'ros'
[0.409s] Level 1:colcon.colcon_core.package_identification:_identify(node_modules/braces/lib) by extensions ['cmake', 'python']
[0.409s] Level 1:colcon.colcon_core.package_identification:_identify(node_modules/braces/lib) by extension 'cmake'
[0.409s] Level 1:colcon.colcon_core.package_identification:_identify(node_modules/braces/lib) by extension 'python'
[0.409s] Level 1:colcon.colcon_core.package_identification:_identify(node_modules/braces/lib) by extensions ['python_setup_py']
[0.409s] Level 1:colcon.colcon_core.package_identification:_identify(node_modules/braces/lib) by extension 'python_setup_py'
[0.410s] Level 1:colcon.colcon_core.package_identification:_identify(node_modules/detect-libc) by extensions ['ignore', 'ignore_ament_install']
[0.410s] Level 1:colcon.colcon_core.package_identification:_identify(node_modules/detect-libc) by extension 'ignore'
[0.410s] Level 1:colcon.colcon_core.package_identification:_identify(node_modules/detect-libc) by extension 'ignore_ament_install'
[0.410s] Level 1:colcon.colcon_core.package_identification:_identify(node_modules/detect-libc) by extensions ['colcon_pkg']
[0.410s] Level 1:colcon.colcon_core.package_identification:_identify(node_modules/detect-libc) by extension 'colcon_pkg'
[0.410s] Level 1:colcon.colcon_core.package_identification:_identify(node_modules/detect-libc) by extensions ['colcon_meta']
[0.410s] Level 1:colcon.colcon_core.package_identification:_identify(node_modules/detect-libc) by extension 'colcon_meta'
[0.410s] Level 1:colcon.colcon_core.package_identification:_identify(node_modules/detect-libc) by extensions ['ros']
[0.410s] Level 1:colcon.colcon_core.package_identification:_identify(node_modules/detect-libc) by extension 'ros'
[0.411s] Level 1:colcon.colcon_core.package_identification:_identify(node_modules/detect-libc) by extensions ['cmake', 'python']
[0.411s] Level 1:colcon.colcon_core.package_identification:_identify(node_modules/detect-libc) by extension 'cmake'
[0.411s] Level 1:colcon.colcon_core.package_identification:_identify(node_modules/detect-libc) by extension 'python'
[0.411s] Level 1:colcon.colcon_core.package_identification:_identify(node_modules/detect-libc) by extensions ['python_setup_py']
[0.411s] Level 1:colcon.colcon_core.package_identification:_identify(node_modules/detect-libc) by extension 'python_setup_py'
[0.411s] Level 1:colcon.colcon_core.package_identification:_identify(node_modules/detect-libc/bin) by extensions ['ignore', 'ignore_ament_install']
[0.411s] Level 1:colcon.colcon_core.package_identification:_identify(node_modules/detect-libc/bin) by extension 'ignore'
[0.411s] Level 1:colcon.colcon_core.package_identification:_identify(node_modules/detect-libc/bin) by extension 'ignore_ament_install'
[0.412s] Level 1:colcon.colcon_core.package_identification:_identify(node_modules/detect-libc/bin) by extensions ['colcon_pkg']
[0.412s] Level 1:colcon.colcon_core.package_identification:_identify(node_modules/detect-libc/bin) by extension 'colcon_pkg'
[0.412s] Level 1:colcon.colcon_core.package_identification:_identify(node_modules/detect-libc/bin) by extensions ['colcon_meta']
[0.412s] Level 1:colcon.colcon_core.package_identification:_identify(node_modules/detect-libc/bin) by extension 'colcon_meta'
[0.412s] Level 1:colcon.colcon_core.package_identification:_identify(node_modules/detect-libc/bin) by extensions ['ros']
[0.412s] Level 1:colcon.colcon_core.package_identification:_identify(node_modules/detect-libc/bin) by extension 'ros'
[0.412s] Level 1:colcon.colcon_core.package_identification:_identify(node_modules/detect-libc/bin) by extensions ['cmake', 'python']
[0.412s] Level 1:colcon.colcon_core.package_identification:_identify(node_modules/detect-libc/bin) by extension 'cmake'
[0.412s] Level 1:colcon.colcon_core.package_identification:_identify(node_modules/detect-libc/bin) by extension 'python'
[0.412s] Level 1:colcon.colcon_core.package_identification:_identify(node_modules/detect-libc/bin) by extensions ['python_setup_py']
[0.412s] Level 1:colcon.colcon_core.package_identification:_identify(node_modules/detect-libc/bin) by extension 'python_setup_py'
[0.413s] Level 1:colcon.colcon_core.package_identification:_identify(node_modules/detect-libc/lib) by extensions ['ignore', 'ignore_ament_install']
[0.413s] Level 1:colcon.colcon_core.package_identification:_identify(node_modules/detect-libc/lib) by extension 'ignore'
[0.413s] Level 1:colcon.colcon_core.package_identification:_identify(node_modules/detect-libc/lib) by extension 'ignore_ament_install'
[0.413s] Level 1:colcon.colcon_core.package_identification:_identify(node_modules/detect-libc/lib) by extensions ['colcon_pkg']
[0.413s] Level 1:colcon.colcon_core.package_identification:_identify(node_modules/detect-libc/lib) by extension 'colcon_pkg'
[0.413s] Level 1:colcon.colcon_core.package_identification:_identify(node_modules/detect-libc/lib) by extensions ['colcon_meta']
[0.413s] Level 1:colcon.colcon_core.package_identification:_identify(node_modules/detect-libc/lib) by extension 'colcon_meta'
[0.413s] Level 1:colcon.colcon_core.package_identification:_identify(node_modules/detect-libc/lib) by extensions ['ros']
[0.413s] Level 1:colcon.colcon_core.package_identification:_identify(node_modules/detect-libc/lib) by extension 'ros'
[0.414s] Level 1:colcon.colcon_core.package_identification:_identify(node_modules/detect-libc/lib) by extensions ['cmake', 'python']
[0.414s] Level 1:colcon.colcon_core.package_identification:_identify(node_modules/detect-libc/lib) by extension 'cmake'
[0.414s] Level 1:colcon.colcon_core.package_identification:_identify(node_modules/detect-libc/lib) by extension 'python'
[0.414s] Level 1:colcon.colcon_core.package_identification:_identify(node_modules/detect-libc/lib) by extensions ['python_setup_py']
[0.414s] Level 1:colcon.colcon_core.package_identification:_identify(node_modules/detect-libc/lib) by extension 'python_setup_py'
[0.414s] Level 1:colcon.colcon_core.package_identification:_identify(node_modules/enhanced-resolve) by extensions ['ignore', 'ignore_ament_install']
[0.414s] Level 1:colcon.colcon_core.package_identification:_identify(node_modules/enhanced-resolve) by extension 'ignore'
[0.414s] Level 1:colcon.colcon_core.package_identification:_identify(node_modules/enhanced-resolve) by extension 'ignore_ament_install'
[0.414s] Level 1:colcon.colcon_core.package_identification:_identify(node_modules/enhanced-resolve) by extensions ['colcon_pkg']
[0.415s] Level 1:colcon.colcon_core.package_identification:_identify(node_modules/enhanced-resolve) by extension 'colcon_pkg'
[0.415s] Level 1:colcon.colcon_core.package_identification:_identify(node_modules/enhanced-resolve) by extensions ['colcon_meta']
[0.415s] Level 1:colcon.colcon_core.package_identification:_identify(node_modules/enhanced-resolve) by extension 'colcon_meta'
[0.415s] Level 1:colcon.colcon_core.package_identification:_identify(node_modules/enhanced-resolve) by extensions ['ros']
[0.415s] Level 1:colcon.colcon_core.package_identification:_identify(node_modules/enhanced-resolve) by extension 'ros'
[0.415s] Level 1:colcon.colcon_core.package_identification:_identify(node_modules/enhanced-resolve) by extensions ['cmake', 'python']
[0.415s] Level 1:colcon.colcon_core.package_identification:_identify(node_modules/enhanced-resolve) by extension 'cmake'
[0.415s] Level 1:colcon.colcon_core.package_identification:_identify(node_modules/enhanced-resolve) by extension 'python'
[0.415s] Level 1:colcon.colcon_core.package_identification:_identify(node_modules/enhanced-resolve) by extensions ['python_setup_py']
[0.415s] Level 1:colcon.colcon_core.package_identification:_identify(node_modules/enhanced-resolve) by extension 'python_setup_py'
[0.416s] Level 1:colcon.colcon_core.package_identification:_identify(node_modules/enhanced-resolve/lib) by extensions ['ignore', 'ignore_ament_install']
[0.416s] Level 1:colcon.colcon_core.package_identification:_identify(node_modules/enhanced-resolve/lib) by extension 'ignore'
[0.416s] Level 1:colcon.colcon_core.package_identification:_identify(node_modules/enhanced-resolve/lib) by extension 'ignore_ament_install'
[0.416s] Level 1:colcon.colcon_core.package_identification:_identify(node_modules/enhanced-resolve/lib) by extensions ['colcon_pkg']
[0.416s] Level 1:colcon.colcon_core.package_identification:_identify(node_modules/enhanced-resolve/lib) by extension 'colcon_pkg'
[0.416s] Level 1:colcon.colcon_core.package_identification:_identify(node_modules/enhanced-resolve/lib) by extensions ['colcon_meta']
[0.416s] Level 1:colcon.colcon_core.package_identification:_identify(node_modules/enhanced-resolve/lib) by extension 'colcon_meta'
[0.416s] Level 1:colcon.colcon_core.package_identification:_identify(node_modules/enhanced-resolve/lib) by extensions ['ros']
[0.416s] Level 1:colcon.colcon_core.package_identification:_identify(node_modules/enhanced-resolve/lib) by extension 'ros'
[0.417s] Level 1:colcon.colcon_core.package_identification:_identify(node_modules/enhanced-resolve/lib) by extensions ['cmake', 'python']
[0.417s] Level 1:colcon.colcon_core.package_identification:_identify(node_modules/enhanced-resolve/lib) by extension 'cmake'
[0.417s] Level 1:colcon.colcon_core.package_identification:_identify(node_modules/enhanced-resolve/lib) by extension 'python'
[0.417s] Level 1:colcon.colcon_core.package_identification:_identify(node_modules/enhanced-resolve/lib) by extensions ['python_setup_py']
[0.417s] Level 1:colcon.colcon_core.package_identification:_identify(node_modules/enhanced-resolve/lib) by extension 'python_setup_py'
[0.417s] Level 1:colcon.colcon_core.package_identification:_identify(node_modules/enhanced-resolve/lib/util) by extensions ['ignore', 'ignore_ament_install']
[0.417s] Level 1:colcon.colcon_core.package_identification:_identify(node_modules/enhanced-resolve/lib/util) by extension 'ignore'
[0.417s] Level 1:colcon.colcon_core.package_identification:_identify(node_modules/enhanced-resolve/lib/util) by extension 'ignore_ament_install'
[0.417s] Level 1:colcon.colcon_core.package_identification:_identify(node_modules/enhanced-resolve/lib/util) by extensions ['colcon_pkg']
[0.418s] Level 1:colcon.colcon_core.package_identification:_identify(node_modules/enhanced-resolve/lib/util) by extension 'colcon_pkg'
[0.418s] Level 1:colcon.colcon_core.package_identification:_identify(node_modules/enhanced-resolve/lib/util) by extensions ['colcon_meta']
[0.418s] Level 1:colcon.colcon_core.package_identification:_identify(node_modules/enhanced-resolve/lib/util) by extension 'colcon_meta'
[0.418s] Level 1:colcon.colcon_core.package_identification:_identify(node_modules/enhanced-resolve/lib/util) by extensions ['ros']
[0.418s] Level 1:colcon.colcon_core.package_identification:_identify(node_modules/enhanced-resolve/lib/util) by extension 'ros'
[0.418s] Level 1:colcon.colcon_core.package_identification:_identify(node_modules/enhanced-resolve/lib/util) by extensions ['cmake', 'python']
[0.418s] Level 1:colcon.colcon_core.package_identification:_identify(node_modules/enhanced-resolve/lib/util) by extension 'cmake'
[0.418s] Level 1:colcon.colcon_core.package_identification:_identify(node_modules/enhanced-resolve/lib/util) by extension 'python'
[0.418s] Level 1:colcon.colcon_core.package_identification:_identify(node_modules/enhanced-resolve/lib/util) by extensions ['python_setup_py']
[0.418s] Level 1:colcon.colcon_core.package_identification:_identify(node_modules/enhanced-resolve/lib/util) by extension 'python_setup_py'
[0.419s] Level 1:colcon.colcon_core.package_identification:_identify(node_modules/fill-range) by extensions ['ignore', 'ignore_ament_install']
[0.419s] Level 1:colcon.colcon_core.package_identification:_identify(node_modules/fill-range) by extension 'ignore'
[0.419s] Level 1:colcon.colcon_core.package_identification:_identify(node_modules/fill-range) by extension 'ignore_ament_install'
[0.419s] Level 1:colcon.colcon_core.package_identification:_identify(node_modules/fill-range) by extensions ['colcon_pkg']
[0.419s] Level 1:colcon.colcon_core.package_identification:_identify(node_modules/fill-range) by extension 'colcon_pkg'
[0.419s] Level 1:colcon.colcon_core.package_identification:_identify(node_modules/fill-range) by extensions ['colcon_meta']
[0.419s] Level 1:colcon.colcon_core.package_identification:_identify(node_modules/fill-range) by extension 'colcon_meta'
[0.419s] Level 1:colcon.colcon_core.package_identification:_identify(node_modules/fill-range) by extensions ['ros']
[0.419s] Level 1:colcon.colcon_core.package_identification:_identify(node_modules/fill-range) by extension 'ros'
[0.419s] Level 1:colcon.colcon_core.package_identification:_identify(node_modules/fill-range) by extensions ['cmake', 'python']
[0.420s] Level 1:colcon.colcon_core.package_identification:_identify(node_modules/fill-range) by extension 'cmake'
[0.420s] Level 1:colcon.colcon_core.package_identification:_identify(node_modules/fill-range) by extension 'python'
[0.420s] Level 1:colcon.colcon_core.package_identification:_identify(node_modules/fill-range) by extensions ['python_setup_py']
[0.420s] Level 1:colcon.colcon_core.package_identification:_identify(node_modules/fill-range) by extension 'python_setup_py'
[0.420s] Level 1:colcon.colcon_core.package_identification:_identify(node_modules/graceful-fs) by extensions ['ignore', 'ignore_ament_install']
[0.420s] Level 1:colcon.colcon_core.package_identification:_identify(node_modules/graceful-fs) by extension 'ignore'
[0.420s] Level 1:colcon.colcon_core.package_identification:_identify(node_modules/graceful-fs) by extension 'ignore_ament_install'
[0.420s] Level 1:colcon.colcon_core.package_identification:_identify(node_modules/graceful-fs) by extensions ['colcon_pkg']
[0.420s] Level 1:colcon.colcon_core.package_identification:_identify(node_modules/graceful-fs) by extension 'colcon_pkg'
[0.421s] Level 1:colcon.colcon_core.package_identification:_identify(node_modules/graceful-fs) by extensions ['colcon_meta']
[0.421s] Level 1:colcon.colcon_core.package_identification:_identify(node_modules/graceful-fs) by extension 'colcon_meta'
[0.421s] Level 1:colcon.colcon_core.package_identification:_identify(node_modules/graceful-fs) by extensions ['ros']
[0.421s] Level 1:colcon.colcon_core.package_identification:_identify(node_modules/graceful-fs) by extension 'ros'
[0.421s] Level 1:colcon.colcon_core.package_identification:_identify(node_modules/graceful-fs) by extensions ['cmake', 'python']
[0.421s] Level 1:colcon.colcon_core.package_identification:_identify(node_modules/graceful-fs) by extension 'cmake'
[0.421s] Level 1:colcon.colcon_core.package_identification:_identify(node_modules/graceful-fs) by extension 'python'
[0.421s] Level 1:colcon.colcon_core.package_identification:_identify(node_modules/graceful-fs) by extensions ['python_setup_py']
[0.421s] Level 1:colcon.colcon_core.package_identification:_identify(node_modules/graceful-fs) by extension 'python_setup_py'
[0.421s] Level 1:colcon.colcon_core.package_identification:_identify(node_modules/is-extglob) by extensions ['ignore', 'ignore_ament_install']
[0.422s] Level 1:colcon.colcon_core.package_identification:_identify(node_modules/is-extglob) by extension 'ignore'
[0.422s] Level 1:colcon.colcon_core.package_identification:_identify(node_modules/is-extglob) by extension 'ignore_ament_install'
[0.422s] Level 1:colcon.colcon_core.package_identification:_identify(node_modules/is-extglob) by extensions ['colcon_pkg']
[0.422s] Level 1:colcon.colcon_core.package_identification:_identify(node_modules/is-extglob) by extension 'colcon_pkg'
[0.422s] Level 1:colcon.colcon_core.package_identification:_identify(node_modules/is-extglob) by extensions ['colcon_meta']
[0.422s] Level 1:colcon.colcon_core.package_identification:_identify(node_modules/is-extglob) by extension 'colcon_meta'
[0.422s] Level 1:colcon.colcon_core.package_identification:_identify(node_modules/is-extglob) by extensions ['ros']
[0.422s] Level 1:colcon.colcon_core.package_identification:_identify(node_modules/is-extglob) by extension 'ros'
[0.422s] Level 1:colcon.colcon_core.package_identification:_identify(node_modules/is-extglob) by extensions ['cmake', 'python']
[0.422s] Level 1:colcon.colcon_core.package_identification:_identify(node_modules/is-extglob) by extension 'cmake'
[0.423s] Level 1:colcon.colcon_core.package_identification:_identify(node_modules/is-extglob) by extension 'python'
[0.423s] Level 1:colcon.colcon_core.package_identification:_identify(node_modules/is-extglob) by extensions ['python_setup_py']
[0.423s] Level 1:colcon.colcon_core.package_identification:_identify(node_modules/is-extglob) by extension 'python_setup_py'
[0.423s] Level 1:colcon.colcon_core.package_identification:_identify(node_modules/is-glob) by extensions ['ignore', 'ignore_ament_install']
[0.423s] Level 1:colcon.colcon_core.package_identification:_identify(node_modules/is-glob) by extension 'ignore'
[0.423s] Level 1:colcon.colcon_core.package_identification:_identify(node_modules/is-glob) by extension 'ignore_ament_install'
[0.423s] Level 1:colcon.colcon_core.package_identification:_identify(node_modules/is-glob) by extensions ['colcon_pkg']
[0.423s] Level 1:colcon.colcon_core.package_identification:_identify(node_modules/is-glob) by extension 'colcon_pkg'
[0.423s] Level 1:colcon.colcon_core.package_identification:_identify(node_modules/is-glob) by extensions ['colcon_meta']
[0.423s] Level 1:colcon.colcon_core.package_identification:_identify(node_modules/is-glob) by extension 'colcon_meta'
[0.424s] Level 1:colcon.colcon_core.package_identification:_identify(node_modules/is-glob) by extensions ['ros']
[0.424s] Level 1:colcon.colcon_core.package_identification:_identify(node_modules/is-glob) by extension 'ros'
[0.424s] Level 1:colcon.colcon_core.package_identification:_identify(node_modules/is-glob) by extensions ['cmake', 'python']
[0.424s] Level 1:colcon.colcon_core.package_identification:_identify(node_modules/is-glob) by extension 'cmake'
[0.424s] Level 1:colcon.colcon_core.package_identification:_identify(node_modules/is-glob) by extension 'python'
[0.424s] Level 1:colcon.colcon_core.package_identification:_identify(node_modules/is-glob) by extensions ['python_setup_py']
[0.424s] Level 1:colcon.colcon_core.package_identification:_identify(node_modules/is-glob) by extension 'python_setup_py'
[0.424s] Level 1:colcon.colcon_core.package_identification:_identify(node_modules/is-number) by extensions ['ignore', 'ignore_ament_install']
[0.424s] Level 1:colcon.colcon_core.package_identification:_identify(node_modules/is-number) by extension 'ignore'
[0.425s] Level 1:colcon.colcon_core.package_identification:_identify(node_modules/is-number) by extension 'ignore_ament_install'
[0.425s] Level 1:colcon.colcon_core.package_identification:_identify(node_modules/is-number) by extensions ['colcon_pkg']
[0.425s] Level 1:colcon.colcon_core.package_identification:_identify(node_modules/is-number) by extension 'colcon_pkg'
[0.425s] Level 1:colcon.colcon_core.package_identification:_identify(node_modules/is-number) by extensions ['colcon_meta']
[0.425s] Level 1:colcon.colcon_core.package_identification:_identify(node_modules/is-number) by extension 'colcon_meta'
[0.425s] Level 1:colcon.colcon_core.package_identification:_identify(node_modules/is-number) by extensions ['ros']
[0.425s] Level 1:colcon.colcon_core.package_identification:_identify(node_modules/is-number) by extension 'ros'
[0.425s] Level 1:colcon.colcon_core.package_identification:_identify(node_modules/is-number) by extensions ['cmake', 'python']
[0.425s] Level 1:colcon.colcon_core.package_identification:_identify(node_modules/is-number) by extension 'cmake'
[0.425s] Level 1:colcon.colcon_core.package_identification:_identify(node_modules/is-number) by extension 'python'
[0.425s] Level 1:colcon.colcon_core.package_identification:_identify(node_modules/is-number) by extensions ['python_setup_py']
[0.425s] Level 1:colcon.colcon_core.package_identification:_identify(node_modules/is-number) by extension 'python_setup_py'
[0.426s] Level 1:colcon.colcon_core.package_identification:_identify(node_modules/jiti) by extensions ['ignore', 'ignore_ament_install']
[0.426s] Level 1:colcon.colcon_core.package_identification:_identify(node_modules/jiti) by extension 'ignore'
[0.426s] Level 1:colcon.colcon_core.package_identification:_identify(node_modules/jiti) by extension 'ignore_ament_install'
[0.426s] Level 1:colcon.colcon_core.package_identification:_identify(node_modules/jiti) by extensions ['colcon_pkg']
[0.426s] Level 1:colcon.colcon_core.package_identification:_identify(node_modules/jiti) by extension 'colcon_pkg'
[0.426s] Level 1:colcon.colcon_core.package_identification:_identify(node_modules/jiti) by extensions ['colcon_meta']
[0.426s] Level 1:colcon.colcon_core.package_identification:_identify(node_modules/jiti) by extension 'colcon_meta'
[0.426s] Level 1:colcon.colcon_core.package_identification:_identify(node_modules/jiti) by extensions ['ros']
[0.426s] Level 1:colcon.colcon_core.package_identification:_identify(node_modules/jiti) by extension 'ros'
[0.427s] Level 1:colcon.colcon_core.package_identification:_identify(node_modules/jiti) by extensions ['cmake', 'python']
[0.427s] Level 1:colcon.colcon_core.package_identification:_identify(node_modules/jiti) by extension 'cmake'
[0.427s] Level 1:colcon.colcon_core.package_identification:_identify(node_modules/jiti) by extension 'python'
[0.427s] Level 1:colcon.colcon_core.package_identification:_identify(node_modules/jiti) by extensions ['python_setup_py']
[0.427s] Level 1:colcon.colcon_core.package_identification:_identify(node_modules/jiti) by extension 'python_setup_py'
[0.427s] Level 1:colcon.colcon_core.package_identification:_identify(node_modules/jiti/dist) by extensions ['ignore', 'ignore_ament_install']
[0.427s] Level 1:colcon.colcon_core.package_identification:_identify(node_modules/jiti/dist) by extension 'ignore'
[0.427s] Level 1:colcon.colcon_core.package_identification:_identify(node_modules/jiti/dist) by extension 'ignore_ament_install'
[0.428s] Level 1:colcon.colcon_core.package_identification:_identify(node_modules/jiti/dist) by extensions ['colcon_pkg']
[0.428s] Level 1:colcon.colcon_core.package_identification:_identify(node_modules/jiti/dist) by extension 'colcon_pkg'
[0.428s] Level 1:colcon.colcon_core.package_identification:_identify(node_modules/jiti/dist) by extensions ['colcon_meta']
[0.428s] Level 1:colcon.colcon_core.package_identification:_identify(node_modules/jiti/dist) by extension 'colcon_meta'
[0.428s] Level 1:colcon.colcon_core.package_identification:_identify(node_modules/jiti/dist) by extensions ['ros']
[0.428s] Level 1:colcon.colcon_core.package_identification:_identify(node_modules/jiti/dist) by extension 'ros'
[0.428s] Level 1:colcon.colcon_core.package_identification:_identify(node_modules/jiti/dist) by extensions ['cmake', 'python']
[0.428s] Level 1:colcon.colcon_core.package_identification:_identify(node_modules/jiti/dist) by extension 'cmake'
[0.428s] Level 1:colcon.colcon_core.package_identification:_identify(node_modules/jiti/dist) by extension 'python'
[0.428s] Level 1:colcon.colcon_core.package_identification:_identify(node_modules/jiti/dist) by extensions ['python_setup_py']
[0.428s] Level 1:colcon.colcon_core.package_identification:_identify(node_modules/jiti/dist) by extension 'python_setup_py'
[0.429s] Level 1:colcon.colcon_core.package_identification:_identify(node_modules/jiti/lib) by extensions ['ignore', 'ignore_ament_install']
[0.429s] Level 1:colcon.colcon_core.package_identification:_identify(node_modules/jiti/lib) by extension 'ignore'
[0.429s] Level 1:colcon.colcon_core.package_identification:_identify(node_modules/jiti/lib) by extension 'ignore_ament_install'
[0.429s] Level 1:colcon.colcon_core.package_identification:_identify(node_modules/jiti/lib) by extensions ['colcon_pkg']
[0.429s] Level 1:colcon.colcon_core.package_identification:_identify(node_modules/jiti/lib) by extension 'colcon_pkg'
[0.429s] Level 1:colcon.colcon_core.package_identification:_identify(node_modules/jiti/lib) by extensions ['colcon_meta']
[0.429s] Level 1:colcon.colcon_core.package_identification:_identify(node_modules/jiti/lib) by extension 'colcon_meta'
[0.429s] Level 1:colcon.colcon_core.package_identification:_identify(node_modules/jiti/lib) by extensions ['ros']
[0.429s] Level 1:colcon.colcon_core.package_identification:_identify(node_modules/jiti/lib) by extension 'ros'
[0.430s] Level 1:colcon.colcon_core.package_identification:_identify(node_modules/jiti/lib) by extensions ['cmake', 'python']
[0.430s] Level 1:colcon.colcon_core.package_identification:_identify(node_modules/jiti/lib) by extension 'cmake'
[0.430s] Level 1:colcon.colcon_core.package_identification:_identify(node_modules/jiti/lib) by extension 'python'
[0.430s] Level 1:colcon.colcon_core.package_identification:_identify(node_modules/jiti/lib) by extensions ['python_setup_py']
[0.430s] Level 1:colcon.colcon_core.package_identification:_identify(node_modules/jiti/lib) by extension 'python_setup_py'
[0.430s] Level 1:colcon.colcon_core.package_identification:_identify(node_modules/lightningcss) by extensions ['ignore', 'ignore_ament_install']
[0.430s] Level 1:colcon.colcon_core.package_identification:_identify(node_modules/lightningcss) by extension 'ignore'
[0.430s] Level 1:colcon.colcon_core.package_identification:_identify(node_modules/lightningcss) by extension 'ignore_ament_install'
[0.430s] Level 1:colcon.colcon_core.package_identification:_identify(node_modules/lightningcss) by extensions ['colcon_pkg']
[0.431s] Level 1:colcon.colcon_core.package_identification:_identify(node_modules/lightningcss) by extension 'colcon_pkg'
[0.431s] Level 1:colcon.colcon_core.package_identification:_identify(node_modules/lightningcss) by extensions ['colcon_meta']
[0.431s] Level 1:colcon.colcon_core.package_identification:_identify(node_modules/lightningcss) by extension 'colcon_meta'
[0.431s] Level 1:colcon.colcon_core.package_identification:_identify(node_modules/lightningcss) by extensions ['ros']
[0.431s] Level 1:colcon.colcon_core.package_identification:_identify(node_modules/lightningcss) by extension 'ros'
[0.431s] Level 1:colcon.colcon_core.package_identification:_identify(node_modules/lightningcss) by extensions ['cmake', 'python']
[0.431s] Level 1:colcon.colcon_core.package_identification:_identify(node_modules/lightningcss) by extension 'cmake'
[0.431s] Level 1:colcon.colcon_core.package_identification:_identify(node_modules/lightningcss) by extension 'python'
[0.431s] Level 1:colcon.colcon_core.package_identification:_identify(node_modules/lightningcss) by extensions ['python_setup_py']
[0.431s] Level 1:colcon.colcon_core.package_identification:_identify(node_modules/lightningcss) by extension 'python_setup_py'
[0.431s] Level 1:colcon.colcon_core.package_identification:_identify(node_modules/lightningcss/node) by extensions ['ignore', 'ignore_ament_install']
[0.432s] Level 1:colcon.colcon_core.package_identification:_identify(node_modules/lightningcss/node) by extension 'ignore'
[0.432s] Level 1:colcon.colcon_core.package_identification:_identify(node_modules/lightningcss/node) by extension 'ignore_ament_install'
[0.432s] Level 1:colcon.colcon_core.package_identification:_identify(node_modules/lightningcss/node) by extensions ['colcon_pkg']
[0.432s] Level 1:colcon.colcon_core.package_identification:_identify(node_modules/lightningcss/node) by extension 'colcon_pkg'
[0.432s] Level 1:colcon.colcon_core.package_identification:_identify(node_modules/lightningcss/node) by extensions ['colcon_meta']
[0.432s] Level 1:colcon.colcon_core.package_identification:_identify(node_modules/lightningcss/node) by extension 'colcon_meta'
[0.432s] Level 1:colcon.colcon_core.package_identification:_identify(node_modules/lightningcss/node) by extensions ['ros']
[0.432s] Level 1:colcon.colcon_core.package_identification:_identify(node_modules/lightningcss/node) by extension 'ros'
[0.432s] Level 1:colcon.colcon_core.package_identification:_identify(node_modules/lightningcss/node) by extensions ['cmake', 'python']
[0.433s] Level 1:colcon.colcon_core.package_identification:_identify(node_modules/lightningcss/node) by extension 'cmake'
[0.433s] Level 1:colcon.colcon_core.package_identification:_identify(node_modules/lightningcss/node) by extension 'python'
[0.433s] Level 1:colcon.colcon_core.package_identification:_identify(node_modules/lightningcss/node) by extensions ['python_setup_py']
[0.433s] Level 1:colcon.colcon_core.package_identification:_identify(node_modules/lightningcss/node) by extension 'python_setup_py'
[0.433s] Level 1:colcon.colcon_core.package_identification:_identify(node_modules/lightningcss/node_modules) by extensions ['ignore', 'ignore_ament_install']
[0.433s] Level 1:colcon.colcon_core.package_identification:_identify(node_modules/lightningcss/node_modules) by extension 'ignore'
[0.433s] Level 1:colcon.colcon_core.package_identification:_identify(node_modules/lightningcss/node_modules) by extension 'ignore_ament_install'
[0.433s] Level 1:colcon.colcon_core.package_identification:_identify(node_modules/lightningcss/node_modules) by extensions ['colcon_pkg']
[0.433s] Level 1:colcon.colcon_core.package_identification:_identify(node_modules/lightningcss/node_modules) by extension 'colcon_pkg'
[0.433s] Level 1:colcon.colcon_core.package_identification:_identify(node_modules/lightningcss/node_modules) by extensions ['colcon_meta']
[0.434s] Level 1:colcon.colcon_core.package_identification:_identify(node_modules/lightningcss/node_modules) by extension 'colcon_meta'
[0.434s] Level 1:colcon.colcon_core.package_identification:_identify(node_modules/lightningcss/node_modules) by extensions ['ros']
[0.434s] Level 1:colcon.colcon_core.package_identification:_identify(node_modules/lightningcss/node_modules) by extension 'ros'
[0.434s] Level 1:colcon.colcon_core.package_identification:_identify(node_modules/lightningcss/node_modules) by extensions ['cmake', 'python']
[0.434s] Level 1:colcon.colcon_core.package_identification:_identify(node_modules/lightningcss/node_modules) by extension 'cmake'
[0.434s] Level 1:colcon.colcon_core.package_identification:_identify(node_modules/lightningcss/node_modules) by extension 'python'
[0.434s] Level 1:colcon.colcon_core.package_identification:_identify(node_modules/lightningcss/node_modules) by extensions ['python_setup_py']
[0.434s] Level 1:colcon.colcon_core.package_identification:_identify(node_modules/lightningcss/node_modules) by extension 'python_setup_py'
[0.434s] Level 1:colcon.colcon_core.package_identification:_identify(node_modules/lightningcss/node_modules/detect-libc) by extensions ['ignore', 'ignore_ament_install']
[0.435s] Level 1:colcon.colcon_core.package_identification:_identify(node_modules/lightningcss/node_modules/detect-libc) by extension 'ignore'
[0.435s] Level 1:colcon.colcon_core.package_identification:_identify(node_modules/lightningcss/node_modules/detect-libc) by extension 'ignore_ament_install'
[0.435s] Level 1:colcon.colcon_core.package_identification:_identify(node_modules/lightningcss/node_modules/detect-libc) by extensions ['colcon_pkg']
[0.435s] Level 1:colcon.colcon_core.package_identification:_identify(node_modules/lightningcss/node_modules/detect-libc) by extension 'colcon_pkg'
[0.435s] Level 1:colcon.colcon_core.package_identification:_identify(node_modules/lightningcss/node_modules/detect-libc) by extensions ['colcon_meta']
[0.435s] Level 1:colcon.colcon_core.package_identification:_identify(node_modules/lightningcss/node_modules/detect-libc) by extension 'colcon_meta'
[0.435s] Level 1:colcon.colcon_core.package_identification:_identify(node_modules/lightningcss/node_modules/detect-libc) by extensions ['ros']
[0.435s] Level 1:colcon.colcon_core.package_identification:_identify(node_modules/lightningcss/node_modules/detect-libc) by extension 'ros'
[0.435s] Level 1:colcon.colcon_core.package_identification:_identify(node_modules/lightningcss/node_modules/detect-libc) by extensions ['cmake', 'python']
[0.436s] Level 1:colcon.colcon_core.package_identification:_identify(node_modules/lightningcss/node_modules/detect-libc) by extension 'cmake'
[0.436s] Level 1:colcon.colcon_core.package_identification:_identify(node_modules/lightningcss/node_modules/detect-libc) by extension 'python'
[0.436s] Level 1:colcon.colcon_core.package_identification:_identify(node_modules/lightningcss/node_modules/detect-libc) by extensions ['python_setup_py']
[0.436s] Level 1:colcon.colcon_core.package_identification:_identify(node_modules/lightningcss/node_modules/detect-libc) by extension 'python_setup_py'
[0.436s] Level 1:colcon.colcon_core.package_identification:_identify(node_modules/lightningcss/node_modules/detect-libc/lib) by extensions ['ignore', 'ignore_ament_install']
[0.436s] Level 1:colcon.colcon_core.package_identification:_identify(node_modules/lightningcss/node_modules/detect-libc/lib) by extension 'ignore'
[0.436s] Level 1:colcon.colcon_core.package_identification:_identify(node_modules/lightningcss/node_modules/detect-libc/lib) by extension 'ignore_ament_install'
[0.436s] Level 1:colcon.colcon_core.package_identification:_identify(node_modules/lightningcss/node_modules/detect-libc/lib) by extensions ['colcon_pkg']
[0.437s] Level 1:colcon.colcon_core.package_identification:_identify(node_modules/lightningcss/node_modules/detect-libc/lib) by extension 'colcon_pkg'
[0.437s] Level 1:colcon.colcon_core.package_identification:_identify(node_modules/lightningcss/node_modules/detect-libc/lib) by extensions ['colcon_meta']
[0.437s] Level 1:colcon.colcon_core.package_identification:_identify(node_modules/lightningcss/node_modules/detect-libc/lib) by extension 'colcon_meta'
[0.437s] Level 1:colcon.colcon_core.package_identification:_identify(node_modules/lightningcss/node_modules/detect-libc/lib) by extensions ['ros']
[0.437s] Level 1:colcon.colcon_core.package_identification:_identify(node_modules/lightningcss/node_modules/detect-libc/lib) by extension 'ros'
[0.437s] Level 1:colcon.colcon_core.package_identification:_identify(node_modules/lightningcss/node_modules/detect-libc/lib) by extensions ['cmake', 'python']
[0.437s] Level 1:colcon.colcon_core.package_identification:_identify(node_modules/lightningcss/node_modules/detect-libc/lib) by extension 'cmake'
[0.437s] Level 1:colcon.colcon_core.package_identification:_identify(node_modules/lightningcss/node_modules/detect-libc/lib) by extension 'python'
[0.437s] Level 1:colcon.colcon_core.package_identification:_identify(node_modules/lightningcss/node_modules/detect-libc/lib) by extensions ['python_setup_py']
[0.437s] Level 1:colcon.colcon_core.package_identification:_identify(node_modules/lightningcss/node_modules/detect-libc/lib) by extension 'python_setup_py'
[0.438s] Level 1:colcon.colcon_core.package_identification:_identify(node_modules/lightningcss-win32-x64-msvc) by extensions ['ignore', 'ignore_ament_install']
[0.438s] Level 1:colcon.colcon_core.package_identification:_identify(node_modules/lightningcss-win32-x64-msvc) by extension 'ignore'
[0.438s] Level 1:colcon.colcon_core.package_identification:_identify(node_modules/lightningcss-win32-x64-msvc) by extension 'ignore_ament_install'
[0.438s] Level 1:colcon.colcon_core.package_identification:_identify(node_modules/lightningcss-win32-x64-msvc) by extensions ['colcon_pkg']
[0.438s] Level 1:colcon.colcon_core.package_identification:_identify(node_modules/lightningcss-win32-x64-msvc) by extension 'colcon_pkg'
[0.438s] Level 1:colcon.colcon_core.package_identification:_identify(node_modules/lightningcss-win32-x64-msvc) by extensions ['colcon_meta']
[0.438s] Level 1:colcon.colcon_core.package_identification:_identify(node_modules/lightningcss-win32-x64-msvc) by extension 'colcon_meta'
[0.438s] Level 1:colcon.colcon_core.package_identification:_identify(node_modules/lightningcss-win32-x64-msvc) by extensions ['ros']
[0.438s] Level 1:colcon.colcon_core.package_identification:_identify(node_modules/lightningcss-win32-x64-msvc) by extension 'ros'
[0.439s] Level 1:colcon.colcon_core.package_identification:_identify(node_modules/lightningcss-win32-x64-msvc) by extensions ['cmake', 'python']
[0.439s] Level 1:colcon.colcon_core.package_identification:_identify(node_modules/lightningcss-win32-x64-msvc) by extension 'cmake'
[0.439s] Level 1:colcon.colcon_core.package_identification:_identify(node_modules/lightningcss-win32-x64-msvc) by extension 'python'
[0.439s] Level 1:colcon.colcon_core.package_identification:_identify(node_modules/lightningcss-win32-x64-msvc) by extensions ['python_setup_py']
[0.439s] Level 1:colcon.colcon_core.package_identification:_identify(node_modules/lightningcss-win32-x64-msvc) by extension 'python_setup_py'
[0.439s] Level 1:colcon.colcon_core.package_identification:_identify(node_modules/micromatch) by extensions ['ignore', 'ignore_ament_install']
[0.439s] Level 1:colcon.colcon_core.package_identification:_identify(node_modules/micromatch) by extension 'ignore'
[0.439s] Level 1:colcon.colcon_core.package_identification:_identify(node_modules/micromatch) by extension 'ignore_ament_install'
[0.440s] Level 1:colcon.colcon_core.package_identification:_identify(node_modules/micromatch) by extensions ['colcon_pkg']
[0.440s] Level 1:colcon.colcon_core.package_identification:_identify(node_modules/micromatch) by extension 'colcon_pkg'
[0.440s] Level 1:colcon.colcon_core.package_identification:_identify(node_modules/micromatch) by extensions ['colcon_meta']
[0.440s] Level 1:colcon.colcon_core.package_identification:_identify(node_modules/micromatch) by extension 'colcon_meta'
[0.440s] Level 1:colcon.colcon_core.package_identification:_identify(node_modules/micromatch) by extensions ['ros']
[0.440s] Level 1:colcon.colcon_core.package_identification:_identify(node_modules/micromatch) by extension 'ros'
[0.440s] Level 1:colcon.colcon_core.package_identification:_identify(node_modules/micromatch) by extensions ['cmake', 'python']
[0.440s] Level 1:colcon.colcon_core.package_identification:_identify(node_modules/micromatch) by extension 'cmake'
[0.440s] Level 1:colcon.colcon_core.package_identification:_identify(node_modules/micromatch) by extension 'python'
[0.440s] Level 1:colcon.colcon_core.package_identification:_identify(node_modules/micromatch) by extensions ['python_setup_py']
[0.440s] Level 1:colcon.colcon_core.package_identification:_identify(node_modules/micromatch) by extension 'python_setup_py'
[0.441s] Level 1:colcon.colcon_core.package_identification:_identify(node_modules/mri) by extensions ['ignore', 'ignore_ament_install']
[0.441s] Level 1:colcon.colcon_core.package_identification:_identify(node_modules/mri) by extension 'ignore'
[0.441s] Level 1:colcon.colcon_core.package_identification:_identify(node_modules/mri) by extension 'ignore_ament_install'
[0.441s] Level 1:colcon.colcon_core.package_identification:_identify(node_modules/mri) by extensions ['colcon_pkg']
[0.441s] Level 1:colcon.colcon_core.package_identification:_identify(node_modules/mri) by extension 'colcon_pkg'
[0.441s] Level 1:colcon.colcon_core.package_identification:_identify(node_modules/mri) by extensions ['colcon_meta']
[0.441s] Level 1:colcon.colcon_core.package_identification:_identify(node_modules/mri) by extension 'colcon_meta'
[0.441s] Level 1:colcon.colcon_core.package_identification:_identify(node_modules/mri) by extensions ['ros']
[0.441s] Level 1:colcon.colcon_core.package_identification:_identify(node_modules/mri) by extension 'ros'
[0.442s] Level 1:colcon.colcon_core.package_identification:_identify(node_modules/mri) by extensions ['cmake', 'python']
[0.442s] Level 1:colcon.colcon_core.package_identification:_identify(node_modules/mri) by extension 'cmake'
[0.442s] Level 1:colcon.colcon_core.package_identification:_identify(node_modules/mri) by extension 'python'
[0.442s] Level 1:colcon.colcon_core.package_identification:_identify(node_modules/mri) by extensions ['python_setup_py']
[0.442s] Level 1:colcon.colcon_core.package_identification:_identify(node_modules/mri) by extension 'python_setup_py'
[0.442s] Level 1:colcon.colcon_core.package_identification:_identify(node_modules/mri/lib) by extensions ['ignore', 'ignore_ament_install']
[0.442s] Level 1:colcon.colcon_core.package_identification:_identify(node_modules/mri/lib) by extension 'ignore'
[0.442s] Level 1:colcon.colcon_core.package_identification:_identify(node_modules/mri/lib) by extension 'ignore_ament_install'
[0.442s] Level 1:colcon.colcon_core.package_identification:_identify(node_modules/mri/lib) by extensions ['colcon_pkg']
[0.443s] Level 1:colcon.colcon_core.package_identification:_identify(node_modules/mri/lib) by extension 'colcon_pkg'
[0.443s] Level 1:colcon.colcon_core.package_identification:_identify(node_modules/mri/lib) by extensions ['colcon_meta']
[0.443s] Level 1:colcon.colcon_core.package_identification:_identify(node_modules/mri/lib) by extension 'colcon_meta'
[0.443s] Level 1:colcon.colcon_core.package_identification:_identify(node_modules/mri/lib) by extensions ['ros']
[0.443s] Level 1:colcon.colcon_core.package_identification:_identify(node_modules/mri/lib) by extension 'ros'
[0.443s] Level 1:colcon.colcon_core.package_identification:_identify(node_modules/mri/lib) by extensions ['cmake', 'python']
[0.443s] Level 1:colcon.colcon_core.package_identification:_identify(node_modules/mri/lib) by extension 'cmake'
[0.443s] Level 1:colcon.colcon_core.package_identification:_identify(node_modules/mri/lib) by extension 'python'
[0.443s] Level 1:colcon.colcon_core.package_identification:_identify(node_modules/mri/lib) by extensions ['python_setup_py']
[0.443s] Level 1:colcon.colcon_core.package_identification:_identify(node_modules/mri/lib) by extension 'python_setup_py'
[0.444s] Level 1:colcon.colcon_core.package_identification:_identify(node_modules/node-addon-api) by extensions ['ignore', 'ignore_ament_install']
[0.444s] Level 1:colcon.colcon_core.package_identification:_identify(node_modules/node-addon-api) by extension 'ignore'
[0.444s] Level 1:colcon.colcon_core.package_identification:_identify(node_modules/node-addon-api) by extension 'ignore_ament_install'
[0.444s] Level 1:colcon.colcon_core.package_identification:_identify(node_modules/node-addon-api) by extensions ['colcon_pkg']
[0.444s] Level 1:colcon.colcon_core.package_identification:_identify(node_modules/node-addon-api) by extension 'colcon_pkg'
[0.444s] Level 1:colcon.colcon_core.package_identification:_identify(node_modules/node-addon-api) by extensions ['colcon_meta']
[0.444s] Level 1:colcon.colcon_core.package_identification:_identify(node_modules/node-addon-api) by extension 'colcon_meta'
[0.444s] Level 1:colcon.colcon_core.package_identification:_identify(node_modules/node-addon-api) by extensions ['ros']
[0.444s] Level 1:colcon.colcon_core.package_identification:_identify(node_modules/node-addon-api) by extension 'ros'
[0.444s] Level 1:colcon.colcon_core.package_identification:_identify(node_modules/node-addon-api) by extensions ['cmake', 'python']
[0.445s] Level 1:colcon.colcon_core.package_identification:_identify(node_modules/node-addon-api) by extension 'cmake'
[0.445s] Level 1:colcon.colcon_core.package_identification:_identify(node_modules/node-addon-api) by extension 'python'
[0.445s] Level 1:colcon.colcon_core.package_identification:_identify(node_modules/node-addon-api) by extensions ['python_setup_py']
[0.445s] Level 1:colcon.colcon_core.package_identification:_identify(node_modules/node-addon-api) by extension 'python_setup_py'
[0.445s] Level 1:colcon.colcon_core.package_identification:_identify(node_modules/node-addon-api/tools) by extensions ['ignore', 'ignore_ament_install']
[0.445s] Level 1:colcon.colcon_core.package_identification:_identify(node_modules/node-addon-api/tools) by extension 'ignore'
[0.445s] Level 1:colcon.colcon_core.package_identification:_identify(node_modules/node-addon-api/tools) by extension 'ignore_ament_install'
[0.445s] Level 1:colcon.colcon_core.package_identification:_identify(node_modules/node-addon-api/tools) by extensions ['colcon_pkg']
[0.445s] Level 1:colcon.colcon_core.package_identification:_identify(node_modules/node-addon-api/tools) by extension 'colcon_pkg'
[0.446s] Level 1:colcon.colcon_core.package_identification:_identify(node_modules/node-addon-api/tools) by extensions ['colcon_meta']
[0.446s] Level 1:colcon.colcon_core.package_identification:_identify(node_modules/node-addon-api/tools) by extension 'colcon_meta'
[0.446s] Level 1:colcon.colcon_core.package_identification:_identify(node_modules/node-addon-api/tools) by extensions ['ros']
[0.446s] Level 1:colcon.colcon_core.package_identification:_identify(node_modules/node-addon-api/tools) by extension 'ros'
[0.446s] Level 1:colcon.colcon_core.package_identification:_identify(node_modules/node-addon-api/tools) by extensions ['cmake', 'python']
[0.446s] Level 1:colcon.colcon_core.package_identification:_identify(node_modules/node-addon-api/tools) by extension 'cmake'
[0.446s] Level 1:colcon.colcon_core.package_identification:_identify(node_modules/node-addon-api/tools) by extension 'python'
[0.446s] Level 1:colcon.colcon_core.package_identification:_identify(node_modules/node-addon-api/tools) by extensions ['python_setup_py']
[0.446s] Level 1:colcon.colcon_core.package_identification:_identify(node_modules/node-addon-api/tools) by extension 'python_setup_py'
[0.446s] Level 1:colcon.colcon_core.package_identification:_identify(node_modules/picocolors) by extensions ['ignore', 'ignore_ament_install']
[0.447s] Level 1:colcon.colcon_core.package_identification:_identify(node_modules/picocolors) by extension 'ignore'
[0.447s] Level 1:colcon.colcon_core.package_identification:_identify(node_modules/picocolors) by extension 'ignore_ament_install'
[0.447s] Level 1:colcon.colcon_core.package_identification:_identify(node_modules/picocolors) by extensions ['colcon_pkg']
[0.447s] Level 1:colcon.colcon_core.package_identification:_identify(node_modules/picocolors) by extension 'colcon_pkg'
[0.447s] Level 1:colcon.colcon_core.package_identification:_identify(node_modules/picocolors) by extensions ['colcon_meta']
[0.447s] Level 1:colcon.colcon_core.package_identification:_identify(node_modules/picocolors) by extension 'colcon_meta'
[0.447s] Level 1:colcon.colcon_core.package_identification:_identify(node_modules/picocolors) by extensions ['ros']
[0.447s] Level 1:colcon.colcon_core.package_identification:_identify(node_modules/picocolors) by extension 'ros'
[0.447s] Level 1:colcon.colcon_core.package_identification:_identify(node_modules/picocolors) by extensions ['cmake', 'python']
[0.447s] Level 1:colcon.colcon_core.package_identification:_identify(node_modules/picocolors) by extension 'cmake'
[0.447s] Level 1:colcon.colcon_core.package_identification:_identify(node_modules/picocolors) by extension 'python'
[0.448s] Level 1:colcon.colcon_core.package_identification:_identify(node_modules/picocolors) by extensions ['python_setup_py']
[0.448s] Level 1:colcon.colcon_core.package_identification:_identify(node_modules/picocolors) by extension 'python_setup_py'
[0.448s] Level 1:colcon.colcon_core.package_identification:_identify(node_modules/picomatch) by extensions ['ignore', 'ignore_ament_install']
[0.448s] Level 1:colcon.colcon_core.package_identification:_identify(node_modules/picomatch) by extension 'ignore'
[0.448s] Level 1:colcon.colcon_core.package_identification:_identify(node_modules/picomatch) by extension 'ignore_ament_install'
[0.448s] Level 1:colcon.colcon_core.package_identification:_identify(node_modules/picomatch) by extensions ['colcon_pkg']
[0.448s] Level 1:colcon.colcon_core.package_identification:_identify(node_modules/picomatch) by extension 'colcon_pkg'
[0.448s] Level 1:colcon.colcon_core.package_identification:_identify(node_modules/picomatch) by extensions ['colcon_meta']
[0.448s] Level 1:colcon.colcon_core.package_identification:_identify(node_modules/picomatch) by extension 'colcon_meta'
[0.449s] Level 1:colcon.colcon_core.package_identification:_identify(node_modules/picomatch) by extensions ['ros']
[0.449s] Level 1:colcon.colcon_core.package_identification:_identify(node_modules/picomatch) by extension 'ros'
[0.449s] Level 1:colcon.colcon_core.package_identification:_identify(node_modules/picomatch) by extensions ['cmake', 'python']
[0.449s] Level 1:colcon.colcon_core.package_identification:_identify(node_modules/picomatch) by extension 'cmake'
[0.449s] Level 1:colcon.colcon_core.package_identification:_identify(node_modules/picomatch) by extension 'python'
[0.449s] Level 1:colcon.colcon_core.package_identification:_identify(node_modules/picomatch) by extensions ['python_setup_py']
[0.449s] Level 1:colcon.colcon_core.package_identification:_identify(node_modules/picomatch) by extension 'python_setup_py'
[0.449s] Level 1:colcon.colcon_core.package_identification:_identify(node_modules/picomatch/lib) by extensions ['ignore', 'ignore_ament_install']
[0.449s] Level 1:colcon.colcon_core.package_identification:_identify(node_modules/picomatch/lib) by extension 'ignore'
[0.450s] Level 1:colcon.colcon_core.package_identification:_identify(node_modules/picomatch/lib) by extension 'ignore_ament_install'
[0.450s] Level 1:colcon.colcon_core.package_identification:_identify(node_modules/picomatch/lib) by extensions ['colcon_pkg']
[0.450s] Level 1:colcon.colcon_core.package_identification:_identify(node_modules/picomatch/lib) by extension 'colcon_pkg'
[0.450s] Level 1:colcon.colcon_core.package_identification:_identify(node_modules/picomatch/lib) by extensions ['colcon_meta']
[0.450s] Level 1:colcon.colcon_core.package_identification:_identify(node_modules/picomatch/lib) by extension 'colcon_meta'
[0.450s] Level 1:colcon.colcon_core.package_identification:_identify(node_modules/picomatch/lib) by extensions ['ros']
[0.450s] Level 1:colcon.colcon_core.package_identification:_identify(node_modules/picomatch/lib) by extension 'ros'
[0.450s] Level 1:colcon.colcon_core.package_identification:_identify(node_modules/picomatch/lib) by extensions ['cmake', 'python']
[0.450s] Level 1:colcon.colcon_core.package_identification:_identify(node_modules/picomatch/lib) by extension 'cmake'
[0.450s] Level 1:colcon.colcon_core.package_identification:_identify(node_modules/picomatch/lib) by extension 'python'
[0.450s] Level 1:colcon.colcon_core.package_identification:_identify(node_modules/picomatch/lib) by extensions ['python_setup_py']
[0.451s] Level 1:colcon.colcon_core.package_identification:_identify(node_modules/picomatch/lib) by extension 'python_setup_py'
[0.451s] Level 1:colcon.colcon_core.package_identification:_identify(node_modules/tailwindcss) by extensions ['ignore', 'ignore_ament_install']
[0.451s] Level 1:colcon.colcon_core.package_identification:_identify(node_modules/tailwindcss) by extension 'ignore'
[0.451s] Level 1:colcon.colcon_core.package_identification:_identify(node_modules/tailwindcss) by extension 'ignore_ament_install'
[0.451s] Level 1:colcon.colcon_core.package_identification:_identify(node_modules/tailwindcss) by extensions ['colcon_pkg']
[0.451s] Level 1:colcon.colcon_core.package_identification:_identify(node_modules/tailwindcss) by extension 'colcon_pkg'
[0.451s] Level 1:colcon.colcon_core.package_identification:_identify(node_modules/tailwindcss) by extensions ['colcon_meta']
[0.451s] Level 1:colcon.colcon_core.package_identification:_identify(node_modules/tailwindcss) by extension 'colcon_meta'
[0.451s] Level 1:colcon.colcon_core.package_identification:_identify(node_modules/tailwindcss) by extensions ['ros']
[0.451s] Level 1:colcon.colcon_core.package_identification:_identify(node_modules/tailwindcss) by extension 'ros'
[0.452s] Level 1:colcon.colcon_core.package_identification:_identify(node_modules/tailwindcss) by extensions ['cmake', 'python']
[0.452s] Level 1:colcon.colcon_core.package_identification:_identify(node_modules/tailwindcss) by extension 'cmake'
[0.452s] Level 1:colcon.colcon_core.package_identification:_identify(node_modules/tailwindcss) by extension 'python'
[0.452s] Level 1:colcon.colcon_core.package_identification:_identify(node_modules/tailwindcss) by extensions ['python_setup_py']
[0.452s] Level 1:colcon.colcon_core.package_identification:_identify(node_modules/tailwindcss) by extension 'python_setup_py'
[0.452s] Level 1:colcon.colcon_core.package_identification:_identify(node_modules/tailwindcss/dist) by extensions ['ignore', 'ignore_ament_install']
[0.452s] Level 1:colcon.colcon_core.package_identification:_identify(node_modules/tailwindcss/dist) by extension 'ignore'
[0.452s] Level 1:colcon.colcon_core.package_identification:_identify(node_modules/tailwindcss/dist) by extension 'ignore_ament_install'
[0.453s] Level 1:colcon.colcon_core.package_identification:_identify(node_modules/tailwindcss/dist) by extensions ['colcon_pkg']
[0.453s] Level 1:colcon.colcon_core.package_identification:_identify(node_modules/tailwindcss/dist) by extension 'colcon_pkg'
[0.453s] Level 1:colcon.colcon_core.package_identification:_identify(node_modules/tailwindcss/dist) by extensions ['colcon_meta']
[0.453s] Level 1:colcon.colcon_core.package_identification:_identify(node_modules/tailwindcss/dist) by extension 'colcon_meta'
[0.453s] Level 1:colcon.colcon_core.package_identification:_identify(node_modules/tailwindcss/dist) by extensions ['ros']
[0.453s] Level 1:colcon.colcon_core.package_identification:_identify(node_modules/tailwindcss/dist) by extension 'ros'
[0.453s] Level 1:colcon.colcon_core.package_identification:_identify(node_modules/tailwindcss/dist) by extensions ['cmake', 'python']
[0.453s] Level 1:colcon.colcon_core.package_identification:_identify(node_modules/tailwindcss/dist) by extension 'cmake'
[0.453s] Level 1:colcon.colcon_core.package_identification:_identify(node_modules/tailwindcss/dist) by extension 'python'
[0.453s] Level 1:colcon.colcon_core.package_identification:_identify(node_modules/tailwindcss/dist) by extensions ['python_setup_py']
[0.453s] Level 1:colcon.colcon_core.package_identification:_identify(node_modules/tailwindcss/dist) by extension 'python_setup_py'
[0.454s] Level 1:colcon.colcon_core.package_identification:_identify(node_modules/tapable) by extensions ['ignore', 'ignore_ament_install']
[0.454s] Level 1:colcon.colcon_core.package_identification:_identify(node_modules/tapable) by extension 'ignore'
[0.454s] Level 1:colcon.colcon_core.package_identification:_identify(node_modules/tapable) by extension 'ignore_ament_install'
[0.454s] Level 1:colcon.colcon_core.package_identification:_identify(node_modules/tapable) by extensions ['colcon_pkg']
[0.454s] Level 1:colcon.colcon_core.package_identification:_identify(node_modules/tapable) by extension 'colcon_pkg'
[0.454s] Level 1:colcon.colcon_core.package_identification:_identify(node_modules/tapable) by extensions ['colcon_meta']
[0.454s] Level 1:colcon.colcon_core.package_identification:_identify(node_modules/tapable) by extension 'colcon_meta'
[0.454s] Level 1:colcon.colcon_core.package_identification:_identify(node_modules/tapable) by extensions ['ros']
[0.454s] Level 1:colcon.colcon_core.package_identification:_identify(node_modules/tapable) by extension 'ros'
[0.455s] Level 1:colcon.colcon_core.package_identification:_identify(node_modules/tapable) by extensions ['cmake', 'python']
[0.455s] Level 1:colcon.colcon_core.package_identification:_identify(node_modules/tapable) by extension 'cmake'
[0.455s] Level 1:colcon.colcon_core.package_identification:_identify(node_modules/tapable) by extension 'python'
[0.455s] Level 1:colcon.colcon_core.package_identification:_identify(node_modules/tapable) by extensions ['python_setup_py']
[0.455s] Level 1:colcon.colcon_core.package_identification:_identify(node_modules/tapable) by extension 'python_setup_py'
[0.455s] Level 1:colcon.colcon_core.package_identification:_identify(node_modules/tapable/lib) by extensions ['ignore', 'ignore_ament_install']
[0.455s] Level 1:colcon.colcon_core.package_identification:_identify(node_modules/tapable/lib) by extension 'ignore'
[0.455s] Level 1:colcon.colcon_core.package_identification:_identify(node_modules/tapable/lib) by extension 'ignore_ament_install'
[0.456s] Level 1:colcon.colcon_core.package_identification:_identify(node_modules/tapable/lib) by extensions ['colcon_pkg']
[0.456s] Level 1:colcon.colcon_core.package_identification:_identify(node_modules/tapable/lib) by extension 'colcon_pkg'
[0.456s] Level 1:colcon.colcon_core.package_identification:_identify(node_modules/tapable/lib) by extensions ['colcon_meta']
[0.456s] Level 1:colcon.colcon_core.package_identification:_identify(node_modules/tapable/lib) by extension 'colcon_meta'
[0.456s] Level 1:colcon.colcon_core.package_identification:_identify(node_modules/tapable/lib) by extensions ['ros']
[0.456s] Level 1:colcon.colcon_core.package_identification:_identify(node_modules/tapable/lib) by extension 'ros'
[0.456s] Level 1:colcon.colcon_core.package_identification:_identify(node_modules/tapable/lib) by extensions ['cmake', 'python']
[0.456s] Level 1:colcon.colcon_core.package_identification:_identify(node_modules/tapable/lib) by extension 'cmake'
[0.456s] Level 1:colcon.colcon_core.package_identification:_identify(node_modules/tapable/lib) by extension 'python'
[0.456s] Level 1:colcon.colcon_core.package_identification:_identify(node_modules/tapable/lib) by extensions ['python_setup_py']
[0.456s] Level 1:colcon.colcon_core.package_identification:_identify(node_modules/tapable/lib) by extension 'python_setup_py'
[0.457s] Level 1:colcon.colcon_core.package_identification:_identify(node_modules/to-regex-range) by extensions ['ignore', 'ignore_ament_install']
[0.457s] Level 1:colcon.colcon_core.package_identification:_identify(node_modules/to-regex-range) by extension 'ignore'
[0.457s] Level 1:colcon.colcon_core.package_identification:_identify(node_modules/to-regex-range) by extension 'ignore_ament_install'
[0.457s] Level 1:colcon.colcon_core.package_identification:_identify(node_modules/to-regex-range) by extensions ['colcon_pkg']
[0.457s] Level 1:colcon.colcon_core.package_identification:_identify(node_modules/to-regex-range) by extension 'colcon_pkg'
[0.457s] Level 1:colcon.colcon_core.package_identification:_identify(node_modules/to-regex-range) by extensions ['colcon_meta']
[0.457s] Level 1:colcon.colcon_core.package_identification:_identify(node_modules/to-regex-range) by extension 'colcon_meta'
[0.457s] Level 1:colcon.colcon_core.package_identification:_identify(node_modules/to-regex-range) by extensions ['ros']
[0.457s] Level 1:colcon.colcon_core.package_identification:_identify(node_modules/to-regex-range) by extension 'ros'
[0.457s] Level 1:colcon.colcon_core.package_identification:_identify(node_modules/to-regex-range) by extensions ['cmake', 'python']
[0.458s] Level 1:colcon.colcon_core.package_identification:_identify(node_modules/to-regex-range) by extension 'cmake'
[0.458s] Level 1:colcon.colcon_core.package_identification:_identify(node_modules/to-regex-range) by extension 'python'
[0.458s] Level 1:colcon.colcon_core.package_identification:_identify(node_modules/to-regex-range) by extensions ['python_setup_py']
[0.458s] Level 1:colcon.colcon_core.package_identification:_identify(node_modules/to-regex-range) by extension 'python_setup_py'
[0.458s] Level 1:colcon.colcon_core.package_identification:_identify(other_codes) by extensions ['ignore', 'ignore_ament_install']
[0.458s] Level 1:colcon.colcon_core.package_identification:_identify(other_codes) by extension 'ignore'
[0.458s] Level 1:colcon.colcon_core.package_identification:_identify(other_codes) by extension 'ignore_ament_install'
[0.458s] Level 1:colcon.colcon_core.package_identification:_identify(other_codes) by extensions ['colcon_pkg']
[0.458s] Level 1:colcon.colcon_core.package_identification:_identify(other_codes) by extension 'colcon_pkg'
[0.459s] Level 1:colcon.colcon_core.package_identification:_identify(other_codes) by extensions ['colcon_meta']
[0.459s] Level 1:colcon.colcon_core.package_identification:_identify(other_codes) by extension 'colcon_meta'
[0.459s] Level 1:colcon.colcon_core.package_identification:_identify(other_codes) by extensions ['ros']
[0.459s] Level 1:colcon.colcon_core.package_identification:_identify(other_codes) by extension 'ros'
[0.459s] Level 1:colcon.colcon_core.package_identification:_identify(other_codes) by extensions ['cmake', 'python']
[0.459s] Level 1:colcon.colcon_core.package_identification:_identify(other_codes) by extension 'cmake'
[0.459s] Level 1:colcon.colcon_core.package_identification:_identify(other_codes) by extension 'python'
[0.459s] Level 1:colcon.colcon_core.package_identification:_identify(other_codes) by extensions ['python_setup_py']
[0.459s] Level 1:colcon.colcon_core.package_identification:_identify(other_codes) by extension 'python_setup_py'
[0.459s] Level 1:colcon.colcon_core.package_identification:_identify(ros2_Ws) by extensions ['ignore', 'ignore_ament_install']
[0.460s] Level 1:colcon.colcon_core.package_identification:_identify(ros2_Ws) by extension 'ignore'
[0.460s] Level 1:colcon.colcon_core.package_identification:_identify(ros2_Ws) by extension 'ignore_ament_install'
[0.460s] Level 1:colcon.colcon_core.package_identification:_identify(ros2_Ws) by extensions ['colcon_pkg']
[0.460s] Level 1:colcon.colcon_core.package_identification:_identify(ros2_Ws) by extension 'colcon_pkg'
[0.460s] Level 1:colcon.colcon_core.package_identification:_identify(ros2_Ws) by extensions ['colcon_meta']
[0.460s] Level 1:colcon.colcon_core.package_identification:_identify(ros2_Ws) by extension 'colcon_meta'
[0.460s] Level 1:colcon.colcon_core.package_identification:_identify(ros2_Ws) by extensions ['ros']
[0.460s] Level 1:colcon.colcon_core.package_identification:_identify(ros2_Ws) by extension 'ros'
[0.460s] Level 1:colcon.colcon_core.package_identification:_identify(ros2_Ws) by extensions ['cmake', 'python']
[0.460s] Level 1:colcon.colcon_core.package_identification:_identify(ros2_Ws) by extension 'cmake'
[0.461s] Level 1:colcon.colcon_core.package_identification:_identify(ros2_Ws) by extension 'python'
[0.461s] Level 1:colcon.colcon_core.package_identification:_identify(ros2_Ws) by extensions ['python_setup_py']
[0.461s] Level 1:colcon.colcon_core.package_identification:_identify(ros2_Ws) by extension 'python_setup_py'
[0.461s] Level 1:colcon.colcon_core.package_identification:_identify(ros2_Ws/build) by extensions ['ignore', 'ignore_ament_install']
[0.461s] Level 1:colcon.colcon_core.package_identification:_identify(ros2_Ws/build) by extension 'ignore'
[0.461s] Level 1:colcon.colcon_core.package_identification:_identify(ros2_Ws/build) ignored
[0.461s] Level 1:colcon.colcon_core.package_identification:_identify(ros2_Ws/install) by extensions ['ignore', 'ignore_ament_install']
[0.461s] Level 1:colcon.colcon_core.package_identification:_identify(ros2_Ws/install) by extension 'ignore'
[0.462s] Level 1:colcon.colcon_core.package_identification:_identify(ros2_Ws/install) ignored
[0.462s] Level 1:colcon.colcon_core.package_identification:_identify(ros2_Ws/log) by extensions ['ignore', 'ignore_ament_install']
[0.462s] Level 1:colcon.colcon_core.package_identification:_identify(ros2_Ws/log) by extension 'ignore'
[0.462s] Level 1:colcon.colcon_core.package_identification:_identify(ros2_Ws/log) ignored
[0.462s] Level 1:colcon.colcon_core.package_identification:_identify(ros2_Ws/src) by extensions ['ignore', 'ignore_ament_install']
[0.462s] Level 1:colcon.colcon_core.package_identification:_identify(ros2_Ws/src) by extension 'ignore'
[0.463s] Level 1:colcon.colcon_core.package_identification:_identify(ros2_Ws/src) by extension 'ignore_ament_install'
[0.463s] Level 1:colcon.colcon_core.package_identification:_identify(ros2_Ws/src) by extensions ['colcon_pkg']
[0.463s] Level 1:colcon.colcon_core.package_identification:_identify(ros2_Ws/src) by extension 'colcon_pkg'
[0.463s] Level 1:colcon.colcon_core.package_identification:_identify(ros2_Ws/src) by extensions ['colcon_meta']
[0.463s] Level 1:colcon.colcon_core.package_identification:_identify(ros2_Ws/src) by extension 'colcon_meta'
[0.463s] Level 1:colcon.colcon_core.package_identification:_identify(ros2_Ws/src) by extensions ['ros']
[0.463s] Level 1:colcon.colcon_core.package_identification:_identify(ros2_Ws/src) by extension 'ros'
[0.463s] Level 1:colcon.colcon_core.package_identification:_identify(ros2_Ws/src) by extensions ['cmake', 'python']
[0.463s] Level 1:colcon.colcon_core.package_identification:_identify(ros2_Ws/src) by extension 'cmake'
[0.463s] Level 1:colcon.colcon_core.package_identification:_identify(ros2_Ws/src) by extension 'python'
[0.463s] Level 1:colcon.colcon_core.package_identification:_identify(ros2_Ws/src) by extensions ['python_setup_py']
[0.464s] Level 1:colcon.colcon_core.package_identification:_identify(ros2_Ws/src) by extension 'python_setup_py'
[0.464s] Level 1:colcon.colcon_core.package_identification:_identify(ros2_Ws/src/boundary_mapper) by extensions ['ignore', 'ignore_ament_install']
[0.464s] Level 1:colcon.colcon_core.package_identification:_identify(ros2_Ws/src/boundary_mapper) by extension 'ignore'
[0.464s] Level 1:colcon.colcon_core.package_identification:_identify(ros2_Ws/src/boundary_mapper) by extension 'ignore_ament_install'
[0.464s] Level 1:colcon.colcon_core.package_identification:_identify(ros2_Ws/src/boundary_mapper) by extensions ['colcon_pkg']
[0.464s] Level 1:colcon.colcon_core.package_identification:_identify(ros2_Ws/src/boundary_mapper) by extension 'colcon_pkg'
[0.464s] Level 1:colcon.colcon_core.package_identification:_identify(ros2_Ws/src/boundary_mapper) by extensions ['colcon_meta']
[0.464s] Level 1:colcon.colcon_core.package_identification:_identify(ros2_Ws/src/boundary_mapper) by extension 'colcon_meta'
[0.464s] Level 1:colcon.colcon_core.package_identification:_identify(ros2_Ws/src/boundary_mapper) by extensions ['ros']
[0.465s] Level 1:colcon.colcon_core.package_identification:_identify(ros2_Ws/src/boundary_mapper) by extension 'ros'
[0.471s] DEBUG:colcon.colcon_core.package_identification:Package 'ros2_Ws/src/boundary_mapper' with type 'ros.ament_python' and name 'boundary_mapper'
[0.471s] Level 1:colcon.colcon_core.package_identification:_identify(ros2_Ws/src/boundary_mapper_launcher) by extensions ['ignore', 'ignore_ament_install']
[0.471s] Level 1:colcon.colcon_core.package_identification:_identify(ros2_Ws/src/boundary_mapper_launcher) by extension 'ignore'
[0.471s] Level 1:colcon.colcon_core.package_identification:_identify(ros2_Ws/src/boundary_mapper_launcher) by extension 'ignore_ament_install'
[0.471s] Level 1:colcon.colcon_core.package_identification:_identify(ros2_Ws/src/boundary_mapper_launcher) by extensions ['colcon_pkg']
[0.471s] Level 1:colcon.colcon_core.package_identification:_identify(ros2_Ws/src/boundary_mapper_launcher) by extension 'colcon_pkg'
[0.472s] Level 1:colcon.colcon_core.package_identification:_identify(ros2_Ws/src/boundary_mapper_launcher) by extensions ['colcon_meta']
[0.472s] Level 1:colcon.colcon_core.package_identification:_identify(ros2_Ws/src/boundary_mapper_launcher) by extension 'colcon_meta'
[0.472s] Level 1:colcon.colcon_core.package_identification:_identify(ros2_Ws/src/boundary_mapper_launcher) by extensions ['ros']
[0.472s] Level 1:colcon.colcon_core.package_identification:_identify(ros2_Ws/src/boundary_mapper_launcher) by extension 'ros'
[0.473s] DEBUG:colcon.colcon_core.package_identification:Package 'ros2_Ws/src/boundary_mapper_launcher' with type 'ros.ament_cmake' and name 'boundary_mapper_launcher'
[0.473s] Level 1:colcon.colcon_core.package_identification:_identify(ros2_Ws/src/my_drone_launcher) by extensions ['ignore', 'ignore_ament_install']
[0.473s] Level 1:colcon.colcon_core.package_identification:_identify(ros2_Ws/src/my_drone_launcher) by extension 'ignore'
[0.473s] Level 1:colcon.colcon_core.package_identification:_identify(ros2_Ws/src/my_drone_launcher) by extension 'ignore_ament_install'
[0.474s] Level 1:colcon.colcon_core.package_identification:_identify(ros2_Ws/src/my_drone_launcher) by extensions ['colcon_pkg']
[0.474s] Level 1:colcon.colcon_core.package_identification:_identify(ros2_Ws/src/my_drone_launcher) by extension 'colcon_pkg'
[0.474s] Level 1:colcon.colcon_core.package_identification:_identify(ros2_Ws/src/my_drone_launcher) by extensions ['colcon_meta']
[0.474s] Level 1:colcon.colcon_core.package_identification:_identify(ros2_Ws/src/my_drone_launcher) by extension 'colcon_meta'
[0.474s] Level 1:colcon.colcon_core.package_identification:_identify(ros2_Ws/src/my_drone_launcher) by extensions ['ros']
[0.474s] Level 1:colcon.colcon_core.package_identification:_identify(ros2_Ws/src/my_drone_launcher) by extension 'ros'
[0.475s] DEBUG:colcon.colcon_core.package_identification:Package 'ros2_Ws/src/my_drone_launcher' with type 'ros.ament_cmake' and name 'my_drone_launcher'
[0.476s] Level 1:colcon.colcon_core.package_identification:_identify(ros2_Ws/src/my_robot_controller) by extensions ['ignore', 'ignore_ament_install']
[0.476s] Level 1:colcon.colcon_core.package_identification:_identify(ros2_Ws/src/my_robot_controller) by extension 'ignore'
[0.476s] Level 1:colcon.colcon_core.package_identification:_identify(ros2_Ws/src/my_robot_controller) by extension 'ignore_ament_install'
[0.476s] Level 1:colcon.colcon_core.package_identification:_identify(ros2_Ws/src/my_robot_controller) by extensions ['colcon_pkg']
[0.476s] Level 1:colcon.colcon_core.package_identification:_identify(ros2_Ws/src/my_robot_controller) by extension 'colcon_pkg'
[0.476s] Level 1:colcon.colcon_core.package_identification:_identify(ros2_Ws/src/my_robot_controller) by extensions ['colcon_meta']
[0.476s] Level 1:colcon.colcon_core.package_identification:_identify(ros2_Ws/src/my_robot_controller) by extension 'colcon_meta'
[0.476s] Level 1:colcon.colcon_core.package_identification:_identify(ros2_Ws/src/my_robot_controller) by extensions ['ros']
[0.477s] Level 1:colcon.colcon_core.package_identification:_identify(ros2_Ws/src/my_robot_controller) by extension 'ros'
[0.479s] DEBUG:colcon.colcon_core.package_identification:Package 'ros2_Ws/src/my_robot_controller' with type 'ros.ament_python' and name 'my_robot_controller'
[0.479s] Level 1:colcon.colcon_core.package_identification:_identify(ros2_Ws/src/my_robot_launcher) by extensions ['ignore', 'ignore_ament_install']
[0.479s] Level 1:colcon.colcon_core.package_identification:_identify(ros2_Ws/src/my_robot_launcher) by extension 'ignore'
[0.479s] Level 1:colcon.colcon_core.package_identification:_identify(ros2_Ws/src/my_robot_launcher) by extension 'ignore_ament_install'
[0.479s] Level 1:colcon.colcon_core.package_identification:_identify(ros2_Ws/src/my_robot_launcher) by extensions ['colcon_pkg']
[0.479s] Level 1:colcon.colcon_core.package_identification:_identify(ros2_Ws/src/my_robot_launcher) by extension 'colcon_pkg'
[0.480s] Level 1:colcon.colcon_core.package_identification:_identify(ros2_Ws/src/my_robot_launcher) by extensions ['colcon_meta']
[0.480s] Level 1:colcon.colcon_core.package_identification:_identify(ros2_Ws/src/my_robot_launcher) by extension 'colcon_meta'
[0.480s] Level 1:colcon.colcon_core.package_identification:_identify(ros2_Ws/src/my_robot_launcher) by extensions ['ros']
[0.480s] Level 1:colcon.colcon_core.package_identification:_identify(ros2_Ws/src/my_robot_launcher) by extension 'ros'
[0.481s] DEBUG:colcon.colcon_core.package_identification:Package 'ros2_Ws/src/my_robot_launcher' with type 'ros.ament_cmake' and name 'my_robot_launcher'
[0.481s] Level 1:colcon.colcon_core.package_discovery:discover_packages(recursive) using defaults
[0.481s] Level 1:colcon.colcon_core.package_discovery:discover_packages(ignore) discover
[0.481s] Level 1:colcon.colcon_core.package_discovery:discover_packages(ignore) using defaults
[0.481s] Level 1:colcon.colcon_core.package_discovery:discover_packages(path) discover
[0.481s] Level 1:colcon.colcon_core.package_discovery:discover_packages(path) using defaults
[0.526s] INFO:colcon.colcon_core.package_selection:Skipping not selected package 'my_robot_controller' in 'ros2_Ws/src/my_robot_controller'
[0.526s] INFO:colcon.colcon_core.package_selection:Skipping not selected package 'my_drone_launcher' in 'ros2_Ws/src/my_drone_launcher'
[0.526s] INFO:colcon.colcon_core.package_selection:Skipping not selected package 'my_robot_launcher' in 'ros2_Ws/src/my_robot_launcher'
[0.527s] Level 1:colcon.colcon_core.package_discovery:discover_packages(prefix_path) check parameters
[0.527s] Level 1:colcon.colcon_core.package_discovery:discover_packages(prefix_path) discover
[0.533s] DEBUG:colcon.colcon_installed_package_information.package_discovery:Found 14 installed packages in /home/nits/ros2WsNew/ros2_ws/install
[0.536s] DEBUG:colcon.colcon_installed_package_information.package_discovery:Found 355 installed packages in /opt/ros/humble
[0.539s] Level 1:colcon.colcon_core.package_discovery:discover_packages(prefix_path) using defaults
[0.638s] Level 5:colcon.colcon_core.verb:set package 'boundary_mapper' build argument 'cmake_args' from command line to 'None'
[0.638s] Level 5:colcon.colcon_core.verb:set package 'boundary_mapper' build argument 'cmake_target' from command line to 'None'
[0.638s] Level 5:colcon.colcon_core.verb:set package 'boundary_mapper' build argument 'cmake_target_skip_unavailable' from command line to 'False'
[0.638s] Level 5:colcon.colcon_core.verb:set package 'boundary_mapper' build argument 'cmake_clean_cache' from command line to 'False'
[0.638s] Level 5:colcon.colcon_core.verb:set package 'boundary_mapper' build argument 'cmake_clean_first' from command line to 'False'
[0.638s] Level 5:colcon.colcon_core.verb:set package 'boundary_mapper' build argument 'cmake_force_configure' from command line to 'False'
[0.638s] Level 5:colcon.colcon_core.verb:set package 'boundary_mapper' build argument 'ament_cmake_args' from command line to 'None'
[0.638s] Level 5:colcon.colcon_core.verb:set package 'boundary_mapper' build argument 'catkin_cmake_args' from command line to 'None'
[0.638s] Level 5:colcon.colcon_core.verb:set package 'boundary_mapper' build argument 'catkin_skip_building_tests' from command line to 'False'
[0.639s] DEBUG:colcon.colcon_core.verb:Building package 'boundary_mapper' with the following arguments: {'ament_cmake_args': None, 'build_base': '/home/nits/master_controller/nits-yantrarnav/build/boundary_mapper', 'catkin_cmake_args': None, 'catkin_skip_building_tests': False, 'cmake_args': None, 'cmake_clean_cache': False, 'cmake_clean_first': False, 'cmake_force_configure': False, 'cmake_target': None, 'cmake_target_skip_unavailable': False, 'install_base': '/home/nits/master_controller/nits-yantrarnav/install/boundary_mapper', 'merge_install': False, 'path': '/home/nits/master_controller/nits-yantrarnav/ros2_Ws/src/boundary_mapper', 'symlink_install': True, 'test_result_base': None}
[0.639s] Level 5:colcon.colcon_core.verb:set package 'boundary_mapper_launcher' build argument 'cmake_args' from command line to 'None'
[0.639s] Level 5:colcon.colcon_core.verb:set package 'boundary_mapper_launcher' build argument 'cmake_target' from command line to 'None'
[0.640s] Level 5:colcon.colcon_core.verb:set package 'boundary_mapper_launcher' build argument 'cmake_target_skip_unavailable' from command line to 'False'
[0.640s] Level 5:colcon.colcon_core.verb:set package 'boundary_mapper_launcher' build argument 'cmake_clean_cache' from command line to 'False'
[0.640s] Level 5:colcon.colcon_core.verb:set package 'boundary_mapper_launcher' build argument 'cmake_clean_first' from command line to 'False'
[0.640s] Level 5:colcon.colcon_core.verb:set package 'boundary_mapper_launcher' build argument 'cmake_force_configure' from command line to 'False'
[0.640s] Level 5:colcon.colcon_core.verb:set package 'boundary_mapper_launcher' build argument 'ament_cmake_args' from command line to 'None'
[0.640s] Level 5:colcon.colcon_core.verb:set package 'boundary_mapper_launcher' build argument 'catkin_cmake_args' from command line to 'None'
[0.640s] Level 5:colcon.colcon_core.verb:set package 'boundary_mapper_launcher' build argument 'catkin_skip_building_tests' from command line to 'False'
[0.640s] DEBUG:colcon.colcon_core.verb:Building package 'boundary_mapper_launcher' with the following arguments: {'ament_cmake_args': None, 'build_base': '/home/nits/master_controller/nits-yantrarnav/build/boundary_mapper_launcher', 'catkin_cmake_args': None, 'catkin_skip_building_tests': False, 'cmake_args': None, 'cmake_clean_cache': False, 'cmake_clean_first': False, 'cmake_force_configure': False, 'cmake_target': None, 'cmake_target_skip_unavailable': False, 'install_base': '/home/nits/master_controller/nits-yantrarnav/install/boundary_mapper_launcher', 'merge_install': False, 'path': '/home/nits/master_controller/nits-yantrarnav/ros2_Ws/src/boundary_mapper_launcher', 'symlink_install': True, 'test_result_base': None}
[0.640s] INFO:colcon.colcon_core.executor:Executing jobs using 'parallel' executor
[0.643s] DEBUG:colcon.colcon_parallel_executor.executor.parallel:run_until_complete
[0.643s] INFO:colcon.colcon_ros.task.ament_python.build:Building ROS package in '/home/nits/master_controller/nits-yantrarnav/ros2_Ws/src/boundary_mapper' with build type 'ament_python'
[0.644s] Level 1:colcon.colcon_core.shell:create_environment_hook('boundary_mapper', 'ament_prefix_path')
[0.649s] INFO:colcon.colcon_core.plugin_system:Skipping extension 'colcon_core.shell.bat': Not used on non-Windows systems
[0.650s] INFO:colcon.colcon_core.shell:Creating environment hook '/home/nits/master_controller/nits-yantrarnav/install/boundary_mapper/share/boundary_mapper/hook/ament_prefix_path.ps1'
[0.652s] INFO:colcon.colcon_core.shell:Creating environment descriptor '/home/nits/master_controller/nits-yantrarnav/install/boundary_mapper/share/boundary_mapper/hook/ament_prefix_path.dsv'
[0.653s] INFO:colcon.colcon_core.shell:Creating environment hook '/home/nits/master_controller/nits-yantrarnav/install/boundary_mapper/share/boundary_mapper/hook/ament_prefix_path.sh'
[0.655s] INFO:colcon.colcon_core.shell:Skip shell extension 'powershell' for command environment: Not usable outside of PowerShell
[0.655s] DEBUG:colcon.colcon_core.shell:Skip shell extension 'dsv' for command environment
[1.214s] INFO:colcon.colcon_core.task.python.build:Building Python package in '/home/nits/master_controller/nits-yantrarnav/ros2_Ws/src/boundary_mapper'
[1.215s] INFO:colcon.colcon_core.shell:Skip shell extension 'powershell' for command environment: Not usable outside of PowerShell
[1.215s] DEBUG:colcon.colcon_core.shell:Skip shell extension 'dsv' for command environment
[2.605s] DEBUG:colcon.colcon_core.event_handler.log_command:Invoking command in '/home/nits/master_controller/nits-yantrarnav/build/boundary_mapper': NX_CONNECTION=172.20.10.2 53034 172.20.10.8 4000 PYTHONPATH=/home/nits/master_controller/nits-yantrarnav/build/boundary_mapper/prefix_override:/usr/lib/python3/dist-packages/colcon_core/task/python/colcon_distutils_commands:/home/nits/master_controller/nits-yantrarnav/install/boundary_mapper/lib/python3.10/site-packages:${PYTHONPATH} /usr/bin/python3 -W ignore:setup.py install is deprecated -W ignore:easy_install command is deprecated setup.py develop --editable --build-directory /home/nits/master_controller/nits-yantrarnav/build/boundary_mapper/build --no-deps symlink_data
[4.330s] Level 1:colcon.colcon_core.shell:create_environment_hook('boundary_mapper', 'pythonpath_develop')
[4.332s] INFO:colcon.colcon_core.shell:Creating environment hook '/home/nits/master_controller/nits-yantrarnav/build/boundary_mapper/share/boundary_mapper/hook/pythonpath_develop.ps1'
[4.332s] DEBUG:colcon.colcon_core.event_handler.log_command:Invoked command in '/home/nits/master_controller/nits-yantrarnav/build/boundary_mapper' returned '0': NX_CONNECTION=172.20.10.2 53034 172.20.10.8 4000 PYTHONPATH=/home/nits/master_controller/nits-yantrarnav/build/boundary_mapper/prefix_override:/usr/lib/python3/dist-packages/colcon_core/task/python/colcon_distutils_commands:/home/nits/master_controller/nits-yantrarnav/install/boundary_mapper/lib/python3.10/site-packages:${PYTHONPATH} /usr/bin/python3 -W ignore:setup.py install is deprecated -W ignore:easy_install command is deprecated setup.py develop --editable --build-directory /home/nits/master_controller/nits-yantrarnav/build/boundary_mapper/build --no-deps symlink_data
[4.335s] INFO:colcon.colcon_core.shell:Creating environment descriptor '/home/nits/master_controller/nits-yantrarnav/build/boundary_mapper/share/boundary_mapper/hook/pythonpath_develop.dsv'
[4.336s] INFO:colcon.colcon_core.shell:Creating environment hook '/home/nits/master_controller/nits-yantrarnav/build/boundary_mapper/share/boundary_mapper/hook/pythonpath_develop.sh'
[4.344s] Level 1:colcon.colcon_core.environment:checking '/home/nits/master_controller/nits-yantrarnav/install/boundary_mapper' for CMake module files
[4.346s] Level 1:colcon.colcon_core.environment:checking '/home/nits/master_controller/nits-yantrarnav/install/boundary_mapper' for CMake config files
[4.348s] Level 1:colcon.colcon_core.environment:checking '/home/nits/master_controller/nits-yantrarnav/install/boundary_mapper/lib'
[4.348s] Level 1:colcon.colcon_core.environment:checking '/home/nits/master_controller/nits-yantrarnav/install/boundary_mapper/bin'
[4.349s] Level 1:colcon.colcon_core.environment:checking '/home/nits/master_controller/nits-yantrarnav/install/boundary_mapper/lib/pkgconfig/boundary_mapper.pc'
[4.349s] Level 1:colcon.colcon_core.environment:checking '/home/nits/master_controller/nits-yantrarnav/install/boundary_mapper/lib/python3.10/site-packages'
[4.349s] Level 1:colcon.colcon_core.shell:create_environment_hook('boundary_mapper', 'pythonpath')
[4.350s] INFO:colcon.colcon_core.shell:Creating environment hook '/home/nits/master_controller/nits-yantrarnav/install/boundary_mapper/share/boundary_mapper/hook/pythonpath.ps1'
[4.352s] INFO:colcon.colcon_core.shell:Creating environment descriptor '/home/nits/master_controller/nits-yantrarnav/install/boundary_mapper/share/boundary_mapper/hook/pythonpath.dsv'
[4.353s] INFO:colcon.colcon_core.shell:Creating environment hook '/home/nits/master_controller/nits-yantrarnav/install/boundary_mapper/share/boundary_mapper/hook/pythonpath.sh'
[4.354s] Level 1:colcon.colcon_core.environment:checking '/home/nits/master_controller/nits-yantrarnav/install/boundary_mapper/bin'
[4.355s] Level 1:colcon.colcon_core.environment:create_environment_scripts_only(boundary_mapper)
[4.356s] INFO:colcon.colcon_core.shell:Creating package script '/home/nits/master_controller/nits-yantrarnav/install/boundary_mapper/share/boundary_mapper/package.ps1'
[4.358s] INFO:colcon.colcon_core.shell:Creating package descriptor '/home/nits/master_controller/nits-yantrarnav/install/boundary_mapper/share/boundary_mapper/package.dsv'
[4.360s] INFO:colcon.colcon_core.shell:Creating package script '/home/nits/master_controller/nits-yantrarnav/install/boundary_mapper/share/boundary_mapper/package.sh'
[4.362s] INFO:colcon.colcon_core.shell:Creating package script '/home/nits/master_controller/nits-yantrarnav/install/boundary_mapper/share/boundary_mapper/package.bash'
[4.364s] INFO:colcon.colcon_core.shell:Creating package script '/home/nits/master_controller/nits-yantrarnav/install/boundary_mapper/share/boundary_mapper/package.zsh'
[4.366s] Level 1:colcon.colcon_core.environment:create_file_with_runtime_dependencies(/home/nits/master_controller/nits-yantrarnav/install/boundary_mapper/share/colcon-core/packages/boundary_mapper)
[4.368s] INFO:colcon.colcon_ros.task.ament_cmake.build:Building ROS package in '/home/nits/master_controller/nits-yantrarnav/ros2_Ws/src/boundary_mapper_launcher' with build type 'ament_cmake'
[4.368s] INFO:colcon.colcon_cmake.task.cmake.build:Building CMake package in '/home/nits/master_controller/nits-yantrarnav/ros2_Ws/src/boundary_mapper_launcher'
[4.369s] INFO:colcon.colcon_core.shell:Skip shell extension 'powershell' for command environment: Not usable outside of PowerShell
[4.369s] DEBUG:colcon.colcon_core.shell:Skip shell extension 'dsv' for command environment
[4.414s] DEBUG:colcon.colcon_core.event_handler.log_command:Invoking command in '/home/nits/master_controller/nits-yantrarnav/build/boundary_mapper_launcher': AMENT_PREFIX_PATH=/home/nits/master_controller/nits-yantrarnav/install/boundary_mapper:${AMENT_PREFIX_PATH} CMAKE_PREFIX_PATH=${CMAKE_PREFIX_PATH}:/home/nits/ros2WsNew/ros2_ws/install/video_recorder_pkg:/home/nits/ros2WsNew/ros2_ws/install/static_transforms_pkg:/opt/ros/humble NX_CONNECTION=172.20.10.2 53034 172.20.10.8 4000 PYTHONPATH=/home/nits/master_controller/nits-yantrarnav/build/boundary_mapper:/home/nits/master_controller/nits-yantrarnav/install/boundary_mapper/lib/python3.10/site-packages:${PYTHONPATH} /usr/bin/cmake --build /home/nits/master_controller/nits-yantrarnav/build/boundary_mapper_launcher -- -j6 -l6
[4.518s] DEBUG:colcon.colcon_core.event_handler.log_command:Invoked command in '/home/nits/master_controller/nits-yantrarnav/build/boundary_mapper_launcher' returned '0': AMENT_PREFIX_PATH=/home/nits/master_controller/nits-yantrarnav/install/boundary_mapper:${AMENT_PREFIX_PATH} CMAKE_PREFIX_PATH=${CMAKE_PREFIX_PATH}:/home/nits/ros2WsNew/ros2_ws/install/video_recorder_pkg:/home/nits/ros2WsNew/ros2_ws/install/static_transforms_pkg:/opt/ros/humble NX_CONNECTION=172.20.10.2 53034 172.20.10.8 4000 PYTHONPATH=/home/nits/master_controller/nits-yantrarnav/build/boundary_mapper:/home/nits/master_controller/nits-yantrarnav/install/boundary_mapper/lib/python3.10/site-packages:${PYTHONPATH} /usr/bin/cmake --build /home/nits/master_controller/nits-yantrarnav/build/boundary_mapper_launcher -- -j6 -l6
[4.539s] DEBUG:colcon.colcon_core.event_handler.log_command:Invoking command in '/home/nits/master_controller/nits-yantrarnav/build/boundary_mapper_launcher': AMENT_PREFIX_PATH=/home/nits/master_controller/nits-yantrarnav/install/boundary_mapper:${AMENT_PREFIX_PATH} CMAKE_PREFIX_PATH=${CMAKE_PREFIX_PATH}:/home/nits/ros2WsNew/ros2_ws/install/video_recorder_pkg:/home/nits/ros2WsNew/ros2_ws/install/static_transforms_pkg:/opt/ros/humble NX_CONNECTION=172.20.10.2 53034 172.20.10.8 4000 PYTHONPATH=/home/nits/master_controller/nits-yantrarnav/build/boundary_mapper:/home/nits/master_controller/nits-yantrarnav/install/boundary_mapper/lib/python3.10/site-packages:${PYTHONPATH} /usr/bin/cmake --install /home/nits/master_controller/nits-yantrarnav/build/boundary_mapper_launcher
[4.587s] Level 1:colcon.colcon_core.environment:create_environment_scripts_only(boundary_mapper_launcher)
[4.588s] Level 1:colcon.colcon_core.environment:checking '/home/nits/master_controller/nits-yantrarnav/install/boundary_mapper_launcher' for CMake module files
[4.590s] Level 1:colcon.colcon_core.environment:checking '/home/nits/master_controller/nits-yantrarnav/install/boundary_mapper_launcher' for CMake config files
[4.591s] Level 1:colcon.colcon_core.shell:create_environment_hook('boundary_mapper_launcher', 'cmake_prefix_path')
[4.592s] INFO:colcon.colcon_core.shell:Creating environment hook '/home/nits/master_controller/nits-yantrarnav/install/boundary_mapper_launcher/share/boundary_mapper_launcher/hook/cmake_prefix_path.ps1'
[4.594s] INFO:colcon.colcon_core.shell:Creating environment descriptor '/home/nits/master_controller/nits-yantrarnav/install/boundary_mapper_launcher/share/boundary_mapper_launcher/hook/cmake_prefix_path.dsv'
[4.596s] INFO:colcon.colcon_core.shell:Creating environment hook '/home/nits/master_controller/nits-yantrarnav/install/boundary_mapper_launcher/share/boundary_mapper_launcher/hook/cmake_prefix_path.sh'
[4.598s] Level 1:colcon.colcon_core.environment:checking '/home/nits/master_controller/nits-yantrarnav/install/boundary_mapper_launcher/bin'
[4.598s] Level 1:colcon.colcon_core.environment:checking '/home/nits/master_controller/nits-yantrarnav/install/boundary_mapper_launcher/lib/pkgconfig/boundary_mapper_launcher.pc'
[4.599s] Level 1:colcon.colcon_core.environment:checking '/home/nits/master_controller/nits-yantrarnav/install/boundary_mapper_launcher/lib/python3.10/site-packages'
[4.600s] Level 1:colcon.colcon_core.environment:checking '/home/nits/master_controller/nits-yantrarnav/install/boundary_mapper_launcher/bin'
[4.600s] DEBUG:colcon.colcon_core.event_handler.log_command:Invoked command in '/home/nits/master_controller/nits-yantrarnav/build/boundary_mapper_launcher' returned '0': AMENT_PREFIX_PATH=/home/nits/master_controller/nits-yantrarnav/install/boundary_mapper:${AMENT_PREFIX_PATH} CMAKE_PREFIX_PATH=${CMAKE_PREFIX_PATH}:/home/nits/ros2WsNew/ros2_ws/install/video_recorder_pkg:/home/nits/ros2WsNew/ros2_ws/install/static_transforms_pkg:/opt/ros/humble NX_CONNECTION=172.20.10.2 53034 172.20.10.8 4000 PYTHONPATH=/home/nits/master_controller/nits-yantrarnav/build/boundary_mapper:/home/nits/master_controller/nits-yantrarnav/install/boundary_mapper/lib/python3.10/site-packages:${PYTHONPATH} /usr/bin/cmake --install /home/nits/master_controller/nits-yantrarnav/build/boundary_mapper_launcher
[4.601s] INFO:colcon.colcon_core.shell:Creating package script '/home/nits/master_controller/nits-yantrarnav/install/boundary_mapper_launcher/share/boundary_mapper_launcher/package.ps1'
[4.603s] INFO:colcon.colcon_core.shell:Creating package descriptor '/home/nits/master_controller/nits-yantrarnav/install/boundary_mapper_launcher/share/boundary_mapper_launcher/package.dsv'
[4.604s] INFO:colcon.colcon_core.shell:Creating package script '/home/nits/master_controller/nits-yantrarnav/install/boundary_mapper_launcher/share/boundary_mapper_launcher/package.sh'
[4.606s] INFO:colcon.colcon_core.shell:Creating package script '/home/nits/master_controller/nits-yantrarnav/install/boundary_mapper_launcher/share/boundary_mapper_launcher/package.bash'
[4.607s] INFO:colcon.colcon_core.shell:Creating package script '/home/nits/master_controller/nits-yantrarnav/install/boundary_mapper_launcher/share/boundary_mapper_launcher/package.zsh'
[4.608s] Level 1:colcon.colcon_core.environment:create_file_with_runtime_dependencies(/home/nits/master_controller/nits-yantrarnav/install/boundary_mapper_launcher/share/colcon-core/packages/boundary_mapper_launcher)
[4.609s] Level 1:colcon.colcon_core.environment:create_environment_scripts_only(boundary_mapper_launcher)
[4.610s] Level 1:colcon.colcon_core.environment:checking '/home/nits/master_controller/nits-yantrarnav/install/boundary_mapper_launcher' for CMake module files
[4.611s] Level 1:colcon.colcon_core.environment:checking '/home/nits/master_controller/nits-yantrarnav/install/boundary_mapper_launcher' for CMake config files
[4.612s] Level 1:colcon.colcon_core.shell:create_environment_hook('boundary_mapper_launcher', 'cmake_prefix_path')
[4.612s] INFO:colcon.colcon_core.shell:Creating environment hook '/home/nits/master_controller/nits-yantrarnav/install/boundary_mapper_launcher/share/boundary_mapper_launcher/hook/cmake_prefix_path.ps1'
[4.613s] INFO:colcon.colcon_core.shell:Creating environment descriptor '/home/nits/master_controller/nits-yantrarnav/install/boundary_mapper_launcher/share/boundary_mapper_launcher/hook/cmake_prefix_path.dsv'
[4.615s] INFO:colcon.colcon_core.shell:Creating environment hook '/home/nits/master_controller/nits-yantrarnav/install/boundary_mapper_launcher/share/boundary_mapper_launcher/hook/cmake_prefix_path.sh'
[4.619s] Level 1:colcon.colcon_core.environment:checking '/home/nits/master_controller/nits-yantrarnav/install/boundary_mapper_launcher/bin'
[4.619s] Level 1:colcon.colcon_core.environment:checking '/home/nits/master_controller/nits-yantrarnav/install/boundary_mapper_launcher/lib/pkgconfig/boundary_mapper_launcher.pc'
[4.620s] Level 1:colcon.colcon_core.environment:checking '/home/nits/master_controller/nits-yantrarnav/install/boundary_mapper_launcher/lib/python3.10/site-packages'
[4.621s] Level 1:colcon.colcon_core.environment:checking '/home/nits/master_controller/nits-yantrarnav/install/boundary_mapper_launcher/bin'
[4.621s] INFO:colcon.colcon_core.shell:Creating package script '/home/nits/master_controller/nits-yantrarnav/install/boundary_mapper_launcher/share/boundary_mapper_launcher/package.ps1'
[4.623s] INFO:colcon.colcon_core.shell:Creating package descriptor '/home/nits/master_controller/nits-yantrarnav/install/boundary_mapper_launcher/share/boundary_mapper_launcher/package.dsv'
[4.624s] INFO:colcon.colcon_core.shell:Creating package script '/home/nits/master_controller/nits-yantrarnav/install/boundary_mapper_launcher/share/boundary_mapper_launcher/package.sh'
[4.625s] INFO:colcon.colcon_core.shell:Creating package script '/home/nits/master_controller/nits-yantrarnav/install/boundary_mapper_launcher/share/boundary_mapper_launcher/package.bash'
[4.626s] INFO:colcon.colcon_core.shell:Creating package script '/home/nits/master_controller/nits-yantrarnav/install/boundary_mapper_launcher/share/boundary_mapper_launcher/package.zsh'
[4.628s] Level 1:colcon.colcon_core.environment:create_file_with_runtime_dependencies(/home/nits/master_controller/nits-yantrarnav/install/boundary_mapper_launcher/share/colcon-core/packages/boundary_mapper_launcher)
[4.629s] DEBUG:colcon.colcon_parallel_executor.executor.parallel:closing loop
[4.630s] DEBUG:colcon.colcon_parallel_executor.executor.parallel:loop closed
[4.630s] DEBUG:colcon.colcon_parallel_executor.executor.parallel:run_until_complete finished with '0'
[4.630s] DEBUG:colcon.colcon_core.event_reactor:joining thread
[4.643s] INFO:colcon.colcon_core.plugin_system:Skipping extension 'colcon_notification.desktop_notification.terminal_notifier': Not used on non-Darwin systems
[4.644s] INFO:colcon.colcon_core.plugin_system:Skipping extension 'colcon_notification.desktop_notification.win32': Not used on non-Windows systems
[4.644s] INFO:colcon.colcon_notification.desktop_notification:Sending desktop notification using 'notify2'
[4.721s] DEBUG:colcon.colcon_core.event_reactor:joined thread
[4.723s] INFO:colcon.colcon_core.shell:Creating prefix script '/home/nits/master_controller/nits-yantrarnav/install/local_setup.ps1'
[4.726s] INFO:colcon.colcon_core.shell:Creating prefix util module '/home/nits/master_controller/nits-yantrarnav/install/_local_setup_util_ps1.py'
[4.734s] INFO:colcon.colcon_core.shell:Creating prefix chain script '/home/nits/master_controller/nits-yantrarnav/install/setup.ps1'
[4.742s] INFO:colcon.colcon_core.shell:Creating prefix script '/home/nits/master_controller/nits-yantrarnav/install/local_setup.sh'
[4.745s] INFO:colcon.colcon_core.shell:Creating prefix util module '/home/nits/master_controller/nits-yantrarnav/install/_local_setup_util_sh.py'
[4.749s] INFO:colcon.colcon_core.shell:Creating prefix chain script '/home/nits/master_controller/nits-yantrarnav/install/setup.sh'
[4.756s] INFO:colcon.colcon_core.shell:Creating prefix script '/home/nits/master_controller/nits-yantrarnav/install/local_setup.bash'
[4.767s] INFO:colcon.colcon_core.shell:Creating prefix chain script '/home/nits/master_controller/nits-yantrarnav/install/setup.bash'
[4.773s] INFO:colcon.colcon_core.shell:Creating prefix script '/home/nits/master_controller/nits-yantrarnav/install/local_setup.zsh'
[4.775s] INFO:colcon.colcon_core.shell:Creating prefix chain script '/home/nits/master_controller/nits-yantrarnav/install/setup.zsh'
